SELECT
    Jugadores.id_jugador,
    Jugadores.nombre,
    Jugadores.apellido,
    Jugadores.pais,
    Jugadores.posicion,
    Jugadores.dorsal_equipo,
    Jugadores.dorsal_seleccion,
    Jugadores.valor_mercado,

    Datos.edad,
    Datos.altura,
    Datos.peso,
    Datos.pierna_habil,

    Estadisticas.goles,
    Estadisticas.asistencias,
    Estadisticas.titulos_equipo,
    Estadisticas.titulos_seleccion,
    Estadisticas.titulos_individuales,

    Equipos.nombre_equipo,

    Trayectoria.anio_ingreso,
    Trayectoria.anio_traspaso

FROM Jugadores
INNER JOIN Datos
    ON Jugadores.id_jugador = Datos.id_jugador
INNER JOIN Estadisticas
    ON Jugadores.id_jugador = Estadisticas.id_jugador
INNER JOIN Equipos
    ON Jugadores.id_equipo = Equipos.id_equipo
INNER JOIN Trayectoria
    ON Jugadores.id_jugador = Trayectoria.id_jugador
    AND Equipos.id_equipo = Trayectoria.id_equipo;
    
SELECT
    Equipos.id_equipo,
    Equipos.nombre_equipo,
    Equipos.ciudad,
    Equipos.estadio,
    Equipos.dt_actual,
    Equipos.presidente,
    Equipos.apodo,
    Equipos.anio_creacion,
    Equipos.titulos_nacionales,
    Equipos.titulos_internacionales,
    Equipos.cantidad_socios
FROM Equipos;

SELECT
    Equipos.id_equipo,
    Equipos.nombre_equipo,
    Equipos.ciudad,
    Equipos.estadio,
    Equipos.dt_actual,
    Equipos.presidente,
    Equipos.apodo,
    Equipos.anio_creacion,
    Equipos.titulos_nacionales,
    Equipos.titulos_internacionales,
    Equipos.cantidad_socios,
    COUNT(Jugadores.id_jugador) AS cantidad_jugadores
FROM Equipos
LEFT JOIN Jugadores
    ON Equipos.id_equipo = Jugadores.id_equipo
GROUP BY
    Equipos.id_equipo,
    Equipos.nombre_equipo,
    Equipos.ciudad,
    Equipos.estadio,
    Equipos.dt_actual,
    Equipos.presidente,
    Equipos.apodo,
    Equipos.anio_creacion,
    Equipos.titulos_nacionales,
    Equipos.titulos_internacionales,
    Equipos.cantidad_socios;
    
    SELECT
    Jugadores.id_jugador,
    Jugadores.nombre,
    Jugadores.apellido,
    GROUP_CONCAT(Equipos.nombre_equipo ORDER BY Trayectoria.anio_ingreso SEPARATOR ' - ') AS equipos,
    GROUP_CONCAT(Trayectoria.anio_ingreso ORDER BY Trayectoria.anio_ingreso SEPARATOR ' - ') AS años_ingreso,
    GROUP_CONCAT(Trayectoria.anio_traspaso ORDER BY Trayectoria.anio_ingreso SEPARATOR ' - ') AS años_traspaso
FROM Trayectoria
INNER JOIN Jugadores
    ON Trayectoria.id_jugador = Jugadores.id_jugador
INNER JOIN Equipos
    ON Trayectoria.id_equipo = Equipos.id_equipo
GROUP BY
    Jugadores.id_jugador,
    Jugadores.nombre,
    Jugadores.apellido;

-- ============================================================
-- SCRIPT MAESTRO OPTIMIZADO - BASE DE DATOS FUTBOL
-- MySQL / Workbench
-- Equipos: 192 | Jugadores: 1155
--
-- Posiciones numericas:
-- 1 Arquero | 2 Lateral derecho | 3 Lateral izquierdo
-- 4 Central derecho | 6 Central izquierdo | 5 MCD
-- 8 Volante mixto | 10 MCO | 7 Extremo derecho
-- 11 Extremo izquierdo | 9 Delantero centro
--
-- Si un jugador ocupa mas de una posicion, se guarda con guiones:
-- ejemplo: '9-11', '8-10', '5-8'.
--
-- Optimizacion:
-- - IDs explicitos para evitar cientos de asignaciones por fila.
-- - Un INSERT multi-row por tabla principal.
-- - Dataset ordenado de jugadores mas conocidos a menos conocidos,
--   con fuerte presencia de Argentina, Premier, LaLiga y Serie A.
-- ============================================================

SET FOREIGN_KEY_CHECKS = 0;
SET NAMES utf8mb4;

TRUNCATE TABLE Trayectoria;
TRUNCATE TABLE Estadisticas;
TRUNCATE TABLE Datos;
TRUNCATE TABLE Jugadores;
TRUNCATE TABLE Equipos;

SET FOREIGN_KEY_CHECKS = 1;

-- ============================================================
-- 1. EQUIPOS
-- ============================================================

INSERT INTO Equipos (id_equipo, anio_creacion, titulos_nacionales, titulos_internacionales, ciudad, presidente, dt_actual, apodo, cantidad_socios, estadio, nombre_equipo) VALUES
  (1, 2000, 0, 0, 'Buenos Aires', 'N/A', 'N/A', 'Agente Libre', 0, 'Sin estadio', 'Agente Libre FC'),
  (2, 1902, 36, 15, 'Madrid', 'Florentino Pérez', 'Xabi Alonso', 'Merengues', 93000, 'Santiago Bernabéu', 'Real Madrid CF'),
  (3, 1899, 28, 5, 'Barcelona', 'Joan Laporta', 'Hansi Flick', 'Barça', 144000, 'Spotify Camp Nou', 'FC Barcelona'),
  (4, 1903, 11, 3, 'Madrid', 'Enrique Cerezo', 'Diego Simeone', 'Colchoneros', 55000, 'Metropolitano', 'Atlético de Madrid'),
  (5, 1905, 1, 8, 'Sevilla', 'José María del Nido Carrasco', 'Matías Almeyda', 'Nervionenses', 45000, 'Ramón Sánchez-Pizjuán', 'Sevilla FC'),
  (6, 1919, 6, 3, 'Valencia', 'Layhoon Chan', 'Carlos Corberán', 'Che', 50000, 'Mestalla', 'Valencia CF'),
  (7, 1898, 8, 0, 'Bilbao', 'Jon Uriarte', 'Ernesto Valverde', 'Leones', 45000, 'San Mamés', 'Athletic Club'),
  (8, 1909, 2, 0, 'San Sebastián', 'Jokin Aperribay', 'Sergio Francisco', 'Txuri-urdin', 38000, 'Reale Arena', 'Real Sociedad'),
  (9, 1923, 0, 1, 'Villarreal', 'Fernando Roig', 'Marcelino', 'Submarino Amarillo', 25000, 'Estadio de la Cerámica', 'Villarreal CF'),
  (10, 1880, 10, 1, 'Manchester', 'Khaldoon Al Mubarak', 'Pep Guardiola', 'Citizens', 50000, 'Etihad Stadium', 'Manchester City'),
  (11, 1878, 20, 3, 'Manchester', 'Omar Berrada', 'Rúben Amorim', 'Red Devils', 200000, 'Old Trafford', 'Manchester United'),
  (12, 1892, 20, 6, 'Liverpool', 'Tom Werner', 'Arne Slot', 'Reds', 160000, 'Anfield', 'Liverpool FC'),
  (13, 1886, 13, 0, 'Londres', 'Stan Kroenke', 'Mikel Arteta', 'Gunners', 90000, 'Emirates Stadium', 'Arsenal FC'),
  (14, 1905, 6, 2, 'Londres', 'Todd Boehly', 'Enzo Maresca', 'Blues', 80000, 'Stamford Bridge', 'Chelsea FC'),
  (15, 1882, 2, 0, 'Londres', 'Daniel Levy', 'Thomas Frank', 'Spurs', 70000, 'Tottenham Hotspur Stadium', 'Tottenham Hotspur'),
  (16, 1892, 4, 0, 'Newcastle', 'Yasir Al-Rumayyan', 'Eddie Howe', 'Magpies', 52000, 'St. James'' Park', 'Newcastle United'),
  (17, 1874, 7, 1, 'Birmingham', 'Nassef Sawiris', 'Unai Emery', 'Villans', 45000, 'Villa Park', 'Aston Villa'),
  (18, 1901, 0, 0, 'Brighton', 'Tony Bloom', 'Fabian Hürzeler', 'Seagulls', 30000, 'Amex Stadium', 'Brighton & Hove Albion'),
  (19, 1908, 20, 3, 'Milán', 'Giuseppe Marotta', 'Cristian Chivu', 'Nerazzurri', 70000, 'San Siro', 'Inter de Milán'),
  (20, 1899, 19, 7, 'Milán', 'Paolo Scaroni', 'Massimiliano Allegri', 'Rossoneri', 100000, 'San Siro', 'AC Milan'),
  (21, 1897, 36, 2, 'Turín', 'Gianluca Ferrero', 'Igor Tudor', 'Bianconeri', 115000, 'Allianz Stadium', 'Juventus FC'),
  (22, 1926, 4, 0, 'Nápoles', 'Aurelio De Laurentiis', 'Antonio Conte', 'Partenopei', 60000, 'Diego Armando Maradona', 'SSC Napoli'),
  (23, 1927, 3, 0, 'Roma', 'Dan Friedkin', 'Gian Piero Gasperini', 'Giallorossi', 60000, 'Olímpico', 'AS Roma'),
  (24, 1900, 2, 0, 'Roma', 'Claudio Lotito', 'Maurizio Sarri', 'Biancocelesti', 40000, 'Olímpico', 'SS Lazio'),
  (25, 1907, 0, 1, 'Bérgamo', 'Antonio Percassi', 'Ivan Jurić', 'Dea', 25000, 'Gewiss Stadium', 'Atalanta BC'),
  (26, 1926, 2, 0, 'Florencia', 'Rocco Commisso', 'Stefano Pioli', 'Viola', 30000, 'Artemio Franchi', 'Fiorentina'),
  (27, 1900, 33, 6, 'Múnich', 'Herbert Hainer', 'Vincent Kompany', 'Bávaros', 305000, 'Allianz Arena', 'Bayern Múnich'),
  (28, 1909, 8, 1, 'Dortmund', 'Hans-Joachim Watzke', 'Niko Kovac', 'BVB', 155000, 'Signal Iduna Park', 'Borussia Dortmund'),
  (29, 1904, 1, 0, 'Leverkusen', 'Fernando Carro', 'Erik ten Hag', 'Werkself', 35000, 'BayArena', 'Bayer Leverkusen'),
  (30, 2009, 0, 0, 'Leipzig', 'Oliver Mintzlaff', 'Ole Werner', 'Die Roten Bullen', 15000, 'Red Bull Arena', 'RB Leipzig'),
  (31, 1899, 1, 2, 'Frankfurt', 'Axel Hellmann', 'Dino Toppmöller', 'Águilas', 120000, 'Deutsche Bank Park', 'Eintracht Frankfurt'),
  (32, 1970, 12, 1, 'París', 'Nasser Al-Khelaïfi', 'Luis Enrique', 'Parisinos', 60000, 'Parc des Princes', 'Paris Saint-Germain'),
  (33, 1899, 9, 1, 'Marsella', 'Pablo Longoria', 'Roberto De Zerbi', 'Phocéens', 30000, 'Vélodrome', 'Olympique de Marseille'),
  (34, 1924, 8, 0, 'Mónaco', 'Dmitri Rybolovlev', 'Adi Hütter', 'Rouge et Blanc', 9000, 'Louis II', 'AS Monaco'),
  (35, 1950, 7, 0, 'Lyon', 'John Textor', 'Paulo Fonseca', 'Les Gones', 20000, 'Groupama Stadium', 'Olympique Lyonnais'),
  (36, 1944, 4, 0, 'Lille', 'Olivier Létang', 'Bruno Genesio', 'Dogues', 25000, 'Pierre-Mauroy', 'LOSC Lille'),
  (37, 1904, 38, 2, 'Lisboa', 'Rui Costa', 'Bruno Lage', 'Águilas', 250000, 'Estádio da Luz', 'SL Benfica'),
  (38, 1893, 30, 2, 'Porto', 'André Villas-Boas', 'Martín Anselmi', 'Dragões', 160000, 'Estádio do Dragão', 'FC Porto'),
  (39, 1906, 20, 0, 'Lisboa', 'Frederico Varandas', 'Rui Borges', 'Leões', 160000, 'José Alvalade', 'Sporting CP'),
  (40, 1900, 36, 4, 'Ámsterdam', 'Menno Geelen', 'John Heitinga', 'Godenzonen', 100000, 'Johan Cruyff Arena', 'AFC Ajax'),
  (41, 1913, 25, 1, 'Eindhoven', 'Marcel Brands', 'Peter Bosz', 'Boeren', 35000, 'Philips Stadion', 'PSV Eindhoven'),
  (42, 1908, 16, 1, 'Rotterdam', 'Dennis te Kloese', 'Robin van Persie', 'De club aan de Maas', 50000, 'De Kuip', 'Feyenoord'),
  (43, 1905, 35, 18, 'Buenos Aires', 'Juan Román Riquelme', 'Miguel Ángel Russo', 'Xeneizes', 300000, 'La Bombonera', 'Boca Juniors'),
  (44, 1901, 38, 12, 'Buenos Aires', 'Jorge Brito', 'Marcelo Gallardo', 'Millonarios', 350000, 'Monumental', 'River Plate'),
  (45, 1903, 18, 4, 'Avellaneda', 'Diego Milito', 'Gustavo Costas', 'Academia', 90000, 'Presidente Perón', 'Racing Club'),
  (46, 1905, 16, 18, 'Avellaneda', 'Néstor Grindetti', 'Julio Vaccari', 'Rojo', 100000, 'Libertadores de América', 'Independiente'),
  (47, 1908, 15, 3, 'Buenos Aires', 'Marcelo Moretti', 'Damián Ayude', 'Cuervos', 85000, 'Nuevo Gasómetro', 'San Lorenzo'),
  (48, 1905, 6, 6, 'La Plata', 'Juan Sebastián Verón', 'Eduardo Domínguez', 'Pincha', 55000, 'UNO', 'Estudiantes de La Plata'),
  (49, 1910, 11, 5, 'Buenos Aires', 'Fabián Berlanga', 'Guillermo Barros Schelotto', 'Fortín', 50000, 'José Amalfitani', 'Vélez Sarsfield'),
  (50, 1889, 4, 1, 'Rosario', 'Gonzalo Belloso', 'Ariel Holan', 'Canallas', 75000, 'Gigante de Arroyito', 'Rosario Central'),
  (51, 1895, 8, 4, 'Río de Janeiro', 'Luiz Eduardo Baptista', 'Filipe Luís', 'Mengão', 100000, 'Maracanã', 'Flamengo'),
  (52, 1914, 12, 3, 'São Paulo', 'Leila Pereira', 'Abel Ferreira', 'Verdão', 180000, 'Allianz Parque', 'Palmeiras'),
  (53, 1930, 6, 3, 'São Paulo', 'Julio Casares', 'Luis Zubeldía', 'Tricolor', 150000, 'Morumbi', 'São Paulo FC'),
  (54, 1910, 7, 2, 'São Paulo', 'Augusto Melo', 'Dorival Júnior', 'Timão', 95000, 'Neo Química Arena', 'Corinthians'),
  (55, 1902, 4, 1, 'Río de Janeiro', 'Mário Bittencourt', 'Renato Gaúcho', 'Flu', 70000, 'Maracanã', 'Fluminense'),
  (56, 1912, 8, 3, 'Santos', 'Marcelo Teixeira', 'Cléber Xavier', 'Peixe', 50000, 'Vila Belmiro', 'Santos FC'),
  (57, 2018, 1, 0, 'Miami', 'Jorge Mas', 'Javier Mascherano', 'Herons', 20000, 'Chase Stadium', 'Inter Miami CF'),
  (58, 2014, 1, 0, 'Los Ángeles', 'Bennett Rosenthal', 'Steve Cherundolo', 'LAFC', 30000, 'BMO Stadium', 'Los Angeles FC'),
  (59, 1916, 15, 8, 'Ciudad de México', 'Emilio Azcárraga', 'André Jardine', 'Águilas', 100000, 'Azteca', 'Club América'),
  (60, 1906, 12, 2, 'Guadalajara', 'Amaury Vergara', 'Gabriel Milito', 'Rebaño', 150000, 'Akron', 'Chivas Guadalajara'),
  (61, 1955, 9, 0, 'Riad', 'Musalli Al-Muammar', 'Jorge Jesus', 'Al-Nassr', 30000, 'Al-Awwal Park', 'Al-Nassr FC'),
  (62, 1957, 19, 4, 'Riad', 'Fahad bin Nafel', 'Simone Inzaghi', 'Al-Hilal', 50000, 'Kingdom Arena', 'Al-Hilal SFC'),
  (63, 1905, 24, 1, 'Estambul', 'Dursun Özbek', 'Okan Buruk', 'Cimbom', 250000, 'Rams Park', 'Galatasaray SK'),
  (64, 1907, 19, 0, 'Estambul', 'Ali Koç', 'José Mourinho', 'Sarı Kanarya', 250000, 'Şükrü Saracoğlu', 'Fenerbahçe SK'),
  (65, 1892, 3, 1, 'Sevilla', 'Presidente Real Betis', 'DT Real Betis', 'Real', 15900, 'Estadio Real Betis', 'Real Betis'),
  (66, 1899, 6, 2, 'Vigo', 'Presidente Celta de Vigo', 'DT Celta de Vigo', 'Celta', 16800, 'Estadio Celta de Vigo', 'Celta de Vigo'),
  (67, 1906, 9, 3, 'Getafe', 'Presidente Getafe CF', 'DT Getafe CF', 'Getafe', 17700, 'Estadio Getafe CF', 'Getafe CF'),
  (68, 1913, 12, 4, 'Madrid', 'Presidente Rayo Vallecano', 'DT Rayo Vallecano', 'Rayo', 18600, 'Estadio Rayo Vallecano', 'Rayo Vallecano'),
  (69, 1920, 15, 5, 'Pamplona', 'Presidente CA Osasuna', 'DT CA Osasuna', 'CA', 19500, 'Estadio CA Osasuna', 'CA Osasuna'),
  (70, 1927, 18, 6, 'Palma', 'Presidente RCD Mallorca', 'DT RCD Mallorca', 'RCD', 20400, 'Estadio RCD Mallorca', 'RCD Mallorca'),
  (71, 1934, 21, 0, 'Girona', 'Presidente Girona FC', 'DT Girona FC', 'Girona', 21300, 'Estadio Girona FC', 'Girona FC'),
  (72, 1941, 0, 1, 'Barcelona', 'Presidente RCD Espanyol', 'DT RCD Espanyol', 'RCD', 22200, 'Estadio RCD Espanyol', 'RCD Espanyol'),
  (73, 1948, 3, 2, 'Valencia', 'Presidente Levante UD', 'DT Levante UD', 'Levante', 23100, 'Estadio Levante UD', 'Levante UD'),
  (74, 1955, 6, 3, 'A Coruña', 'Presidente Deportivo La Coruña', 'DT Deportivo La Coruña', 'Deportivo', 24000, 'Estadio Deportivo La Coruña', 'Deportivo La Coruña'),
  (75, 1962, 9, 4, 'Leeds', 'Presidente Leeds United', 'DT Leeds United', 'Leeds', 24900, 'Estadio Leeds United', 'Leeds United'),
  (76, 1969, 12, 5, 'Liverpool', 'Presidente Everton FC', 'DT Everton FC', 'Everton', 25800, 'Estadio Everton FC', 'Everton FC'),
  (77, 1976, 15, 6, 'Londres', 'Presidente West Ham United', 'DT West Ham United', 'West', 26700, 'Estadio West Ham United', 'West Ham United'),
  (78, 1983, 18, 0, 'Londres', 'Presidente Crystal Palace', 'DT Crystal Palace', 'Crystal', 27600, 'Estadio Crystal Palace', 'Crystal Palace'),
  (79, 1990, 21, 1, 'Londres', 'Presidente Fulham FC', 'DT Fulham FC', 'Fulham', 28500, 'Estadio Fulham FC', 'Fulham FC'),
  (80, 1997, 0, 2, 'Londres', 'Presidente Brentford FC', 'DT Brentford FC', 'Brentford', 29400, 'Estadio Brentford FC', 'Brentford FC'),
  (81, 2004, 3, 3, 'Nottingham', 'Presidente Nottingham Forest', 'DT Nottingham Forest', 'Nottingham', 30300, 'Estadio Nottingham Forest', 'Nottingham Forest'),
  (82, 1891, 6, 4, 'Wolverhampton', 'Presidente Wolverhampton Wanderers', 'DT Wolverhampton Wanderers', 'Wolverhampton', 31200, 'Estadio Wolverhampton Wanderers', 'Wolverhampton Wanderers'),
  (83, 1898, 9, 5, 'Bournemouth', 'Presidente Bournemouth', 'DT Bournemouth', 'Bournemouth', 32100, 'Estadio Bournemouth', 'Bournemouth'),
  (84, 1905, 12, 6, 'Leicester', 'Presidente Leicester City', 'DT Leicester City', 'Leicester', 33000, 'Estadio Leicester City', 'Leicester City'),
  (85, 1912, 15, 0, 'Sunderland', 'Presidente Sunderland AFC', 'DT Sunderland AFC', 'Sunderland', 33900, 'Estadio Sunderland AFC', 'Sunderland AFC'),
  (86, 1919, 18, 1, 'Southampton', 'Presidente Southampton FC', 'DT Southampton FC', 'Southampton', 34800, 'Estadio Southampton FC', 'Southampton FC'),
  (87, 1926, 21, 2, 'Turín', 'Presidente Torino FC', 'DT Torino FC', 'Torino', 35700, 'Estadio Torino FC', 'Torino FC'),
  (88, 1933, 0, 3, 'Bolonia', 'Presidente Bologna FC', 'DT Bologna FC', 'Bologna', 36600, 'Estadio Bologna FC', 'Bologna FC'),
  (89, 1940, 3, 4, 'Génova', 'Presidente Genoa CFC', 'DT Genoa CFC', 'Genoa', 37500, 'Estadio Genoa CFC', 'Genoa CFC'),
  (90, 1947, 6, 5, 'Parma', 'Presidente Parma Calcio', 'DT Parma Calcio', 'Parma', 38400, 'Estadio Parma Calcio', 'Parma Calcio'),
  (91, 1954, 9, 6, 'Údine', 'Presidente Udinese Calcio', 'DT Udinese Calcio', 'Udinese', 39300, 'Estadio Udinese Calcio', 'Udinese Calcio'),
  (92, 1961, 12, 0, 'Sassuolo', 'Presidente Sassuolo', 'DT Sassuolo', 'Sassuolo', 40200, 'Estadio Sassuolo', 'Sassuolo'),
  (93, 1968, 15, 1, 'Cagliari', 'Presidente Cagliari Calcio', 'DT Cagliari Calcio', 'Cagliari', 41100, 'Estadio Cagliari Calcio', 'Cagliari Calcio'),
  (94, 1975, 18, 2, 'Verona', 'Presidente Hellas Verona', 'DT Hellas Verona', 'Hellas', 42000, 'Estadio Hellas Verona', 'Hellas Verona'),
  (95, 1982, 21, 3, 'Empoli', 'Presidente Empoli FC', 'DT Empoli FC', 'Empoli', 42900, 'Estadio Empoli FC', 'Empoli FC'),
  (96, 1989, 0, 4, 'Como', 'Presidente Como 1907', 'DT Como 1907', 'Como', 43800, 'Estadio Como 1907', 'Como 1907'),
  (97, 1996, 3, 5, 'Hamburgo', 'Presidente Hamburger SV', 'DT Hamburger SV', 'Hamburger', 44700, 'Estadio Hamburger SV', 'Hamburger SV'),
  (98, 2003, 6, 6, 'Stuttgart', 'Presidente VfB Stuttgart', 'DT VfB Stuttgart', 'VfB', 45600, 'Estadio VfB Stuttgart', 'VfB Stuttgart'),
  (99, 1890, 9, 0, 'Bremen', 'Presidente Werder Bremen', 'DT Werder Bremen', 'Werder', 46500, 'Estadio Werder Bremen', 'Werder Bremen'),
  (100, 1897, 12, 1, 'Mönchengladbach', 'Presidente Borussia Mönchengladbach', 'DT Borussia Mönchengladbach', 'Borussia', 47400, 'Estadio Borussia Mönchengladbach', 'Borussia Mönchengladbach'),
  (101, 1904, 15, 2, 'Wolfsburgo', 'Presidente VfL Wolfsburg', 'DT VfL Wolfsburg', 'VfL', 48300, 'Estadio VfL Wolfsburg', 'VfL Wolfsburg'),
  (102, 1911, 18, 3, 'Sinsheim', 'Presidente TSG Hoffenheim', 'DT TSG Hoffenheim', 'TSG', 49200, 'Estadio TSG Hoffenheim', 'TSG Hoffenheim'),
  (103, 1918, 21, 4, 'Friburgo', 'Presidente SC Freiburg', 'DT SC Freiburg', 'SC', 50100, 'Estadio SC Freiburg', 'SC Freiburg'),
  (104, 1925, 0, 5, 'Maguncia', 'Presidente Mainz 05', 'DT Mainz 05', 'Mainz', 51000, 'Estadio Mainz 05', 'Mainz 05'),
  (105, 1932, 3, 6, 'Berlín', 'Presidente Union Berlin', 'DT Union Berlin', 'Union', 51900, 'Estadio Union Berlin', 'Union Berlin'),
  (106, 1939, 6, 0, 'Colonia', 'Presidente FC Köln', 'DT FC Köln', 'FC', 52800, 'Estadio FC Köln', 'FC Köln'),
  (107, 1946, 9, 1, 'Gelsenkirchen', 'Presidente FC Schalke 04', 'DT FC Schalke 04', 'FC', 53700, 'Estadio FC Schalke 04', 'FC Schalke 04'),
  (108, 1953, 12, 2, 'Lens', 'Presidente RC Lens', 'DT RC Lens', 'RC', 54600, 'Estadio RC Lens', 'RC Lens'),
  (109, 1960, 15, 3, 'Rennes', 'Presidente Stade Rennais', 'DT Stade Rennais', 'Stade', 55500, 'Estadio Stade Rennais', 'Stade Rennais'),
  (110, 1967, 18, 4, 'Niza', 'Presidente OGC Nice', 'DT OGC Nice', 'OGC', 56400, 'Estadio OGC Nice', 'OGC Nice'),
  (111, 1974, 21, 5, 'Nantes', 'Presidente FC Nantes', 'DT FC Nantes', 'FC', 57300, 'Estadio FC Nantes', 'FC Nantes'),
  (112, 1981, 0, 6, 'Montpellier', 'Presidente Montpellier HSC', 'DT Montpellier HSC', 'Montpellier', 58200, 'Estadio Montpellier HSC', 'Montpellier HSC'),
  (113, 1988, 3, 0, 'Toulouse', 'Presidente Toulouse FC', 'DT Toulouse FC', 'Toulouse', 59100, 'Estadio Toulouse FC', 'Toulouse FC'),
  (114, 1995, 6, 1, 'Brest', 'Presidente Stade Brestois', 'DT Stade Brestois', 'Stade', 60000, 'Estadio Stade Brestois', 'Stade Brestois'),
  (115, 2002, 9, 2, 'Estrasburgo', 'Presidente RC Strasbourg', 'DT RC Strasbourg', 'RC', 60900, 'Estadio RC Strasbourg', 'RC Strasbourg'),
  (116, 1889, 12, 3, 'Auxerre', 'Presidente AJ Auxerre', 'DT AJ Auxerre', 'AJ', 61800, 'Estadio AJ Auxerre', 'AJ Auxerre'),
  (117, 1896, 15, 4, 'Saint-Étienne', 'Presidente Saint-Étienne', 'DT Saint-Étienne', 'Saint-Étienne', 62700, 'Estadio Saint-Étienne', 'Saint-Étienne'),
  (118, 1903, 18, 5, 'Braga', 'Presidente SC Braga', 'DT SC Braga', 'SC', 63600, 'Estadio SC Braga', 'SC Braga'),
  (119, 1910, 21, 6, 'Guimarães', 'Presidente Vitória SC', 'DT Vitória SC', 'Vitória', 64500, 'Estadio Vitória SC', 'Vitória SC'),
  (120, 1917, 0, 0, 'Porto', 'Presidente Boavista FC', 'DT Boavista FC', 'Boavista', 65400, 'Estadio Boavista FC', 'Boavista FC'),
  (121, 1924, 3, 1, 'Vila do Conde', 'Presidente Rio Ave FC', 'DT Rio Ave FC', 'Rio', 66300, 'Estadio Rio Ave FC', 'Rio Ave FC'),
  (122, 1931, 6, 2, 'Alkmaar', 'Presidente AZ Alkmaar', 'DT AZ Alkmaar', 'AZ', 67200, 'Estadio AZ Alkmaar', 'AZ Alkmaar'),
  (123, 1938, 9, 3, 'Utrecht', 'Presidente FC Utrecht', 'DT FC Utrecht', 'FC', 68100, 'Estadio FC Utrecht', 'FC Utrecht'),
  (124, 1945, 12, 4, 'Enschede', 'Presidente FC Twente', 'DT FC Twente', 'FC', 69000, 'Estadio FC Twente', 'FC Twente'),
  (125, 1952, 15, 5, 'Heerenveen', 'Presidente SC Heerenveen', 'DT SC Heerenveen', 'SC', 69900, 'Estadio SC Heerenveen', 'SC Heerenveen'),
  (126, 1959, 18, 6, 'Bruselas', 'Presidente Anderlecht', 'DT Anderlecht', 'Anderlecht', 70800, 'Estadio Anderlecht', 'Anderlecht'),
  (127, 1966, 21, 0, 'Brujas', 'Presidente Club Brugge', 'DT Club Brugge', 'Club', 71700, 'Estadio Club Brugge', 'Club Brugge'),
  (128, 1973, 0, 1, 'Genk', 'Presidente Genk', 'DT Genk', 'Genk', 72600, 'Estadio Genk', 'Genk'),
  (129, 1980, 3, 2, 'Lieja', 'Presidente Standard Liège', 'DT Standard Liège', 'Standard', 73500, 'Estadio Standard Liège', 'Standard Liège'),
  (130, 1987, 6, 3, 'Glasgow', 'Presidente Celtic FC', 'DT Celtic FC', 'Celtic', 74400, 'Estadio Celtic FC', 'Celtic FC'),
  (131, 1994, 9, 4, 'Glasgow', 'Presidente Rangers FC', 'DT Rangers FC', 'Rangers', 75300, 'Estadio Rangers FC', 'Rangers FC'),
  (132, 2001, 12, 5, 'Basilea', 'Presidente FC Basel', 'DT FC Basel', 'FC', 76200, 'Estadio FC Basel', 'FC Basel'),
  (133, 1888, 15, 6, 'Berna', 'Presidente Young Boys', 'DT Young Boys', 'Young', 77100, 'Estadio Young Boys', 'Young Boys'),
  (134, 1895, 18, 0, 'Salzburgo', 'Presidente Red Bull Salzburg', 'DT Red Bull Salzburg', 'Red', 78000, 'Estadio Red Bull Salzburg', 'Red Bull Salzburg'),
  (135, 1902, 21, 1, 'Viena', 'Presidente Rapid Wien', 'DT Rapid Wien', 'Rapid', 78900, 'Estadio Rapid Wien', 'Rapid Wien'),
  (136, 1909, 0, 2, 'Donetsk', 'Presidente Shakhtar Donetsk', 'DT Shakhtar Donetsk', 'Shakhtar', 79800, 'Estadio Shakhtar Donetsk', 'Shakhtar Donetsk'),
  (137, 1916, 3, 3, 'Kiev', 'Presidente Dynamo Kyiv', 'DT Dynamo Kyiv', 'Dynamo', 80700, 'Estadio Dynamo Kyiv', 'Dynamo Kyiv'),
  (138, 1923, 6, 4, 'El Pireo', 'Presidente Olympiacos', 'DT Olympiacos', 'Olympiacos', 81600, 'Estadio Olympiacos', 'Olympiacos'),
  (139, 1930, 9, 5, 'Atenas', 'Presidente Panathinaikos', 'DT Panathinaikos', 'Panathinaikos', 82500, 'Estadio Panathinaikos', 'Panathinaikos'),
  (140, 1937, 12, 6, 'Salónica', 'Presidente PAOK', 'DT PAOK', 'PAOK', 83400, 'Estadio PAOK', 'PAOK'),
  (141, 1944, 15, 0, 'Estambul', 'Presidente Besiktas JK', 'DT Besiktas JK', 'Besiktas', 84300, 'Estadio Besiktas JK', 'Besiktas JK'),
  (142, 1951, 18, 1, 'Trabzon', 'Presidente Trabzonspor', 'DT Trabzonspor', 'Trabzonspor', 85200, 'Estadio Trabzonspor', 'Trabzonspor'),
  (143, 1958, 21, 2, 'Copenhague', 'Presidente FC Copenhagen', 'DT FC Copenhagen', 'FC', 86100, 'Estadio FC Copenhagen', 'FC Copenhagen'),
  (144, 1965, 0, 3, 'Malmö', 'Presidente Malmö FF', 'DT Malmö FF', 'Malmö', 87000, 'Estadio Malmö FF', 'Malmö FF'),
  (145, 1972, 3, 4, 'Trondheim', 'Presidente Rosenborg BK', 'DT Rosenborg BK', 'Rosenborg', 87900, 'Estadio Rosenborg BK', 'Rosenborg BK'),
  (146, 1979, 6, 5, 'Varsovia', 'Presidente Legia Warszawa', 'DT Legia Warszawa', 'Legia', 88800, 'Estadio Legia Warszawa', 'Legia Warszawa'),
  (147, 1986, 9, 6, 'Praga', 'Presidente Sparta Praha', 'DT Sparta Praha', 'Sparta', 89700, 'Estadio Sparta Praha', 'Sparta Praha'),
  (148, 1993, 12, 0, 'Zagreb', 'Presidente Dinamo Zagreb', 'DT Dinamo Zagreb', 'Dinamo', 90600, 'Estadio Dinamo Zagreb', 'Dinamo Zagreb'),
  (149, 2000, 15, 1, 'Belgrado', 'Presidente Red Star Belgrade', 'DT Red Star Belgrade', 'Red', 91500, 'Estadio Red Star Belgrade', 'Red Star Belgrade'),
  (150, 1887, 18, 2, 'Belgrado', 'Presidente Partizan Belgrade', 'DT Partizan Belgrade', 'Partizan', 92400, 'Estadio Partizan Belgrade', 'Partizan Belgrade'),
  (151, 1894, 21, 3, 'Estambul', 'Presidente Basaksehir', 'DT Basaksehir', 'Basaksehir', 93300, 'Estadio Basaksehir', 'Basaksehir'),
  (152, 1901, 0, 4, 'Ciudad de México', 'Presidente Pumas UNAM', 'DT Pumas UNAM', 'Pumas', 94200, 'Estadio Pumas UNAM', 'Pumas UNAM'),
  (153, 1908, 3, 5, 'Ciudad de México', 'Presidente Cruz Azul', 'DT Cruz Azul', 'Cruz', 95100, 'Estadio Cruz Azul', 'Cruz Azul'),
  (154, 1915, 6, 6, 'Monterrey', 'Presidente Tigres UANL', 'DT Tigres UANL', 'Tigres', 96000, 'Estadio Tigres UANL', 'Tigres UANL'),
  (155, 1922, 9, 0, 'Monterrey', 'Presidente CF Monterrey', 'DT CF Monterrey', 'CF', 96900, 'Estadio CF Monterrey', 'CF Monterrey'),
  (156, 1929, 12, 1, 'Torreón', 'Presidente Santos Laguna', 'DT Santos Laguna', 'Santos', 97800, 'Estadio Santos Laguna', 'Santos Laguna'),
  (157, 1936, 15, 2, 'Toluca', 'Presidente Toluca FC', 'DT Toluca FC', 'Toluca', 98700, 'Estadio Toluca FC', 'Toluca FC'),
  (158, 1943, 18, 3, 'Nueva York', 'Presidente New York City FC', 'DT New York City FC', 'New', 99600, 'Estadio New York City FC', 'New York City FC'),
  (159, 1950, 21, 4, 'Nueva Jersey', 'Presidente New York Red Bulls', 'DT New York Red Bulls', 'New', 100500, 'Estadio New York Red Bulls', 'New York Red Bulls'),
  (160, 1957, 0, 5, 'Atlanta', 'Presidente Atlanta United', 'DT Atlanta United', 'Atlanta', 101400, 'Estadio Atlanta United', 'Atlanta United'),
  (161, 1964, 3, 6, 'Seattle', 'Presidente Seattle Sounders', 'DT Seattle Sounders', 'Seattle', 102300, 'Estadio Seattle Sounders', 'Seattle Sounders'),
  (162, 1971, 6, 0, 'Los Ángeles', 'Presidente LA Galaxy', 'DT LA Galaxy', 'LA', 103200, 'Estadio LA Galaxy', 'LA Galaxy'),
  (163, 1978, 9, 1, 'Orlando', 'Presidente Orlando City', 'DT Orlando City', 'Orlando', 104100, 'Estadio Orlando City', 'Orlando City'),
  (164, 1985, 12, 2, 'Nashville', 'Presidente Nashville SC', 'DT Nashville SC', 'Nashville', 105000, 'Estadio Nashville SC', 'Nashville SC'),
  (165, 1992, 15, 3, 'Columbus', 'Presidente Columbus Crew', 'DT Columbus Crew', 'Columbus', 105900, 'Estadio Columbus Crew', 'Columbus Crew'),
  (166, 1999, 18, 4, 'Montevideo', 'Presidente Peñarol', 'DT Peñarol', 'Peñarol', 106800, 'Estadio Peñarol', 'Peñarol'),
  (167, 1886, 21, 5, 'Montevideo', 'Presidente Nacional', 'DT Nacional', 'Nacional', 107700, 'Estadio Nacional', 'Nacional'),
  (168, 1893, 0, 6, 'Montevideo', 'Presidente Defensor Sporting', 'DT Defensor Sporting', 'Defensor', 108600, 'Estadio Defensor Sporting', 'Defensor Sporting'),
  (169, 1900, 3, 0, 'Santiago', 'Presidente Colo-Colo', 'DT Colo-Colo', 'Colo-Colo', 109500, 'Estadio Colo-Colo', 'Colo-Colo'),
  (170, 1907, 6, 1, 'Santiago', 'Presidente Universidad de Chile', 'DT Universidad de Chile', 'Universidad', 110400, 'Estadio Universidad de Chile', 'Universidad de Chile'),
  (171, 1914, 9, 2, 'Santiago', 'Presidente Universidad Católica', 'DT Universidad Católica', 'Universidad', 111300, 'Estadio Universidad Católica', 'Universidad Católica'),
  (172, 1921, 12, 3, 'Medellín', 'Presidente Atlético Nacional', 'DT Atlético Nacional', 'Atlético', 112200, 'Estadio Atlético Nacional', 'Atlético Nacional'),
  (173, 1928, 15, 4, 'Bogotá', 'Presidente Millonarios FC', 'DT Millonarios FC', 'Millonarios', 113100, 'Estadio Millonarios FC', 'Millonarios FC'),
  (174, 1935, 18, 5, 'Cali', 'Presidente América de Cali', 'DT América de Cali', 'América', 114000, 'Estadio América de Cali', 'América de Cali'),
  (175, 1942, 21, 6, 'Cali', 'Presidente Deportivo Cali', 'DT Deportivo Cali', 'Deportivo', 114900, 'Estadio Deportivo Cali', 'Deportivo Cali'),
  (176, 1949, 0, 0, 'Barranquilla', 'Presidente Junior de Barranquilla', 'DT Junior de Barranquilla', 'Junior', 115800, 'Estadio Junior de Barranquilla', 'Junior de Barranquilla'),
  (177, 1956, 3, 1, 'Quito', 'Presidente Liga de Quito', 'DT Liga de Quito', 'Liga', 116700, 'Estadio Liga de Quito', 'Liga de Quito'),
  (178, 1963, 6, 2, 'Guayaquil', 'Presidente Barcelona SC', 'DT Barcelona SC', 'Barcelona', 117600, 'Estadio Barcelona SC', 'Barcelona SC'),
  (179, 1970, 9, 3, 'Guayaquil', 'Presidente Emelec', 'DT Emelec', 'Emelec', 118500, 'Estadio Emelec', 'Emelec'),
  (180, 1977, 12, 4, 'Lima', 'Presidente Alianza Lima', 'DT Alianza Lima', 'Alianza', 119400, 'Estadio Alianza Lima', 'Alianza Lima'),
  (181, 1984, 15, 5, 'Lima', 'Presidente Universitario', 'DT Universitario', 'Universitario', 120300, 'Estadio Universitario', 'Universitario'),
  (182, 1991, 18, 6, 'Lima', 'Presidente Sporting Cristal', 'DT Sporting Cristal', 'Sporting', 121200, 'Estadio Sporting Cristal', 'Sporting Cristal'),
  (183, 1998, 21, 0, 'Asunción', 'Presidente Olimpia', 'DT Olimpia', 'Olimpia', 122100, 'Estadio Olimpia', 'Olimpia'),
  (184, 1885, 0, 1, 'Asunción', 'Presidente Cerro Porteño', 'DT Cerro Porteño', 'Cerro', 123000, 'Estadio Cerro Porteño', 'Cerro Porteño'),
  (185, 1892, 3, 2, 'Asunción', 'Presidente Libertad', 'DT Libertad', 'Libertad', 123900, 'Estadio Libertad', 'Libertad'),
  (186, 1899, 6, 3, 'La Paz', 'Presidente The Strongest', 'DT The Strongest', 'The', 124800, 'Estadio The Strongest', 'The Strongest'),
  (187, 1906, 9, 4, 'La Paz', 'Presidente Bolívar', 'DT Bolívar', 'Bolívar', 125700, 'Estadio Bolívar', 'Bolívar'),
  (188, 1913, 12, 5, 'Río de Janeiro', 'Presidente Botafogo', 'DT Botafogo', 'Botafogo', 126600, 'Estadio Botafogo', 'Botafogo'),
  (189, 1920, 15, 6, 'Río de Janeiro', 'Presidente Vasco da Gama', 'DT Vasco da Gama', 'Vasco', 127500, 'Estadio Vasco da Gama', 'Vasco da Gama'),
  (190, 1927, 18, 0, 'Porto Alegre', 'Presidente Grêmio', 'DT Grêmio', 'Grêmio', 128400, 'Estadio Grêmio', 'Grêmio'),
  (191, 1934, 21, 1, 'Porto Alegre', 'Presidente Internacional', 'DT Internacional', 'Internacional', 129300, 'Estadio Internacional', 'Internacional'),
  (192, 1941, 0, 2, 'Belo Horizonte', 'Presidente Atlético Mineiro', 'DT Atlético Mineiro', 'Atlético', 130200, 'Estadio Atlético Mineiro', 'Atlético Mineiro');

-- ============================================================
-- 2. JUGADORES
-- ============================================================

INSERT INTO Jugadores (id_jugador, pais, posicion, dorsal_equipo, dorsal_seleccion, valor_mercado, nombre, apellido, id_equipo) VALUES
  (1, 'Argentina', '10-7', 10, 10, 20000000, 'Lionel', 'Messi', 57),
  (2, 'Portugal', '9-11', 7, 7, 15000000, 'Cristiano', 'Ronaldo', 61),
  (3, 'Francia', '9-11', 10, 10, 180000000, 'Kylian', 'Mbappé', 2),
  (4, 'Noruega', '9', 9, 9, 180000000, 'Erling', 'Haaland', 10),
  (5, 'Brasil', '11', 7, 7, 170000000, 'Vinícius', 'Júnior', 2),
  (6, 'Inglaterra', '8-10', 5, 10, 180000000, 'Jude', 'Bellingham', 2),
  (7, 'España', '7', 19, 19, 180000000, 'Lamine', 'Yamal', 3),
  (8, 'España', '5', 16, 16, 130000000, 'Rodri', 'Hernández', 10),
  (9, 'Egipto', '7', 11, 10, 55000000, 'Mohamed', 'Salah', 12),
  (10, 'Inglaterra', '9', 9, 9, 90000000, 'Harry', 'Kane', 27),
  (11, 'Polonia', '9', 9, 9, 15000000, 'Robert', 'Lewandowski', 3),
  (12, 'Bélgica', '8-10', 17, 7, 35000000, 'Kevin', 'De Bruyne', 10),
  (13, 'Alemania', '10-11', 10, 10, 140000000, 'Florian', 'Wirtz', 29),
  (14, 'Alemania', '10-11', 42, 10, 120000000, 'Jamal', 'Musiala', 27),
  (15, 'España', '8-10', 8, 20, 100000000, 'Pedri', 'González', 3),
  (16, 'Inglaterra', '7', 7, 7, 140000000, 'Bukayo', 'Saka', 13),
  (17, 'Inglaterra', '10-7', 47, 11, 120000000, 'Phil', 'Foden', 10),
  (18, 'Portugal', '11-9', 10, 17, 90000000, 'Rafael', 'Leão', 20),
  (19, 'Argentina', '9', 10, 22, 100000000, 'Lautaro', 'Martínez', 19),
  (20, 'Uruguay', '8-7', 8, 15, 120000000, 'Federico', 'Valverde', 2),
  (21, 'Francia', '10-9', 7, 7, 25000000, 'Antoine', 'Griezmann', 4),
  (22, 'Nigeria', '9', 9, 9, 75000000, 'Victor', 'Osimhen', 63),
  (23, 'Georgia', '11-10', 77, 7, 80000000, 'Khvicha', 'Kvaratskhelia', 32),
  (24, 'Brasil', '11-10', 10, 10, 30000000, 'Neymar', 'Júnior', 56),
  (25, 'Inglaterra', '10-7', 20, 20, 130000000, 'Cole', 'Palmer', 14),
  (26, 'Inglaterra', '5-8', 41, 4, 120000000, 'Declan', 'Rice', 13),
  (27, 'Noruega', '10-8', 8, 10, 110000000, 'Martin', 'Ødegaard', 13),
  (28, 'Portugal', '10-8', 8, 8, 65000000, 'Bruno', 'Fernandes', 11),
  (29, 'Argentina', '8-5', 10, 20, 90000000, 'Alexis', 'Mac Allister', 12),
  (30, 'Argentina', '8-5', 8, 24, 80000000, 'Enzo', 'Fernández', 14),
  (31, 'Argentina', '9-10', 19, 9, 90000000, 'Julián', 'Álvarez', 4),
  (32, 'Argentina', '1', 1, 23, 28000000, 'Emiliano', 'Martínez', 17),
  (33, 'Argentina', '1', 23, 23, 28000000, 'Dibu', 'Martínez', 17),
  (34, 'Bélgica', '1', 1, 1, 30000000, 'Thibaut', 'Courtois', 2),
  (35, 'Brasil', '1', 1, 1, 28000000, 'Alisson', 'Becker', 12),
  (36, 'Brasil', '1', 31, 23, 25000000, 'Ederson', 'Moraes', 10),
  (37, 'Alemania', '1', 1, 22, 18000000, 'Marc-André', 'ter Stegen', 3),
  (38, 'Italia', '1', 99, 1, 35000000, 'Gianluigi', 'Donnarumma', 32),
  (39, 'Alemania', '1', 1, 1, 4000000, 'Manuel', 'Neuer', 27),
  (40, 'Países Bajos', '6', 4, 4, 35000000, 'Virgil', 'van Dijk', 12),
  (41, 'Francia', '4', 2, 17, 80000000, 'William', 'Saliba', 13),
  (42, 'Portugal', '4', 3, 4, 70000000, 'Rúben', 'Dias', 10),
  (43, 'Alemania', '6', 22, 2, 25000000, 'Antonio', 'Rüdiger', 2),
  (44, 'Uruguay', '4-2', 4, 4, 70000000, 'Ronald', 'Araújo', 3),
  (45, 'Marruecos', '2', 2, 2, 65000000, 'Achraf', 'Hakimi', 32),
  (46, 'Francia', '3-11', 19, 22, 60000000, 'Theo', 'Hernández', 20),
  (47, 'Inglaterra', '2-8', 66, 18, 75000000, 'Trent', 'Alexander-Arnold', 12),
  (48, 'Canadá', '3-11', 19, 19, 50000000, 'Alphonso', 'Davies', 27),
  (49, 'Inglaterra', '2', 24, 2, 35000000, 'Reece', 'James', 14),
  (50, 'Alemania', '5-2-8', 6, 6, 50000000, 'Joshua', 'Kimmich', 27),
  (51, 'Francia', '5-4', 14, 8, 90000000, 'Aurélien', 'Tchouaméni', 2),
  (52, 'Francia', '8-5-3', 6, 6, 90000000, 'Eduardo', 'Camavinga', 2),
  (53, 'Países Bajos', '8-5', 21, 21, 60000000, 'Frenkie', 'de Jong', 3),
  (54, 'España', '8-10', 6, 9, 80000000, 'Gavi', 'Páez', 3),
  (55, 'España', '10-11', 20, 10, 60000000, 'Dani', 'Olmo', 3),
  (56, 'Brasil', '7-11', 11, 11, 80000000, 'Raphinha', 'Dias', 3),
  (57, 'Brasil', '7-11-9', 11, 10, 100000000, 'Rodrygo', 'Goes', 2),
  (58, 'Brasil', '9', 16, 9, 60000000, 'Endrick', 'Felipe', 2),
  (59, 'Croacia', '8-10', 10, 10, 5000000, 'Luka', 'Modrić', 20),
  (60, 'Serbia', '9', 9, 9, 50000000, 'Dusan', 'Vlahović', 21),
  (61, 'Turquía', '10-11', 10, 19, 45000000, 'Kenan', 'Yildiz', 21),
  (62, 'Italia', '8', 23, 18, 80000000, 'Nicolò', 'Barella', 19),
  (63, 'Italia', '6', 95, 23, 70000000, 'Alessandro', 'Bastoni', 19),
  (64, 'Italia', '3-11', 32, 3, 60000000, 'Federico', 'Dimarco', 19),
  (65, 'Turquía', '5-8', 20, 10, 40000000, 'Hakan', 'Calhanoglu', 19),
  (66, 'Estados Unidos', '7-11', 10, 10, 50000000, 'Christian', 'Pulisic', 20),
  (67, 'Francia', '1', 16, 16, 35000000, 'Mike', 'Maignan', 20),
  (68, 'Francia', '7-11', 10, 11, 70000000, 'Ousmane', 'Dembélé', 32),
  (69, 'Portugal', '8-10', 17, 23, 80000000, 'Vitinha', 'Ferreira', 32),
  (70, 'Portugal', '5-8', 87, 6, 60000000, 'João', 'Neves', 32),
  (71, 'Portugal', '9', 9, 9, 35000000, 'Gonçalo', 'Ramos', 32),
  (72, 'Inglaterra', '10-8', 7, 19, 35000000, 'Mason', 'Mount', 11),
  (73, 'Inglaterra', '11-9', 10, 11, 60000000, 'Marcus', 'Rashford', 3),
  (74, 'Dinamarca', '9', 9, 9, 45000000, 'Rasmus', 'Højlund', 11),
  (75, 'Costa de Marfil', '7-10', 16, 11, 35000000, 'Amad', 'Diallo', 11),
  (76, 'Hungría', '10-8', 8, 10, 75000000, 'Dominik', 'Szoboszlai', 12),
  (77, 'Colombia', '11', 7, 7, 70000000, 'Luis', 'Díaz', 12),
  (78, 'Uruguay', '9-11', 9, 9, 60000000, 'Darwin', 'Núñez', 12),
  (79, 'Países Bajos', '8-5', 38, 8, 55000000, 'Ryan', 'Gravenberch', 12),
  (80, 'Brasil', '11', 11, 11, 70000000, 'Gabriel', 'Martinelli', 13),
  (81, 'Alemania', '9-10', 29, 7, 75000000, 'Kai', 'Havertz', 13),
  (82, 'Brasil', '6', 6, 14, 75000000, 'Gabriel', 'Magalhães', 13),
  (83, 'Inglaterra', '2-4', 4, 3, 50000000, 'Ben', 'White', 13),
  (84, 'Ecuador', '5-8', 25, 23, 90000000, 'Moises', 'Caicedo', 14),
  (85, 'Senegal', '9', 15, 7, 50000000, 'Nicolas', 'Jackson', 14),
  (86, 'Francia', '10-9', 18, 12, 50000000, 'Christopher', 'Nkunku', 14),
  (87, 'Corea del Sur', '11-9', 7, 7, 35000000, 'Heung-min', 'Son', 15),
  (88, 'Inglaterra', '10', 10, 10, 55000000, 'James', 'Maddison', 15),
  (89, 'Suecia', '7-10', 21, 21, 55000000, 'Dejan', 'Kulusevski', 15),
  (90, 'Argentina', '4', 17, 13, 65000000, 'Cristian', 'Romero', 15),
  (91, 'Suecia', '9', 14, 9, 75000000, 'Alexander', 'Isak', 16),
  (92, 'Brasil', '8-5', 39, 5, 85000000, 'Bruno', 'Guimarães', 16),
  (93, 'Italia', '5-8', 8, 8, 40000000, 'Sandro', 'Tonali', 16),
  (94, 'Inglaterra', '9', 11, 19, 65000000, 'Ollie', 'Watkins', 17),
  (95, 'Bélgica', '8', 8, 8, 25000000, 'Youri', 'Tielemans', 17),
  (96, 'Japón', '11', 22, 7, 45000000, 'Kaoru', 'Mitoma', 18),
  (97, 'Brasil', '10-9', 9, 20, 60000000, 'João', 'Pedro', 18),
  (98, 'Países Bajos', '10-11', 10, 7, 80000000, 'Xavi', 'Simons', 30),
  (99, 'Bélgica', '9', 11, 11, 60000000, 'Loïs', 'Openda', 30),
  (100, 'Eslovenia', '9', 30, 11, 70000000, 'Benjamin', 'Sesko', 30),
  (101, 'Suiza', '1', 1, 1, 40000000, 'Gregor', 'Kobel', 28),
  (102, 'Alemania', '11-9', 27, 11, 45000000, 'Karim', 'Adeyemi', 28),
  (103, 'Guinea', '9', 9, 9, 40000000, 'Serhou', 'Guirassy', 28),
  (104, 'Suiza', '5-8', 34, 10, 20000000, 'Granit', 'Xhaka', 29),
  (105, 'República Checa', '9', 14, 10, 25000000, 'Patrik', 'Schick', 29),
  (106, 'Países Bajos', '2-7', 30, 12, 50000000, 'Jeremie', 'Frimpong', 29),
  (107, 'Nigeria', '9', 22, 24, 45000000, 'Victor', 'Boniface', 29),
  (108, 'Egipto', '9-11', 7, 22, 75000000, 'Omar', 'Marmoush', 10),
  (109, 'Inglaterra', '10-11', 10, 21, 60000000, 'Eberechi', 'Eze', 13),
  (110, 'Francia', '7-10', 17, 7, 70000000, 'Michael', 'Olise', 27),
  (111, 'Francia', '11-7', 11, 11, 30000000, 'Kingsley', 'Coman', 27),
  (112, 'Alemania', '7-11', 10, 19, 60000000, 'Leroy', 'Sané', 63),
  (113, 'Alemania', '10-9', 25, 13, 5000000, 'Thomas', 'Müller', 27),
  (114, 'Francia', '9-7', 20, 12, 40000000, 'Randal', 'Kolo Muani', 21),
  (115, 'Canadá', '9', 9, 20, 45000000, 'Jonathan', 'David', 36),
  (116, 'Kosovo', '7', 23, 10, 25000000, 'Edon', 'Zhegrova', 36),
  (117, 'Francia', '9', 10, 10, 8000000, 'Alexandre', 'Lacazette', 35),
  (118, 'Francia', '10-7', 18, 18, 35000000, 'Rayan', 'Cherki', 35),
  (119, 'Inglaterra', '7-9', 10, 11, 35000000, 'Mason', 'Greenwood', 33),
  (120, 'Dinamarca', '5-8', 23, 23, 20000000, 'Pierre-Emile', 'Højbjerg', 33),
  (121, 'Rusia', '10-8', 17, 17, 25000000, 'Aleksandr', 'Golovin', 34),
  (122, 'Japón', '10-11', 18, 10, 18000000, 'Takumi', 'Minamino', 34),
  (123, 'Suecia', '9', 9, 17, 75000000, 'Viktor', 'Gyökeres', 39),
  (124, 'Portugal', '10-11', 8, 28, 35000000, 'Pedro', 'Gonçalves', 39),
  (125, 'Argentina', '7-11-10', 11, 11, 4000000, 'Ángel', 'Di María', 37),
  (126, 'Argentina', '6', 30, 19, 2000000, 'Nicolás', 'Otamendi', 37),
  (127, 'Portugal', '7', 10, 26, 30000000, 'Francisco', 'Conceição', 38),
  (128, 'Portugal', '1', 99, 22, 45000000, 'Diogo', 'Costa', 38),
  (129, 'México', '9', 29, 11, 35000000, 'Santiago', 'Giménez', 20),
  (130, 'Brasil', '7', 7, 19, 20000000, 'Antony', 'Santos', 11),
  (131, 'México', '5-4', 19, 4, 30000000, 'Edson', 'Álvarez', 59),
  (132, 'Francia', '3', 23, 22, 20000000, 'Ferland', 'Mendy', 2),
  (133, 'España', '2', 2, 2, 12000000, 'Dani', 'Carvajal', 2),
  (134, 'Brasil', '4-6', 3, 14, 45000000, 'Éder', 'Militão', 2),
  (135, 'Marruecos', '10-7', 21, 10, 35000000, 'Brahim', 'Díaz', 2),
  (136, 'Turquía', '10-7', 15, 8, 45000000, 'Arda', 'Güler', 2),
  (137, 'España', '3', 20, 20, 15000000, 'Fran', 'García', 2),
  (138, 'España', '3', 3, 3, 50000000, 'Alejandro', 'Balde', 3),
  (139, 'España', '8-10', 16, 16, 50000000, 'Fermín', 'López', 3),
  (140, 'España', '4-6', 2, 3, 60000000, 'Pau', 'Cubarsí', 3),
  (141, 'España', '6', 5, 4, 5000000, 'Iñigo', 'Martínez', 3),
  (142, 'España', '5-8', 17, 17, 30000000, 'Marc', 'Casadó', 3),
  (143, 'España', '7-9-11', 7, 11, 30000000, 'Ferran', 'Torres', 3),
  (144, 'Eslovenia', '1', 13, 1, 25000000, 'Jan', 'Oblak', 4),
  (145, 'Argentina', '8', 5, 7, 35000000, 'Rodrigo', 'De Paul', 4),
  (146, 'Argentina', '2', 16, 26, 25000000, 'Nahuel', 'Molina', 4),
  (147, 'Uruguay', '4-6', 2, 2, 20000000, 'José María', 'Giménez', 4),
  (148, 'Brasil', '11-3', 12, 12, 30000000, 'Samuel', 'Lino', 4),
  (149, 'Argentina', '10-9', 10, 15, 15000000, 'Ángel', 'Correa', 4),
  (150, 'Francia', '9-11', 9, 15, 75000000, 'Marcus', 'Thuram', 19),
  (151, 'Países Bajos', '2', 2, 22, 25000000, 'Denzel', 'Dumfries', 19),
  (152, 'Suiza', '1', 1, 1, 5000000, 'Yann', 'Sommer', 19),
  (153, 'Francia', '4-2', 28, 2, 35000000, 'Benjamin', 'Pavard', 19),
  (154, 'Italia', '8-10', 16, 16, 30000000, 'Davide', 'Frattesi', 19),
  (155, 'Armenia', '8-10', 22, 18, 4000000, 'Henrikh', 'Mkhitaryan', 19),
  (156, 'Países Bajos', '8-10', 14, 14, 50000000, 'Tijjani', 'Reijnders', 20),
  (157, 'Inglaterra', '4-6', 23, 5, 25000000, 'Fikayo', 'Tomori', 20),
  (158, 'Estados Unidos', '8-7', 80, 6, 22000000, 'Yunus', 'Musah', 20),
  (159, 'Suiza', '11-9', 17, 9, 18000000, 'Noah', 'Okafor', 20),
  (160, 'Nigeria', '7', 21, 11, 18000000, 'Samuel', 'Chukwueze', 20),
  (161, 'Brasil', '4-6', 3, 3, 60000000, 'Gleison', 'Bremer', 21),
  (162, 'Países Bajos', '8-10', 8, 20, 50000000, 'Teun', 'Koopmeiners', 21),
  (163, 'Italia', '5-8', 5, 5, 30000000, 'Manuel', 'Locatelli', 21),
  (164, 'Italia', '3-2', 27, 24, 35000000, 'Andrea', 'Cambiaso', 21),
  (165, 'Italia', '4-6', 4, 13, 25000000, 'Federico', 'Gatti', 21),
  (166, 'Estados Unidos', '8-2', 16, 8, 25000000, 'Weston', 'McKennie', 21),
  (167, 'Eslovaquia', '5-8', 68, 22, 30000000, 'Stanislav', 'Lobotka', 22),
  (168, 'Italia', '7', 21, 21, 12000000, 'Matteo', 'Politano', 22),
  (169, 'Italia', '2', 22, 2, 15000000, 'Giovanni', 'Di Lorenzo', 22),
  (170, 'Camerún', '8-5', 99, 8, 25000000, 'Frank', 'Anguissa', 22),
  (171, 'Italia', '10-9', 81, 10, 25000000, 'Giacomo', 'Raspadori', 22),
  (172, 'Brasil', '7-11', 7, 7, 25000000, 'David', 'Neres', 22),
  (173, 'Uruguay', '9', 10, 21, 1000000, 'Edinson', 'Cavani', 43),
  (174, 'Uruguay', '9', 16, 16, 5000000, 'Miguel', 'Merentiel', 43),
  (175, 'Argentina', '11-7', 7, 7, 8000000, 'Exequiel', 'Zeballos', 43),
  (176, 'Argentina', '8-11', 22, 22, 10000000, 'Kevin', 'Zenón', 43),
  (177, 'Argentina', '5-8', 5, 5, 5000000, 'Leandro', 'Paredes', 43),
  (178, 'Argentina', '11-10', 20, 20, 8000000, 'Alan', 'Velasco', 43),
  (179, 'Argentina', '6-3', 6, 16, 1000000, 'Marcos', 'Rojo', 43),
  (180, 'Argentina', '1', 1, 1, 500000, 'Sergio', 'Romero', 43),
  (181, 'Argentina', '10-7', 30, 30, 30000000, 'Franco', 'Mastantuono', 44),
  (182, 'Argentina', '9-11', 11, 11, 12000000, 'Facundo', 'Colidio', 44),
  (183, 'Colombia', '9', 9, 19, 5000000, 'Miguel', 'Borja', 44),
  (184, 'Argentina', '8-10', 26, 26, 1000000, 'Nacho', 'Fernández', 44),
  (185, 'Argentina', '2', 4, 4, 6000000, 'Gonzalo', 'Montiel', 44),
  (186, 'Argentina', '4-6', 28, 2, 8000000, 'Lucas', 'Martínez Quarta', 44),
  (187, 'Argentina', '5-8', 24, 24, 500000, 'Enzo', 'Pérez', 44),
  (188, 'Argentina', '8-10', 8, 8, 2500000, 'Maximiliano', 'Meza', 44),
  (189, 'Argentina', '9', 9, 9, 6000000, 'Adrián', 'Martínez', 45),
  (190, 'Colombia', '10', 8, 10, 2500000, 'Juan Fernando', 'Quintero', 45),
  (191, 'Argentina', '5-4', 13, 13, 5000000, 'Santiago', 'Sosa', 45),
  (192, 'Chile', '1', 21, 1, 800000, 'Gabriel', 'Arias', 45),
  (193, 'Argentina', '2', 4, 4, 2500000, 'Federico', 'Vera', 46),
  (194, 'Argentina', '5', 23, 23, 700000, 'Iván', 'Marcone', 46),
  (195, 'Argentina', '11-10', 44, 44, 3000000, 'Santiago', 'Montiel', 46),
  (196, 'Argentina', '1', 33, 33, 800000, 'Rodrigo', 'Rey', 46),
  (197, 'España', '10-11', 80, 10, 1000000, 'Iker', 'Muniain', 47),
  (198, 'Argentina', '8', 8, 8, 800000, 'Malcom', 'Brailovsky', 47),
  (199, 'Argentina', '7-11', 7, 7, 500000, 'Ezequiel', 'Cerutti', 47),
  (200, 'Colombia', '4-6', 4, 4, 1500000, 'Jhohan', 'Romaña', 47),
  (201, 'Argentina', '9', 9, 9, 1000000, 'Guido', 'Carrillo', 48),
  (202, 'Uruguay', '10-11', 10, 10, 5000000, 'Tiago', 'Palacios', 48),
  (203, 'Argentina', '5', 5, 5, 4000000, 'Santiago', 'Ascacíbar', 48),
  (204, 'Argentina', '4-6', 6, 6, 500000, 'Federico', 'Fernández', 48),
  (205, 'Argentina', '10', 22, 22, 3000000, 'Claudio', 'Aquino', 49),
  (206, 'Argentina', '9', 9, 9, 2000000, 'Braian', 'Romero', 49),
  (207, 'Argentina', '6', 31, 31, 8000000, 'Valentín', 'Gómez', 49),
  (208, 'Argentina', '11-3', 26, 26, 1500000, 'Agustín', 'Bouzat', 49),
  (209, 'Argentina', '7-11-10', 11, 11, 4000000, 'Ángel', 'Di María', 50),
  (210, 'Colombia', '11-10', 13, 13, 4500000, 'Jaminton', 'Campaz', 50),
  (211, 'Argentina', '1', 1, 1, 300000, 'Jorge', 'Broun', 50),
  (212, 'Argentina', '6', 2, 2, 500000, 'Carlos', 'Quintana', 50),
  (213, 'Uruguay', '10', 14, 10, 15000000, 'Giorgian', 'De Arrascaeta', 51),
  (214, 'Brasil', '9', 9, 9, 20000000, 'Pedro', 'Guilherme', 51),
  (215, 'Brasil', '11-9', 27, 27, 4000000, 'Bruno', 'Henrique', 51),
  (216, 'Brasil', '8-5', 8, 8, 14000000, 'Gerson', 'Santos', 51),
  (217, 'Uruguay', '8-10', 18, 7, 16000000, 'Nicolás', 'De la Cruz', 51),
  (218, 'Uruguay', '2', 2, 13, 3000000, 'Guillermo', 'Varela', 51),
  (219, 'Brasil', '7', 41, 20, 50000000, 'Estêvão', 'Willian', 52),
  (220, 'Brasil', '10', 23, 23, 15000000, 'Raphael', 'Veiga', 52),
  (221, 'Paraguay', '4-6', 15, 15, 8000000, 'Gustavo', 'Gómez', 52),
  (222, 'Colombia', '8-5', 27, 6, 12000000, 'Richard', 'Ríos', 52),
  (223, 'Brasil', '9', 9, 19, 30000000, 'Vitor', 'Roque', 52),
  (224, 'Brasil', '7-11', 7, 7, 8000000, 'Felipe', 'Anderson', 52),
  (225, 'Brasil', '7-10', 7, 7, 5000000, 'Lucas', 'Moura', 53),
  (226, 'Brasil', '9-10', 10, 10, 3000000, 'Luciano', 'Neves', 53),
  (227, 'Brasil', '10', 8, 8, 4000000, 'Oscar', 'Emboaba', 53),
  (228, 'Argentina', '9', 9, 9, 3500000, 'Jonathan', 'Calleri', 53),
  (229, 'Países Bajos', '9-11', 10, 10, 8000000, 'Memphis', 'Depay', 54),
  (230, 'Brasil', '9', 9, 9, 12000000, 'Yuri', 'Alberto', 54),
  (231, 'Argentina', '10-8', 10, 10, 12000000, 'Rodrigo', 'Garro', 54),
  (232, 'Perú', '7-11', 19, 18, 2500000, 'André', 'Carrillo', 54),
  (233, 'Argentina', '9', 14, 14, 1200000, 'Germán', 'Cano', 55),
  (234, 'Brasil', '4-6', 3, 3, 1000000, 'Thiago', 'Silva', 55),
  (235, 'Colombia', '7-10', 21, 11, 14000000, 'Jhon', 'Arias', 55),
  (236, 'Brasil', '10', 10, 10, 700000, 'Paulo', 'Ganso', 55),
  (237, 'Brasil', '11-9', 11, 11, 2500000, 'Guilherme', 'Augusto', 56),
  (238, 'Brasil', '5-8', 5, 5, 1500000, 'João', 'Schmidt', 56),
  (239, 'Brasil', '9', 9, 9, 1500000, 'Tiquinho', 'Soares', 56),
  (240, 'Brasil', '8', 8, 8, 2000000, 'Gabriel', 'Bontempo', 56),
  (241, 'Uruguay', '9', 9, 9, 1500000, 'Luis', 'Suárez', 57),
  (242, 'España', '5', 5, 5, 1000000, 'Sergio', 'Busquets', 57),
  (243, 'España', '3', 18, 18, 1000000, 'Jordi', 'Alba', 57),
  (244, 'Argentina', '8', 7, 7, 35000000, 'Rodrigo', 'De Paul', 57),
  (245, 'Senegal', '11-9', 10, 10, 15000000, 'Sadio', 'Mané', 61),
  (246, 'Croacia', '5-8', 77, 11, 12000000, 'Marcelo', 'Brozović', 61),
  (247, 'España', '6', 27, 14, 15000000, 'Aymeric', 'Laporte', 61),
  (248, 'Portugal', '8-10', 25, 25, 18000000, 'Otávio', 'Monteiro', 61),
  (249, 'Serbia', '8-10', 22, 20, 30000000, 'Sergej', 'Milinković-Savić', 62),
  (250, 'Portugal', '5-8', 8, 18, 28000000, 'Rúben', 'Neves', 62),
  (251, 'Serbia', '9', 9, 9, 25000000, 'Aleksandar', 'Mitrović', 62),
  (252, 'Brasil', '7-11', 77, 7, 25000000, 'Malcom', 'Oliveira', 62),
  (253, 'México', '9', 21, 20, 4000000, 'Henry', 'Martín', 59),
  (254, 'España', '8-10', 8, 8, 7000000, 'Álvaro', 'Fidalgo', 59),
  (255, 'Uruguay', '11-7', 7, 7, 6000000, 'Brian', 'Rodríguez', 59),
  (256, 'México', '1', 1, 1, 6000000, 'Luis', 'Malagón', 59),
  (257, 'México', '7-10', 25, 25, 7000000, 'Roberto', 'Alvarado', 60),
  (258, 'México', '2', 2, 2, 5000000, 'Alan', 'Mozo', 60),
  (259, 'México', '4-6', 3, 3, 4500000, 'Gilberto', 'Sepúlveda', 60),
  (260, 'México', '1', 1, 1, 4000000, 'Raúl', 'Rangel', 60),
  (261, 'España', '1', 1, 23, 25000000, 'Unai', 'Simón', 7),
  (262, 'España', '11-7', 10, 17, 70000000, 'Nico', 'Williams', 7),
  (263, 'España', '10-8', 8, 8, 30000000, 'Oihan', 'Sancet', 7),
  (264, 'España', '11-9', 10, 21, 40000000, 'Mikel', 'Oyarzabal', 8),
  (265, 'Japón', '7-10', 14, 20, 50000000, 'Takefusa', 'Kubo', 8),
  (266, 'España', '5', 4, 18, 60000000, 'Martín', 'Zubimendi', 8),
  (267, 'España', '9-7', 7, 7, 8000000, 'Gerard', 'Moreno', 9),
  (268, 'España', '10-11', 16, 16, 50000000, 'Álex', 'Baena', 9),
  (269, 'España', '7-11', 21, 21, 30000000, 'Yéremy', 'Pino', 9),
  (270, 'Argentina', '10-9', 21, 21, 8000000, 'Paulo', 'Dybala', 23),
  (271, 'Italia', '10-8', 7, 7, 25000000, 'Lorenzo', 'Pellegrini', 23),
  (272, 'Serbia', '1', 99, 1, 25000000, 'Mile', 'Svilar', 23),
  (273, 'Italia', '11', 20, 20, 25000000, 'Mattia', 'Zaccagni', 24),
  (274, 'Portugal', '3-11', 30, 30, 18000000, 'Nuno', 'Tavares', 24),
  (275, 'Nigeria', '11-9', 11, 11, 60000000, 'Ademola', 'Lookman', 25),
  (276, 'Bélgica', '10-9', 17, 17, 35000000, 'Charles', 'De Ketelaere', 25),
  (277, 'Países Bajos', '5-8', 15, 15, 5000000, 'Marten', 'de Roon', 25),
  (278, 'Italia', '9', 20, 20, 30000000, 'Moise', 'Kean', 26),
  (279, 'Argentina', '7-11', 10, 15, 30000000, 'Nicolás', 'González', 26),
  (280, 'Argentina', '9-10', 9, 9, 16000000, 'Lucas', 'Beltrán', 26),
  (281, 'Argelia', '10-11', 8, 8, 22000000, 'Farès', 'Chaïbi', 31),
  (282, 'Francia', '9', 11, 11, 40000000, 'Hugo', 'Ekitike', 31),
  (283, 'Alemania', '10-8', 27, 19, 3000000, 'Mario', 'Götze', 31),
  (284, 'Países Bajos', '9', 9, 9, 25000000, 'Brian', 'Brobbey', 40),
  (285, 'Países Bajos', '11-7', 7, 7, 18000000, 'Steven', 'Bergwijn', 40),
  (286, 'Inglaterra', '8-5', 6, 8, 5000000, 'Jordan', 'Henderson', 40),
  (287, 'Países Bajos', '9', 9, 9, 5000000, 'Luuk', 'de Jong', 41),
  (288, 'Bélgica', '7', 11, 11, 45000000, 'Johan', 'Bakayoko', 41),
  (289, 'Estados Unidos', '10-8', 10, 17, 35000000, 'Malik', 'Tillman', 41),
  (290, 'México', '9', 29, 11, 35000000, 'Santiago', 'Gimenez', 42),
  (291, 'Países Bajos', '8', 8, 8, 30000000, 'Quinten', 'Timber', 42),
  (292, 'Brasil', '11-7', 14, 14, 30000000, 'Igor', 'Paixão', 42),
  (293, 'Argentina', '9', 9, 9, 10000000, 'Mauro', 'Icardi', 63),
  (294, 'Bélgica', '10-9', 10, 14, 1500000, 'Dries', 'Mertens', 63),
  (295, 'Dinamarca', '4-6', 25, 4, 12000000, 'Victor', 'Nelsson', 63),
  (296, 'Bosnia', '9', 9, 11, 2000000, 'Edin', 'Dzeko', 64),
  (297, 'Serbia', '10-11', 10, 10, 3000000, 'Dusan', 'Tadic', 64),
  (298, 'Polonia', '10-8', 53, 19, 22000000, 'Sebastian', 'Szymanski', 64),
  (299, 'Gabón', '11-9', 99, 20, 12000000, 'Denis', 'Bouanga', 58),
  (300, 'Francia', '9', 9, 9, 1500000, 'Olivier', 'Giroud', 58),
  (301, 'México', '7-11', 10, 11, 1000000, 'Carlos', 'Vela', 58),
  (302, 'Croacia', '8-10', 10, 7, 1000000, 'Ivan', 'Rakitic', 5),
  (303, 'España', '8-5', 17, 17, 4000000, 'Saúl', 'Ñíguez', 5),
  (304, 'España', '2-7', 16, 22, 500000, 'Jesús', 'Navas', 5),
  (305, 'España', '5-8', 18, 18, 12000000, 'Pepelu', 'García', 6),
  (306, 'España', '3', 14, 14, 18000000, 'José', 'Gayà', 6),
  (307, 'España', '9', 9, 9, 16000000, 'Hugo', 'Duro', 6),
  (308, 'Argentina', '10-8', 17, 17, 20000000, 'Nico', 'Paz', 2),
  (309, 'España', '9', 7, 7, 12000000, 'Álvaro', 'Morata', 20),
  (310, 'España', '2-4', 3, 2, 1000000, 'César', 'Azpilicueta', 4),
  (311, 'España', '8-5', 6, 8, 8000000, 'Koke', 'Resurrección', 4),
  (312, 'Inglaterra', '8-10', 4, 16, 40000000, 'Conor', 'Gallagher', 4),
  (313, 'Bélgica', '11-7', 11, 11, 65000000, 'Jérémy', 'Doku', 10),
  (314, 'Brasil', '7-11', 26, 20, 55000000, 'Savinho', 'Moreira', 10),
  (315, 'Inglaterra', '2-5', 82, 21, 40000000, 'Rico', 'Lewis', 10),
  (316, 'Portugal', '8-5', 27, 18, 45000000, 'Matheus', 'Nunes', 10),
  (317, 'Inglaterra', '8-5', 37, 26, 55000000, 'Kobbie', 'Mainoo', 11),
  (318, 'Argentina', '11-7', 17, 17, 45000000, 'Alejandro', 'Garnacho', 11),
  (319, 'Marruecos', '2-3', 3, 3, 30000000, 'Noussair', 'Mazraoui', 11),
  (320, 'Argentina', '6', 6, 25, 45000000, 'Lisandro', 'Martínez', 11),
  (321, 'Francia', '4-6', 5, 13, 45000000, 'Ibrahima', 'Konaté', 12),
  (322, 'Países Bajos', '11-9', 18, 11, 60000000, 'Cody', 'Gakpo', 12),
  (323, 'Portugal', '9-11', 20, 21, 45000000, 'Diogo', 'Jota', 12),
  (324, 'Escocia', '3', 26, 3, 25000000, 'Andrew', 'Robertson', 12),
  (325, 'Países Bajos', '2-4', 12, 2, 40000000, 'Jurrien', 'Timber', 13),
  (326, 'España', '8-5', 23, 6, 50000000, 'Mikel', 'Merino', 13),
  (327, 'Bélgica', '11-10', 19, 11, 30000000, 'Leandro', 'Trossard', 13),
  (328, 'Italia', '6-3', 33, 5, 45000000, 'Riccardo', 'Calafiori', 13),
  (329, 'España', '3', 3, 3, 35000000, 'Marc', 'Cucurella', 14),
  (330, 'Inglaterra', '6', 6, 15, 50000000, 'Levi', 'Colwill', 14),
  (331, 'Inglaterra', '7-11', 19, 17, 30000000, 'Jadon', 'Sancho', 14),
  (332, 'Bélgica', '5-8', 45, 6, 35000000, 'Romeo', 'Lavia', 14),
  (333, 'España', '2', 23, 2, 45000000, 'Pedro', 'Porro', 15),
  (334, 'Italia', '3', 13, 13, 45000000, 'Destiny', 'Udogie', 15),
  (335, 'Países Bajos', '6', 37, 4, 50000000, 'Micky', 'van de Ven', 15),
  (336, 'Inglaterra', '9', 19, 19, 45000000, 'Dominic', 'Solanke', 15),
  (337, 'Inglaterra', '11-7', 10, 11, 60000000, 'Anthony', 'Gordon', 16),
  (338, 'Inglaterra', '2', 2, 12, 8000000, 'Kieran', 'Trippier', 16),
  (339, 'Países Bajos', '6', 4, 4, 35000000, 'Sven', 'Botman', 16),
  (340, 'Inglaterra', '8-10', 41, 41, 40000000, 'Jacob', 'Ramsey', 17),
  (341, 'Inglaterra', '10-11', 27, 27, 55000000, 'Morgan', 'Rogers', 17),
  (342, 'España', '6', 14, 4, 45000000, 'Pau', 'Torres', 17),
  (343, 'Argentina', '10-7', 10, 10, 22000000, 'Emiliano', 'Buendía', 17),
  (344, 'Irlanda', '9', 28, 9, 35000000, 'Evan', 'Ferguson', 18),
  (345, 'Camerún', '5-8', 20, 20, 35000000, 'Carlos', 'Baleba', 18),
  (346, 'Ecuador', '3', 30, 7, 30000000, 'Pervis', 'Estupiñán', 18),
  (347, 'Inglaterra', '9-11', 18, 18, 5000000, 'Danny', 'Welbeck', 18),
  (348, 'Polonia', '8-10', 7, 20, 22000000, 'Piotr', 'Zielinski', 19),
  (349, 'Irán', '9', 99, 9, 8000000, 'Mehdi', 'Taremi', 19),
  (350, 'Italia', '6', 15, 15, 3000000, 'Francesco', 'Acerbi', 19),
  (351, 'Serbia', '6', 31, 2, 25000000, 'Strahinja', 'Pavlovic', 20),
  (352, 'Francia', '5-8', 29, 19, 30000000, 'Youssouf', 'Fofana', 20),
  (353, 'Inglaterra', '9', 90, 9, 20000000, 'Tammy', 'Abraham', 20),
  (354, 'Uruguay', '5', 25, 5, 45000000, 'Manuel', 'Ugarte', 11),
  (355, 'Brasil', '8-5', 26, 18, 45000000, 'Douglas', 'Luiz', 21),
  (356, 'Francia', '8-5', 19, 19, 35000000, 'Khephren', 'Thuram', 21),
  (357, 'Italia', '1', 36, 1, 5000000, 'Mattia', 'Perin', 21),
  (358, 'Polonia', '1', 1, 1, 3000000, 'Wojciech', 'Szczesny', 3),
  (359, 'Escocia', '8-10', 8, 4, 28000000, 'Scott', 'McTominay', 22),
  (360, 'Bélgica', '9', 11, 10, 20000000, 'Romelu', 'Lukaku', 22),
  (361, 'Italia', '6', 4, 4, 40000000, 'Alessandro', 'Buongiorno', 22),
  (362, 'Italia', '3-11', 37, 4, 5000000, 'Leonardo', 'Spinazzola', 22),
  (363, 'Argentina', '7-10', 18, 18, 25000000, 'Matías', 'Soulé', 23),
  (364, 'Ucrania', '9', 11, 11, 35000000, 'Artem', 'Dovbyk', 23),
  (365, 'Argentina', '5-8', 16, 5, 5000000, 'Leandro', 'Paredes', 23),
  (366, 'Italia', '5-8', 4, 16, 18000000, 'Bryan', 'Cristante', 23),
  (367, 'Francia', '6', 23, 23, 40000000, 'Castello', 'Lukeba', 30),
  (368, 'Alemania', '3', 22, 3, 30000000, 'David', 'Raum', 30),
  (369, 'Austria', '5-8', 13, 6, 20000000, 'Nicolas', 'Seiwald', 30),
  (370, 'Austria', '8-10', 20, 9, 20000000, 'Marcel', 'Sabitzer', 28),
  (371, 'Alemania', '10-8', 10, 10, 40000000, 'Julian', 'Brandt', 28),
  (372, 'Alemania', '6', 4, 15, 40000000, 'Nico', 'Schlotterbeck', 28),
  (373, 'Argentina', '8-5', 25, 14, 40000000, 'Exequiel', 'Palacios', 29),
  (374, 'Ecuador', '6-3', 3, 3, 50000000, 'Piero', 'Hincapié', 29),
  (375, 'Marruecos', '11-10', 21, 21, 25000000, 'Amine', 'Adli', 29),
  (376, 'Brasil', '4-6', 5, 4, 45000000, 'Marquinhos', 'Corrêa', 32),
  (377, 'Portugal', '3-11', 25, 19, 60000000, 'Nuno', 'Mendes', 32),
  (378, 'Francia', '8-5', 33, 8, 60000000, 'Warren', 'Zaïre-Emery', 32),
  (379, 'Francia', '11-7', 29, 20, 65000000, 'Bradley', 'Barcola', 32),
  (380, 'Argentina', '3-11', 19, 19, 12000000, 'Valentín', 'Barco', 5),
  (381, 'Argentina', '10', 10, 10, 18000000, 'Echeverri', 'Claudio', 10),
  (382, 'Argentina', '9', 32, 9, 8000000, 'Agustín', 'Ruberto', 44),
  (383, 'Argentina', '7-11', 38, 38, 6000000, 'Ian', 'Subiabre', 44),
  (384, 'Argentina', '9', 9, 9, 4000000, 'Milton', 'Giménez', 43),
  (385, 'Argentina', '5-8', 30, 30, 3500000, 'Tomás', 'Belmonte', 43),
  (386, 'Argentina', '1', 1, 1, 8000000, 'Emiliano', 'Rossi', 2),
  (387, 'Brasil', '2', 2, 2, 7988000, 'Mateo', 'Martínez', 3),
  (388, 'España', '3', 3, 3, 7976000, 'Lucas', 'Romero', 4),
  (389, 'Italia', '4', 4, 4, 7964000, 'Alessandro', 'Santos', 5),
  (390, 'Inglaterra', '6', 6, 6, 7952000, 'Santiago', 'Laurent', 6),
  (391, 'Francia', '5', 5, 5, 7940000, 'Agustín', 'Castro', 7),
  (392, 'Portugal', '8', 8, 8, 7928000, 'Oliver', 'Medina', 8),
  (393, 'Alemania', '10', 10, 10, 7916000, 'Lorenzo', 'Oliveira', 9),
  (394, 'Uruguay', '7', 7, 7, 7904000, 'Bruno', 'Cárdenas', 10),
  (395, 'Colombia', '11', 11, 11, 7892000, 'Leon', 'Campos', 11),
  (396, 'México', '9', 9, 9, 7880000, 'Gabriel', 'Méndez', 12),
  (397, 'Países Bajos', '1', 1, 1, 7868000, 'Julián', 'Reyes', 13),
  (398, 'Bélgica', '2', 2, 2, 7856000, 'Rafael', 'Moreira', 14),
  (399, 'Chile', '3', 3, 3, 7844000, 'Valentín', 'Martínez', 15),
  (400, 'Ecuador', '4', 4, 4, 7832000, 'Franco', 'Romero', 16),
  (401, 'Paraguay', '6', 6, 6, 7820000, 'Mathieu', 'Santos', 17),
  (402, 'Argentina', '5', 5, 5, 7808000, 'Enzo', 'Silveira', 18),
  (403, 'Brasil', '8', 8, 8, 7796000, 'Alejandro', 'Castro', 19),
  (404, 'España', '10', 10, 10, 7784000, 'Diogo', 'Medina', 20),
  (405, 'Italia', '7', 7, 7, 7772000, 'Rafael', 'Oliveira', 21),
  (406, 'Inglaterra', '11', 11, 11, 7760000, 'João', 'Schneider', 22),
  (407, 'Francia', '9', 9, 9, 7748000, 'Gabriel', 'Campos', 23),
  (408, 'Portugal', '1', 1, 1, 7736000, 'Miguel', 'Méndez', 24),
  (409, 'Alemania', '2', 2, 2, 7724000, 'Andrés', 'Reyes', 25),
  (410, 'Uruguay', '3', 3, 3, 7712000, 'Iker', 'Serrano', 26),
  (411, 'Colombia', '4', 4, 4, 7700000, 'Emiliano', 'Martínez', 27),
  (412, 'México', '6', 6, 6, 7688000, 'Iván', 'Romero', 28),
  (413, 'Países Bajos', '5', 5, 5, 7676000, 'Federico', 'Santos', 29),
  (414, 'Bélgica', '8', 8, 8, 7664000, 'Cristian', 'Bennett', 30),
  (415, 'Chile', '10', 10, 10, 7652000, 'Leonardo', 'Castro', 31),
  (416, 'Ecuador', '7', 7, 7, 7640000, 'Juan', 'Medina', 32),
  (417, 'Paraguay', '11', 11, 11, 7628000, 'Daniel', 'Oliveira', 33),
  (418, 'Argentina', '9', 9, 9, 7616000, 'Martín', 'Barbosa', 34),
  (419, 'Brasil', '1', 1, 1, 7604000, 'Emiliano', 'Campos', 35),
  (420, 'España', '2', 2, 2, 7592000, 'Sergio', 'Méndez', 36),
  (421, 'Italia', '3', 3, 3, 7580000, 'Rodrigo', 'Reyes', 37),
  (422, 'Inglaterra', '4', 4, 4, 7568000, 'Alessandro', 'Conti', 38),
  (423, 'Francia', '6', 6, 6, 7556000, 'Mateo', 'Martínez', 39),
  (424, 'Portugal', '5', 5, 5, 7544000, 'Lucas', 'Romero', 40),
  (425, 'Alemania', '8', 8, 8, 7532000, 'Oliver', 'Santos', 41),
  (426, 'Uruguay', '10', 10, 10, 7520000, 'Santiago', 'Fernandes', 42),
  (427, 'Colombia', '7', 7, 7, 7508000, 'Agustín', 'Castro', 43),
  (428, 'México', '11', 11, 11, 7496000, 'Leon', 'Medina', 44),
  (429, 'Países Bajos', '9', 9, 9, 7484000, 'Lorenzo', 'Oliveira', 45),
  (430, 'Bélgica', '1', 1, 1, 7472000, 'Bruno', 'Rossi', 46),
  (431, 'Chile', '2', 2, 2, 7460000, 'Rafael', 'Campos', 47),
  (432, 'Ecuador', '3', 3, 3, 7448000, 'Gabriel', 'Méndez', 48),
  (433, 'Paraguay', '4', 4, 4, 7436000, 'Julián', 'Reyes', 49),
  (434, 'Argentina', '6', 6, 6, 7424000, 'Mathieu', 'Laurent', 50),
  (435, 'Brasil', '5', 5, 5, 7412000, 'Valentín', 'Martínez', 51),
  (436, 'España', '8', 8, 8, 7400000, 'Franco', 'Romero', 52),
  (437, 'Italia', '10', 10, 10, 7388000, 'Diogo', 'Santos', 53),
  (438, 'Inglaterra', '7', 7, 7, 7376000, 'Enzo', 'Cárdenas', 54),
  (439, 'Francia', '11', 11, 11, 7364000, 'Alejandro', 'Castro', 55),
  (440, 'Portugal', '9', 9, 9, 7352000, 'Gabriel', 'Medina', 56),
  (441, 'Alemania', '1', 1, 1, 7340000, 'Rafael', 'Oliveira', 57),
  (442, 'Uruguay', '2', 2, 2, 7328000, 'João', 'Moreira', 58),
  (443, 'Colombia', '3', 3, 3, 7316000, 'Iker', 'Campos', 59),
  (444, 'México', '4', 4, 4, 7304000, 'Miguel', 'Méndez', 60),
  (445, 'Países Bajos', '6', 6, 6, 7292000, 'Andrés', 'Reyes', 61),
  (446, 'Bélgica', '5', 5, 5, 7280000, 'Federico', 'Silveira', 62),
  (447, 'Chile', '8', 8, 8, 7268000, 'Emiliano', 'Martínez', 63),
  (448, 'Ecuador', '10', 10, 10, 7256000, 'Iván', 'Romero', 64),
  (449, 'Paraguay', '7', 7, 7, 7244000, 'Juan', 'Santos', 65),
  (450, 'Argentina', '11', 11, 11, 7232000, 'Cristian', 'Schneider', 66),
  (451, 'Brasil', '9', 9, 9, 7220000, 'Leonardo', 'Castro', 67),
  (452, 'España', '1', 1, 1, 7208000, 'Emiliano', 'Medina', 68),
  (453, 'Italia', '2', 2, 2, 7196000, 'Daniel', 'Oliveira', 69),
  (454, 'Inglaterra', '3', 3, 3, 7184000, 'Martín', 'Serrano', 70),
  (455, 'Francia', '4', 4, 4, 7172000, 'Alessandro', 'Campos', 71),
  (456, 'Portugal', '6', 6, 6, 7160000, 'Sergio', 'Méndez', 72),
  (457, 'Alemania', '5', 5, 5, 7148000, 'Rodrigo', 'Reyes', 73),
  (458, 'Uruguay', '8', 8, 8, 7136000, 'Oliver', 'Bennett', 74),
  (459, 'Colombia', '10', 10, 10, 7124000, 'Mateo', 'Martínez', 75),
  (460, 'México', '7', 7, 7, 7112000, 'Lucas', 'Romero', 76),
  (461, 'Países Bajos', '11', 11, 11, 7100000, 'Leon', 'Santos', 77),
  (462, 'Bélgica', '9', 9, 9, 7088000, 'Santiago', 'Barbosa', 78),
  (463, 'Chile', '1', 1, 1, 7076000, 'Agustín', 'Castro', 79),
  (464, 'Ecuador', '2', 2, 2, 7064000, 'Rafael', 'Medina', 80),
  (465, 'Paraguay', '3', 3, 3, 7052000, 'Lorenzo', 'Oliveira', 81),
  (466, 'Argentina', '4', 4, 4, 7040000, 'Bruno', 'Conti', 82),
  (467, 'Brasil', '6', 6, 6, 7028000, 'Mathieu', 'Campos', 83),
  (468, 'España', '5', 5, 5, 7016000, 'Gabriel', 'Méndez', 84),
  (469, 'Italia', '8', 8, 8, 7004000, 'Julián', 'Reyes', 85),
  (470, 'Inglaterra', '10', 10, 10, 6992000, 'Diogo', 'Fernandes', 86),
  (471, 'Francia', '7', 7, 7, 6980000, 'Valentín', 'Martínez', 87),
  (472, 'Portugal', '11', 11, 11, 6968000, 'Franco', 'Romero', 88),
  (473, 'Alemania', '9', 9, 9, 6956000, 'Gabriel', 'Santos', 89),
  (474, 'Uruguay', '1', 1, 1, 6944000, 'Enzo', 'Rossi', 90),
  (475, 'Colombia', '2', 2, 2, 6932000, 'Alejandro', 'Castro', 91),
  (476, 'México', '3', 3, 3, 6920000, 'Iker', 'Medina', 92),
  (477, 'Países Bajos', '4', 4, 4, 6908000, 'Rafael', 'Oliveira', 93),
  (478, 'Bélgica', '6', 6, 6, 6896000, 'João', 'Laurent', 94),
  (479, 'Chile', '5', 5, 5, 6884000, 'Federico', 'Campos', 95),
  (480, 'Ecuador', '8', 8, 8, 6872000, 'Miguel', 'Méndez', 96),
  (481, 'Paraguay', '10', 10, 10, 6860000, 'Andrés', 'Reyes', 97),
  (482, 'Argentina', '7', 7, 7, 6848000, 'Juan', 'Cárdenas', 98),
  (483, 'Brasil', '11', 11, 11, 6836000, 'Emiliano', 'Martínez', 99),
  (484, 'España', '9', 9, 9, 6824000, 'Iván', 'Romero', 100),
  (485, 'Italia', '1', 1, 1, 6812000, 'Emiliano', 'Santos', 101),
  (486, 'Inglaterra', '2', 2, 2, 6800000, 'Cristian', 'Moreira', 102),
  (487, 'Francia', '3', 3, 3, 6788000, 'Leonardo', 'Castro', 103),
  (488, 'Portugal', '4', 4, 4, 6776000, 'Alessandro', 'Medina', 104),
  (489, 'Alemania', '6', 6, 6, 6764000, 'Daniel', 'Oliveira', 105),
  (490, 'Uruguay', '5', 5, 5, 6752000, 'Martín', 'Silveira', 106),
  (491, 'Colombia', '8', 8, 8, 6740000, 'Oliver', 'Campos', 107),
  (492, 'México', '10', 10, 10, 6728000, 'Sergio', 'Méndez', 108),
  (493, 'Países Bajos', '7', 7, 7, 6716000, 'Rodrigo', 'Reyes', 109),
  (494, 'Bélgica', '11', 11, 11, 6704000, 'Leon', 'Schneider', 110),
  (495, 'Chile', '9', 9, 9, 6692000, 'Mateo', 'Martínez', 111),
  (496, 'Ecuador', '1', 1, 1, 6680000, 'Lucas', 'Romero', 112),
  (497, 'Paraguay', '2', 2, 2, 6668000, 'Rafael', 'Santos', 113),
  (498, 'Argentina', '3', 3, 3, 6656000, 'Santiago', 'Serrano', 114),
  (499, 'Brasil', '4', 4, 4, 6644000, 'Agustín', 'Castro', 115),
  (500, 'España', '6', 6, 6, 6632000, 'Mathieu', 'Medina', 116),
  (501, 'Italia', '5', 5, 5, 6620000, 'Lorenzo', 'Oliveira', 117),
  (502, 'Inglaterra', '8', 8, 8, 6608000, 'Bruno', 'Bennett', 118),
  (503, 'Francia', '10', 10, 10, 6596000, 'Diogo', 'Campos', 119),
  (504, 'Portugal', '7', 7, 7, 6584000, 'Gabriel', 'Méndez', 120),
  (505, 'Alemania', '11', 11, 11, 6572000, 'Julián', 'Reyes', 121),
  (506, 'Uruguay', '9', 9, 9, 6560000, 'Gabriel', 'Barbosa', 122),
  (507, 'Colombia', '1', 1, 1, 6548000, 'Valentín', 'Martínez', 123),
  (508, 'México', '2', 2, 2, 6536000, 'Franco', 'Romero', 124),
  (509, 'Países Bajos', '3', 3, 3, 6524000, 'Iker', 'Santos', 125),
  (510, 'Bélgica', '4', 4, 4, 6512000, 'Enzo', 'Conti', 126),
  (511, 'Chile', '6', 6, 6, 6500000, 'Alejandro', 'Castro', 127),
  (512, 'Ecuador', '5', 5, 5, 6488000, 'Federico', 'Medina', 128),
  (513, 'Paraguay', '8', 8, 8, 6476000, 'Rafael', 'Oliveira', 129),
  (514, 'Argentina', '10', 10, 10, 6464000, 'João', 'Fernandes', 130),
  (515, 'Brasil', '7', 7, 7, 6452000, 'Juan', 'Campos', 131),
  (516, 'España', '11', 11, 11, 6440000, 'Miguel', 'Méndez', 132),
  (517, 'Italia', '9', 9, 9, 6428000, 'Andrés', 'Reyes', 133),
  (518, 'Inglaterra', '1', 1, 1, 6416000, 'Emiliano', 'Rossi', 134),
  (519, 'Francia', '2', 2, 2, 6404000, 'Emiliano', 'Martínez', 135),
  (520, 'Portugal', '3', 3, 3, 6392000, 'Iván', 'Romero', 136),
  (521, 'Alemania', '4', 4, 4, 6380000, 'Alessandro', 'Santos', 137),
  (522, 'Uruguay', '6', 6, 6, 6368000, 'Cristian', 'Laurent', 138),
  (523, 'Colombia', '5', 5, 5, 6356000, 'Leonardo', 'Castro', 139),
  (524, 'México', '8', 8, 8, 6344000, 'Oliver', 'Medina', 140),
  (525, 'Países Bajos', '10', 10, 10, 6332000, 'Daniel', 'Oliveira', 141),
  (526, 'Bélgica', '7', 7, 7, 6320000, 'Martín', 'Cárdenas', 142),
  (527, 'Chile', '11', 11, 11, 6308000, 'Leon', 'Campos', 143),
  (528, 'Ecuador', '9', 9, 9, 6296000, 'Sergio', 'Méndez', 144),
  (529, 'Paraguay', '1', 1, 1, 6284000, 'Rodrigo', 'Reyes', 145),
  (530, 'Argentina', '2', 2, 2, 6272000, 'Rafael', 'Moreira', 146),
  (531, 'Brasil', '3', 3, 3, 6260000, 'Mateo', 'Martínez', 147),
  (532, 'España', '4', 4, 4, 6248000, 'Lucas', 'Romero', 148),
  (533, 'Italia', '6', 6, 6, 6236000, 'Mathieu', 'Santos', 149),
  (534, 'Inglaterra', '5', 5, 5, 6224000, 'Santiago', 'Silveira', 150),
  (535, 'Francia', '8', 8, 8, 6212000, 'Agustín', 'Castro', 151),
  (536, 'Portugal', '10', 10, 10, 6200000, 'Diogo', 'Medina', 152),
  (537, 'Alemania', '7', 7, 7, 6188000, 'Lorenzo', 'Oliveira', 153),
  (538, 'Uruguay', '11', 11, 11, 6176000, 'Bruno', 'Schneider', 154),
  (539, 'Colombia', '9', 9, 9, 6164000, 'Gabriel', 'Campos', 155),
  (540, 'México', '1', 1, 1, 6152000, 'Gabriel', 'Méndez', 156),
  (541, 'Países Bajos', '2', 2, 2, 6140000, 'Julián', 'Reyes', 157),
  (542, 'Bélgica', '3', 3, 3, 6128000, 'Iker', 'Serrano', 158),
  (543, 'Chile', '4', 4, 4, 6116000, 'Valentín', 'Martínez', 159),
  (544, 'Ecuador', '6', 6, 6, 6104000, 'Franco', 'Romero', 160),
  (545, 'Paraguay', '5', 5, 5, 6092000, 'Federico', 'Santos', 161),
  (546, 'Argentina', '8', 8, 8, 6080000, 'Enzo', 'Bennett', 162),
  (547, 'Brasil', '10', 10, 10, 6068000, 'Alejandro', 'Castro', 163),
  (548, 'España', '7', 7, 7, 6056000, 'Juan', 'Medina', 164),
  (549, 'Italia', '11', 11, 11, 6044000, 'Rafael', 'Oliveira', 165),
  (550, 'Inglaterra', '9', 9, 9, 6032000, 'João', 'Barbosa', 166),
  (551, 'Francia', '1', 1, 1, 6020000, 'Emiliano', 'Campos', 167),
  (552, 'Portugal', '2', 2, 2, 6008000, 'Miguel', 'Méndez', 168),
  (553, 'Alemania', '3', 3, 3, 5996000, 'Andrés', 'Reyes', 169),
  (554, 'Uruguay', '4', 4, 4, 5984000, 'Alessandro', 'Conti', 170),
  (555, 'Colombia', '6', 6, 6, 5972000, 'Emiliano', 'Martínez', 171),
  (556, 'México', '5', 5, 5, 5960000, 'Iván', 'Romero', 172),
  (557, 'Países Bajos', '8', 8, 8, 5948000, 'Oliver', 'Santos', 173),
  (558, 'Bélgica', '10', 10, 10, 5936000, 'Cristian', 'Fernandes', 174),
  (559, 'Chile', '7', 7, 7, 5924000, 'Leonardo', 'Castro', 175),
  (560, 'Ecuador', '11', 11, 11, 5912000, 'Leon', 'Medina', 176),
  (561, 'Paraguay', '9', 9, 9, 5900000, 'Daniel', 'Oliveira', 177),
  (562, 'Argentina', '1', 1, 1, 5888000, 'Martín', 'Rossi', 178),
  (563, 'Brasil', '2', 2, 2, 5876000, 'Rafael', 'Campos', 179),
  (564, 'España', '3', 3, 3, 5864000, 'Sergio', 'Méndez', 180),
  (565, 'Italia', '4', 4, 4, 5852000, 'Rodrigo', 'Reyes', 181),
  (566, 'Inglaterra', '6', 6, 6, 5840000, 'Mathieu', 'Laurent', 182),
  (567, 'Francia', '5', 5, 5, 5828000, 'Mateo', 'Martínez', 183),
  (568, 'Portugal', '8', 8, 8, 5816000, 'Lucas', 'Romero', 184),
  (569, 'Alemania', '10', 10, 10, 5804000, 'Diogo', 'Santos', 185),
  (570, 'Uruguay', '7', 7, 7, 5792000, 'Santiago', 'Cárdenas', 186),
  (571, 'Colombia', '11', 11, 11, 5780000, 'Agustín', 'Castro', 187),
  (572, 'México', '9', 9, 9, 5768000, 'Gabriel', 'Medina', 188),
  (573, 'Países Bajos', '1', 1, 1, 5756000, 'Lorenzo', 'Oliveira', 189),
  (574, 'Bélgica', '2', 2, 2, 5744000, 'Bruno', 'Moreira', 190),
  (575, 'Chile', '3', 3, 3, 5732000, 'Iker', 'Campos', 191),
  (576, 'Ecuador', '4', 4, 4, 5720000, 'Gabriel', 'Méndez', 192),
  (577, 'Paraguay', '6', 6, 6, 5708000, 'Julián', 'Reyes', 2),
  (578, 'Argentina', '5', 5, 5, 5696000, 'Federico', 'Silveira', 3),
  (579, 'Brasil', '8', 8, 8, 5684000, 'Valentín', 'Martínez', 4),
  (580, 'España', '10', 10, 10, 5672000, 'Franco', 'Romero', 5),
  (581, 'Italia', '7', 7, 7, 5660000, 'Juan', 'Santos', 6),
  (582, 'Inglaterra', '11', 11, 11, 5648000, 'Enzo', 'Schneider', 7),
  (583, 'Francia', '9', 9, 9, 5636000, 'Alejandro', 'Castro', 8),
  (584, 'Portugal', '1', 1, 1, 5624000, 'Emiliano', 'Medina', 9),
  (585, 'Alemania', '2', 2, 2, 5612000, 'Rafael', 'Oliveira', 10),
  (586, 'Uruguay', '3', 3, 3, 5600000, 'João', 'Serrano', 11),
  (587, 'Colombia', '4', 4, 4, 5588000, 'Alessandro', 'Campos', 12),
  (588, 'México', '6', 6, 6, 5576000, 'Miguel', 'Méndez', 13),
  (589, 'Países Bajos', '5', 5, 5, 5564000, 'Andrés', 'Reyes', 14),
  (590, 'Bélgica', '8', 8, 8, 5552000, 'Oliver', 'Bennett', 15),
  (591, 'Chile', '10', 10, 10, 5540000, 'Emiliano', 'Martínez', 16),
  (592, 'Ecuador', '7', 7, 7, 5528000, 'Iván', 'Romero', 17),
  (593, 'Paraguay', '11', 11, 11, 5516000, 'Leon', 'Santos', 18),
  (594, 'Argentina', '9', 9, 9, 5504000, 'Cristian', 'Barbosa', 19),
  (595, 'Brasil', '1', 1, 1, 5492000, 'Leonardo', 'Castro', 20),
  (596, 'España', '2', 2, 2, 5480000, 'Rafael', 'Medina', 21),
  (597, 'Italia', '3', 3, 3, 5468000, 'Daniel', 'Oliveira', 22),
  (598, 'Inglaterra', '4', 4, 4, 5456000, 'Martín', 'Conti', 23),
  (599, 'Francia', '6', 6, 6, 5444000, 'Mathieu', 'Campos', 24),
  (600, 'Portugal', '5', 5, 5, 5432000, 'Sergio', 'Méndez', 25),
  (601, 'Alemania', '8', 8, 8, 5420000, 'Rodrigo', 'Reyes', 26),
  (602, 'Uruguay', '10', 10, 10, 5408000, 'Diogo', 'Fernandes', 27),
  (603, 'Colombia', '7', 7, 7, 5396000, 'Mateo', 'Martínez', 28),
  (604, 'México', '11', 11, 11, 5384000, 'Lucas', 'Romero', 29),
  (605, 'Países Bajos', '9', 9, 9, 5372000, 'Gabriel', 'Santos', 30),
  (606, 'Bélgica', '1', 1, 1, 5360000, 'Santiago', 'Rossi', 31),
  (607, 'Chile', '2', 2, 2, 5348000, 'Agustín', 'Castro', 32),
  (608, 'Ecuador', '3', 3, 3, 5336000, 'Iker', 'Medina', 33),
  (609, 'Paraguay', '4', 4, 4, 5324000, 'Lorenzo', 'Oliveira', 34),
  (610, 'Argentina', '6', 6, 6, 5312000, 'Bruno', 'Laurent', 35),
  (611, 'Brasil', '5', 5, 5, 5300000, 'Federico', 'Campos', 36),
  (612, 'España', '8', 8, 8, 5288000, 'Gabriel', 'Méndez', 37),
  (613, 'Italia', '10', 10, 10, 5276000, 'Julián', 'Reyes', 38),
  (614, 'Inglaterra', '7', 7, 7, 5264000, 'Juan', 'Cárdenas', 39),
  (615, 'Francia', '11', 11, 11, 5252000, 'Valentín', 'Martínez', 40),
  (616, 'Portugal', '9', 9, 9, 5240000, 'Franco', 'Romero', 41),
  (617, 'Alemania', '1', 1, 1, 5228000, 'Emiliano', 'Santos', 42),
  (618, 'Uruguay', '2', 2, 2, 5216000, 'Enzo', 'Moreira', 43),
  (619, 'Colombia', '3', 3, 3, 5204000, 'Alejandro', 'Castro', 44),
  (620, 'México', '4', 4, 4, 5192000, 'Alessandro', 'Medina', 45),
  (621, 'Países Bajos', '6', 6, 6, 5180000, 'Rafael', 'Oliveira', 46),
  (622, 'Bélgica', '5', 5, 5, 5168000, 'João', 'Silveira', 47),
  (623, 'Chile', '8', 8, 8, 5156000, 'Oliver', 'Campos', 48),
  (624, 'Ecuador', '10', 10, 10, 5144000, 'Miguel', 'Méndez', 49),
  (625, 'Paraguay', '7', 7, 7, 5132000, 'Andrés', 'Reyes', 50),
  (626, 'Argentina', '11', 11, 11, 5120000, 'Leon', 'Schneider', 51),
  (627, 'Brasil', '9', 9, 9, 5108000, 'Emiliano', 'Martínez', 52),
  (628, 'España', '1', 1, 1, 5096000, 'Iván', 'Romero', 53),
  (629, 'Italia', '2', 2, 2, 5084000, 'Rafael', 'Santos', 54),
  (630, 'Inglaterra', '3', 3, 3, 5072000, 'Cristian', 'Serrano', 55),
  (631, 'Francia', '4', 4, 4, 5060000, 'Leonardo', 'Castro', 56),
  (632, 'Portugal', '6', 6, 6, 5048000, 'Mathieu', 'Medina', 57),
  (633, 'Alemania', '5', 5, 5, 5036000, 'Daniel', 'Oliveira', 58),
  (634, 'Uruguay', '8', 8, 8, 5024000, 'Martín', 'Bennett', 59),
  (635, 'Colombia', '10', 10, 10, 5012000, 'Diogo', 'Campos', 60),
  (636, 'México', '7', 7, 7, 5000000, 'Sergio', 'Méndez', 61),
  (637, 'Países Bajos', '11', 11, 11, 4988000, 'Rodrigo', 'Reyes', 62),
  (638, 'Bélgica', '9', 9, 9, 4976000, 'Gabriel', 'Barbosa', 63),
  (639, 'Chile', '1', 1, 1, 4964000, 'Mateo', 'Martínez', 64),
  (640, 'Ecuador', '2', 2, 2, 4952000, 'Lucas', 'Romero', 65),
  (641, 'Paraguay', '3', 3, 3, 4940000, 'Iker', 'Santos', 66),
  (642, 'Argentina', '4', 4, 4, 4928000, 'Santiago', 'Conti', 67),
  (643, 'Brasil', '6', 6, 6, 4916000, 'Agustín', 'Castro', 68),
  (644, 'España', '5', 5, 5, 4904000, 'Federico', 'Medina', 69),
  (645, 'Italia', '8', 8, 8, 4892000, 'Lorenzo', 'Oliveira', 70),
  (646, 'Inglaterra', '10', 10, 10, 4880000, 'Bruno', 'Fernandes', 71),
  (647, 'Francia', '7', 7, 7, 4868000, 'Juan', 'Campos', 72),
  (648, 'Portugal', '11', 11, 11, 4856000, 'Gabriel', 'Méndez', 73),
  (649, 'Alemania', '9', 9, 9, 4844000, 'Julián', 'Reyes', 74),
  (650, 'Uruguay', '1', 1, 1, 4832000, 'Emiliano', 'Rossi', 75),
  (651, 'Colombia', '2', 2, 2, 4820000, 'Valentín', 'Martínez', 76),
  (652, 'México', '3', 3, 3, 4808000, 'Franco', 'Romero', 77),
  (653, 'Países Bajos', '4', 4, 4, 4796000, 'Alessandro', 'Santos', 78),
  (654, 'Bélgica', '6', 6, 6, 4784000, 'Enzo', 'Laurent', 79),
  (655, 'Chile', '5', 5, 5, 4772000, 'Alejandro', 'Castro', 80),
  (656, 'Ecuador', '8', 8, 8, 4760000, 'Oliver', 'Medina', 81),
  (657, 'Paraguay', '10', 10, 10, 4748000, 'Rafael', 'Oliveira', 82),
  (658, 'Argentina', '7', 7, 7, 4736000, 'João', 'Cárdenas', 83),
  (659, 'Brasil', '11', 11, 11, 4724000, 'Leon', 'Campos', 84),
  (660, 'España', '9', 9, 9, 4712000, 'Miguel', 'Méndez', 85),
  (661, 'Italia', '1', 1, 1, 4700000, 'Andrés', 'Reyes', 86),
  (662, 'Inglaterra', '2', 2, 2, 4688000, 'Rafael', 'Moreira', 87),
  (663, 'Francia', '3', 3, 3, 4676000, 'Emiliano', 'Martínez', 88),
  (664, 'Portugal', '4', 4, 4, 4664000, 'Iván', 'Romero', 89),
  (665, 'Alemania', '6', 6, 6, 4652000, 'Mathieu', 'Santos', 90),
  (666, 'Uruguay', '5', 5, 5, 4640000, 'Cristian', 'Silveira', 91),
  (667, 'Colombia', '8', 8, 8, 4628000, 'Leonardo', 'Castro', 92),
  (668, 'México', '10', 10, 10, 4616000, 'Diogo', 'Medina', 93),
  (669, 'Países Bajos', '7', 7, 7, 4604000, 'Daniel', 'Oliveira', 94),
  (670, 'Bélgica', '11', 11, 11, 4592000, 'Martín', 'Schneider', 95),
  (671, 'Chile', '9', 9, 9, 4580000, 'Gabriel', 'Campos', 96),
  (672, 'Ecuador', '1', 1, 1, 4568000, 'Sergio', 'Méndez', 97),
  (673, 'Paraguay', '2', 2, 2, 4556000, 'Rodrigo', 'Reyes', 98),
  (674, 'Argentina', '3', 3, 3, 4544000, 'Iker', 'Serrano', 99),
  (675, 'Brasil', '4', 4, 4, 4532000, 'Mateo', 'Martínez', 100),
  (676, 'España', '6', 6, 6, 4520000, 'Lucas', 'Romero', 101),
  (677, 'Italia', '5', 5, 5, 4508000, 'Federico', 'Santos', 102),
  (678, 'Inglaterra', '8', 8, 8, 4496000, 'Santiago', 'Bennett', 103),
  (679, 'Francia', '10', 10, 10, 4484000, 'Agustín', 'Castro', 104),
  (680, 'Portugal', '7', 7, 7, 4472000, 'Juan', 'Medina', 105),
  (681, 'Alemania', '11', 11, 11, 4460000, 'Lorenzo', 'Oliveira', 106),
  (682, 'Uruguay', '9', 9, 9, 4448000, 'Bruno', 'Barbosa', 107),
  (683, 'Colombia', '1', 1, 1, 4436000, 'Emiliano', 'Campos', 108),
  (684, 'México', '2', 2, 2, 4424000, 'Gabriel', 'Méndez', 109),
  (685, 'Países Bajos', '3', 3, 3, 4412000, 'Julián', 'Reyes', 110),
  (686, 'Bélgica', '4', 4, 4, 4400000, 'Alessandro', 'Conti', 111),
  (687, 'Chile', '6', 6, 6, 4388000, 'Valentín', 'Martínez', 112),
  (688, 'Ecuador', '5', 5, 5, 4376000, 'Franco', 'Romero', 113),
  (689, 'Paraguay', '8', 8, 8, 4364000, 'Oliver', 'Santos', 114),
  (690, 'Argentina', '10', 10, 10, 4352000, 'Enzo', 'Fernandes', 115),
  (691, 'Brasil', '7', 7, 7, 4340000, 'Alejandro', 'Castro', 116),
  (692, 'España', '11', 11, 11, 4328000, 'Leon', 'Medina', 117),
  (693, 'Italia', '9', 9, 9, 4316000, 'Rafael', 'Oliveira', 118),
  (694, 'Inglaterra', '1', 1, 1, 4304000, 'João', 'Rossi', 119),
  (695, 'Francia', '2', 2, 2, 4292000, 'Rafael', 'Campos', 120),
  (696, 'Portugal', '3', 3, 3, 4280000, 'Miguel', 'Méndez', 121),
  (697, 'Alemania', '4', 4, 4, 4268000, 'Andrés', 'Reyes', 122),
  (698, 'Uruguay', '6', 6, 6, 4256000, 'Mathieu', 'Laurent', 123),
  (699, 'Colombia', '5', 5, 5, 4244000, 'Emiliano', 'Martínez', 124),
  (700, 'México', '8', 8, 8, 4232000, 'Iván', 'Romero', 125),
  (701, 'Países Bajos', '10', 10, 10, 4220000, 'Diogo', 'Santos', 126),
  (702, 'Bélgica', '7', 7, 7, 4208000, 'Cristian', 'Cárdenas', 127),
  (703, 'Chile', '11', 11, 11, 4196000, 'Leonardo', 'Castro', 128),
  (704, 'Ecuador', '9', 9, 9, 4184000, 'Gabriel', 'Medina', 129),
  (705, 'Paraguay', '1', 1, 1, 4172000, 'Daniel', 'Oliveira', 130),
  (706, 'Argentina', '2', 2, 2, 4160000, 'Martín', 'Moreira', 131),
  (707, 'Brasil', '3', 3, 3, 4148000, 'Iker', 'Campos', 132),
  (708, 'España', '4', 4, 4, 4136000, 'Sergio', 'Méndez', 133),
  (709, 'Italia', '6', 6, 6, 4124000, 'Rodrigo', 'Reyes', 134),
  (710, 'Inglaterra', '5', 5, 5, 4112000, 'Federico', 'Silveira', 135),
  (711, 'Francia', '8', 8, 8, 4100000, 'Mateo', 'Martínez', 136),
  (712, 'Portugal', '10', 10, 10, 4088000, 'Lucas', 'Romero', 137),
  (713, 'Alemania', '7', 7, 7, 4076000, 'Juan', 'Santos', 138),
  (714, 'Uruguay', '11', 11, 11, 4064000, 'Santiago', 'Schneider', 139),
  (715, 'Colombia', '9', 9, 9, 4052000, 'Agustín', 'Castro', 140),
  (716, 'México', '1', 1, 1, 4040000, 'Emiliano', 'Medina', 141),
  (717, 'Países Bajos', '2', 2, 2, 4028000, 'Lorenzo', 'Oliveira', 142),
  (718, 'Bélgica', '3', 3, 3, 4016000, 'Bruno', 'Serrano', 143),
  (719, 'Chile', '4', 4, 4, 4004000, 'Alessandro', 'Campos', 144),
  (720, 'Ecuador', '6', 6, 6, 3992000, 'Gabriel', 'Méndez', 145),
  (721, 'Paraguay', '5', 5, 5, 3980000, 'Julián', 'Reyes', 146),
  (722, 'Argentina', '8', 8, 8, 3968000, 'Oliver', 'Bennett', 147),
  (723, 'Brasil', '10', 10, 10, 3956000, 'Valentín', 'Martínez', 148),
  (724, 'España', '7', 7, 7, 3944000, 'Franco', 'Romero', 149),
  (725, 'Italia', '11', 11, 11, 3932000, 'Leon', 'Santos', 150),
  (726, 'Inglaterra', '9', 9, 9, 3920000, 'Enzo', 'Barbosa', 151),
  (727, 'Francia', '1', 1, 1, 3908000, 'Alejandro', 'Castro', 152),
  (728, 'Portugal', '2', 2, 2, 3896000, 'Rafael', 'Medina', 153),
  (729, 'Alemania', '3', 3, 3, 3884000, 'Rafael', 'Oliveira', 154),
  (730, 'Uruguay', '4', 4, 4, 3872000, 'João', 'Conti', 155),
  (731, 'Colombia', '6', 6, 6, 3860000, 'Mathieu', 'Campos', 156),
  (732, 'México', '5', 5, 5, 3848000, 'Miguel', 'Méndez', 157),
  (733, 'Países Bajos', '8', 8, 8, 3836000, 'Andrés', 'Reyes', 158),
  (734, 'Bélgica', '10', 10, 10, 3824000, 'Diogo', 'Fernandes', 159),
  (735, 'Chile', '7', 7, 7, 3812000, 'Emiliano', 'Martínez', 160),
  (736, 'Ecuador', '11', 11, 11, 3800000, 'Iván', 'Romero', 161),
  (737, 'Paraguay', '9', 9, 9, 3788000, 'Gabriel', 'Santos', 162),
  (738, 'Argentina', '1', 1, 1, 3776000, 'Cristian', 'Rossi', 163),
  (739, 'Brasil', '2', 2, 2, 3764000, 'Leonardo', 'Castro', 164),
  (740, 'España', '3', 3, 3, 3752000, 'Iker', 'Medina', 165),
  (741, 'Italia', '4', 4, 4, 3740000, 'Daniel', 'Oliveira', 166),
  (742, 'Inglaterra', '6', 6, 6, 3728000, 'Martín', 'Laurent', 167),
  (743, 'Francia', '5', 5, 5, 3716000, 'Federico', 'Campos', 168),
  (744, 'Portugal', '8', 8, 8, 3704000, 'Sergio', 'Méndez', 169),
  (745, 'Alemania', '10', 10, 10, 3692000, 'Rodrigo', 'Reyes', 170),
  (746, 'Uruguay', '7', 7, 7, 3680000, 'Juan', 'Cárdenas', 171),
  (747, 'Colombia', '11', 11, 11, 3668000, 'Mateo', 'Martínez', 172),
  (748, 'México', '9', 9, 9, 3656000, 'Lucas', 'Romero', 173),
  (749, 'Países Bajos', '1', 1, 1, 3644000, 'Emiliano', 'Santos', 174),
  (750, 'Bélgica', '2', 2, 2, 3632000, 'Santiago', 'Moreira', 175),
  (751, 'Chile', '3', 3, 3, 3620000, 'Agustín', 'Castro', 176),
  (752, 'Ecuador', '4', 4, 4, 3608000, 'Alessandro', 'Medina', 177),
  (753, 'Paraguay', '6', 6, 6, 3596000, 'Lorenzo', 'Oliveira', 178),
  (754, 'Argentina', '5', 5, 5, 3584000, 'Bruno', 'Silveira', 179),
  (755, 'Brasil', '8', 8, 8, 3572000, 'Oliver', 'Campos', 180),
  (756, 'España', '10', 10, 10, 3560000, 'Gabriel', 'Méndez', 181),
  (757, 'Italia', '7', 7, 7, 3548000, 'Julián', 'Reyes', 182),
  (758, 'Inglaterra', '11', 11, 11, 3536000, 'Leon', 'Schneider', 183),
  (759, 'Francia', '9', 9, 9, 3524000, 'Valentín', 'Martínez', 184),
  (760, 'Portugal', '1', 1, 1, 3512000, 'Franco', 'Romero', 185),
  (761, 'Alemania', '2', 2, 2, 3500000, 'Rafael', 'Santos', 186),
  (762, 'Uruguay', '3', 3, 3, 3488000, 'Enzo', 'Serrano', 187),
  (763, 'Colombia', '4', 4, 4, 3476000, 'Alejandro', 'Castro', 188),
  (764, 'México', '6', 6, 6, 3464000, 'Mathieu', 'Medina', 189),
  (765, 'Países Bajos', '5', 5, 5, 3452000, 'Rafael', 'Oliveira', 190),
  (766, 'Bélgica', '8', 8, 8, 3440000, 'João', 'Bennett', 191),
  (767, 'Chile', '10', 10, 10, 3428000, 'Diogo', 'Campos', 192),
  (768, 'Ecuador', '7', 7, 7, 3416000, 'Miguel', 'Méndez', 2),
  (769, 'Paraguay', '11', 11, 11, 3404000, 'Andrés', 'Reyes', 3),
  (770, 'Argentina', '9', 9, 9, 3392000, 'Gabriel', 'Barbosa', 4),
  (771, 'Brasil', '1', 1, 1, 3380000, 'Emiliano', 'Martínez', 5),
  (772, 'España', '2', 2, 2, 3368000, 'Iván', 'Romero', 6),
  (773, 'Italia', '3', 3, 3, 3356000, 'Iker', 'Santos', 7),
  (774, 'Inglaterra', '4', 4, 4, 3344000, 'Cristian', 'Conti', 8),
  (775, 'Francia', '6', 6, 6, 3332000, 'Leonardo', 'Castro', 9),
  (776, 'Portugal', '5', 5, 5, 3320000, 'Federico', 'Medina', 10),
  (777, 'Alemania', '8', 8, 8, 3308000, 'Daniel', 'Oliveira', 11),
  (778, 'Uruguay', '10', 10, 10, 3296000, 'Martín', 'Fernandes', 12),
  (779, 'Colombia', '7', 7, 7, 3284000, 'Juan', 'Campos', 13),
  (780, 'México', '11', 11, 11, 3272000, 'Sergio', 'Méndez', 14),
  (781, 'Países Bajos', '9', 9, 9, 3260000, 'Rodrigo', 'Reyes', 15),
  (782, 'Bélgica', '1', 1, 1, 3248000, 'Emiliano', 'Rossi', 16),
  (783, 'Chile', '2', 2, 2, 3236000, 'Mateo', 'Martínez', 17),
  (784, 'Ecuador', '3', 3, 3, 3224000, 'Lucas', 'Romero', 18),
  (785, 'Paraguay', '4', 4, 4, 3212000, 'Alessandro', 'Santos', 19),
  (786, 'Argentina', '6', 6, 6, 3200000, 'Santiago', 'Laurent', 20),
  (787, 'Brasil', '5', 5, 5, 3188000, 'Agustín', 'Castro', 21),
  (788, 'España', '8', 8, 8, 3176000, 'Oliver', 'Medina', 22),
  (789, 'Italia', '10', 10, 10, 3164000, 'Lorenzo', 'Oliveira', 23),
  (790, 'Inglaterra', '7', 7, 7, 3152000, 'Bruno', 'Cárdenas', 24),
  (791, 'Francia', '11', 11, 11, 3140000, 'Leon', 'Campos', 25),
  (792, 'Portugal', '9', 9, 9, 3128000, 'Gabriel', 'Méndez', 26),
  (793, 'Alemania', '1', 1, 1, 3116000, 'Julián', 'Reyes', 27),
  (794, 'Uruguay', '2', 2, 2, 3104000, 'Rafael', 'Moreira', 28),
  (795, 'Colombia', '3', 3, 3, 3092000, 'Valentín', 'Martínez', 29),
  (796, 'México', '4', 4, 4, 3080000, 'Franco', 'Romero', 30),
  (797, 'Países Bajos', '6', 6, 6, 3068000, 'Mathieu', 'Santos', 31),
  (798, 'Bélgica', '5', 5, 5, 3056000, 'Enzo', 'Silveira', 32),
  (799, 'Chile', '8', 8, 8, 3044000, 'Alejandro', 'Castro', 33),
  (800, 'Ecuador', '10', 10, 10, 3032000, 'Diogo', 'Medina', 34),
  (801, 'Paraguay', '7', 7, 7, 3020000, 'Rafael', 'Oliveira', 35),
  (802, 'Argentina', '11', 11, 11, 3008000, 'João', 'Schneider', 36),
  (803, 'Brasil', '9', 9, 9, 2996000, 'Gabriel', 'Campos', 37),
  (804, 'España', '1', 1, 1, 2984000, 'Miguel', 'Méndez', 38),
  (805, 'Italia', '2', 2, 2, 2972000, 'Andrés', 'Reyes', 39),
  (806, 'Inglaterra', '3', 3, 3, 2960000, 'Iker', 'Serrano', 40),
  (807, 'Francia', '4', 4, 4, 2948000, 'Emiliano', 'Martínez', 41),
  (808, 'Portugal', '6', 6, 6, 2936000, 'Iván', 'Romero', 42),
  (809, 'Alemania', '5', 5, 5, 2924000, 'Federico', 'Santos', 43),
  (810, 'Uruguay', '8', 8, 8, 2912000, 'Cristian', 'Bennett', 44),
  (811, 'Colombia', '10', 10, 10, 2900000, 'Leonardo', 'Castro', 45),
  (812, 'México', '7', 7, 7, 2888000, 'Juan', 'Medina', 46),
  (813, 'Países Bajos', '11', 11, 11, 2876000, 'Daniel', 'Oliveira', 47),
  (814, 'Bélgica', '9', 9, 9, 2864000, 'Martín', 'Barbosa', 48),
  (815, 'Chile', '1', 1, 1, 2852000, 'Emiliano', 'Campos', 49),
  (816, 'Ecuador', '2', 2, 2, 2840000, 'Sergio', 'Méndez', 50),
  (817, 'Paraguay', '3', 3, 3, 2828000, 'Rodrigo', 'Reyes', 51),
  (818, 'Argentina', '4', 4, 4, 2816000, 'Alessandro', 'Conti', 52),
  (819, 'Brasil', '6', 6, 6, 2804000, 'Mateo', 'Martínez', 53),
  (820, 'España', '5', 5, 5, 2792000, 'Lucas', 'Romero', 54),
  (821, 'Italia', '8', 8, 8, 2780000, 'Oliver', 'Santos', 55),
  (822, 'Inglaterra', '10', 10, 10, 2768000, 'Santiago', 'Fernandes', 56),
  (823, 'Francia', '7', 7, 7, 2756000, 'Agustín', 'Castro', 57),
  (824, 'Portugal', '11', 11, 11, 2744000, 'Leon', 'Medina', 58),
  (825, 'Alemania', '9', 9, 9, 2732000, 'Lorenzo', 'Oliveira', 59),
  (826, 'Uruguay', '1', 1, 1, 2720000, 'Bruno', 'Rossi', 60),
  (827, 'Colombia', '2', 2, 2, 2708000, 'Rafael', 'Campos', 61),
  (828, 'México', '3', 3, 3, 2696000, 'Gabriel', 'Méndez', 62),
  (829, 'Países Bajos', '4', 4, 4, 2684000, 'Julián', 'Reyes', 63),
  (830, 'Bélgica', '6', 6, 6, 2672000, 'Mathieu', 'Laurent', 64),
  (831, 'Chile', '5', 5, 5, 2660000, 'Valentín', 'Martínez', 65),
  (832, 'Ecuador', '8', 8, 8, 2648000, 'Franco', 'Romero', 66),
  (833, 'Paraguay', '10', 10, 10, 2636000, 'Diogo', 'Santos', 67),
  (834, 'Argentina', '7', 7, 7, 2624000, 'Enzo', 'Cárdenas', 68),
  (835, 'Brasil', '11', 11, 11, 2612000, 'Alejandro', 'Castro', 69),
  (836, 'España', '9', 9, 9, 2600000, 'Gabriel', 'Medina', 70),
  (837, 'Italia', '1', 1, 1, 2588000, 'Rafael', 'Oliveira', 71),
  (838, 'Inglaterra', '2', 2, 2, 2576000, 'João', 'Moreira', 72),
  (839, 'Francia', '3', 3, 3, 2564000, 'Iker', 'Campos', 73),
  (840, 'Portugal', '4', 4, 4, 2552000, 'Miguel', 'Méndez', 74),
  (841, 'Alemania', '6', 6, 6, 2540000, 'Andrés', 'Reyes', 75),
  (842, 'Uruguay', '5', 5, 5, 2528000, 'Federico', 'Silveira', 76),
  (843, 'Colombia', '8', 8, 8, 2516000, 'Emiliano', 'Martínez', 77),
  (844, 'México', '10', 10, 10, 2504000, 'Iván', 'Romero', 78),
  (845, 'Países Bajos', '7', 7, 7, 2492000, 'Juan', 'Santos', 79),
  (846, 'Bélgica', '11', 11, 11, 2480000, 'Cristian', 'Schneider', 80),
  (847, 'Chile', '9', 9, 9, 2468000, 'Leonardo', 'Castro', 81),
  (848, 'Ecuador', '1', 1, 1, 2456000, 'Emiliano', 'Medina', 82),
  (849, 'Paraguay', '2', 2, 2, 2444000, 'Daniel', 'Oliveira', 83),
  (850, 'Argentina', '3', 3, 3, 2432000, 'Martín', 'Serrano', 84),
  (851, 'Brasil', '4', 4, 4, 2420000, 'Alessandro', 'Campos', 85),
  (852, 'España', '6', 6, 6, 2408000, 'Sergio', 'Méndez', 86),
  (853, 'Italia', '5', 5, 5, 2396000, 'Rodrigo', 'Reyes', 87),
  (854, 'Inglaterra', '8', 8, 8, 2384000, 'Oliver', 'Bennett', 88),
  (855, 'Francia', '10', 10, 10, 2372000, 'Mateo', 'Martínez', 89),
  (856, 'Portugal', '7', 7, 7, 2360000, 'Lucas', 'Romero', 90),
  (857, 'Alemania', '11', 11, 11, 2348000, 'Leon', 'Santos', 91),
  (858, 'Uruguay', '9', 9, 9, 2336000, 'Santiago', 'Barbosa', 92),
  (859, 'Colombia', '1', 1, 1, 2324000, 'Agustín', 'Castro', 93),
  (860, 'México', '2', 2, 2, 2312000, 'Rafael', 'Medina', 94),
  (861, 'Países Bajos', '3', 3, 3, 2300000, 'Lorenzo', 'Oliveira', 95),
  (862, 'Bélgica', '4', 4, 4, 2288000, 'Bruno', 'Conti', 96),
  (863, 'Chile', '6', 6, 6, 2276000, 'Mathieu', 'Campos', 97),
  (864, 'Ecuador', '5', 5, 5, 2264000, 'Gabriel', 'Méndez', 98),
  (865, 'Paraguay', '8', 8, 8, 2252000, 'Julián', 'Reyes', 99),
  (866, 'Argentina', '10', 10, 10, 2240000, 'Diogo', 'Fernandes', 100),
  (867, 'Brasil', '7', 7, 7, 2228000, 'Valentín', 'Martínez', 101),
  (868, 'España', '11', 11, 11, 2216000, 'Franco', 'Romero', 102),
  (869, 'Italia', '9', 9, 9, 2204000, 'Gabriel', 'Santos', 103),
  (870, 'Inglaterra', '1', 1, 1, 2192000, 'Enzo', 'Rossi', 104),
  (871, 'Francia', '2', 2, 2, 2180000, 'Alejandro', 'Castro', 105),
  (872, 'Portugal', '3', 3, 3, 2168000, 'Iker', 'Medina', 106),
  (873, 'Alemania', '4', 4, 4, 2156000, 'Rafael', 'Oliveira', 107),
  (874, 'Uruguay', '6', 6, 6, 2144000, 'João', 'Laurent', 108),
  (875, 'Colombia', '5', 5, 5, 2132000, 'Federico', 'Campos', 109),
  (876, 'México', '8', 8, 8, 2120000, 'Miguel', 'Méndez', 110),
  (877, 'Países Bajos', '10', 10, 10, 2108000, 'Andrés', 'Reyes', 111),
  (878, 'Bélgica', '7', 7, 7, 2096000, 'Juan', 'Cárdenas', 112),
  (879, 'Chile', '11', 11, 11, 2084000, 'Emiliano', 'Martínez', 113),
  (880, 'Ecuador', '9', 9, 9, 2072000, 'Iván', 'Romero', 114),
  (881, 'Paraguay', '1', 1, 1, 2060000, 'Emiliano', 'Santos', 115),
  (882, 'Argentina', '2', 2, 2, 2048000, 'Cristian', 'Moreira', 116),
  (883, 'Brasil', '3', 3, 3, 2036000, 'Leonardo', 'Castro', 117),
  (884, 'España', '4', 4, 4, 2024000, 'Alessandro', 'Medina', 118),
  (885, 'Italia', '6', 6, 6, 2012000, 'Daniel', 'Oliveira', 119),
  (886, 'Inglaterra', '5', 5, 5, 2000000, 'Martín', 'Silveira', 120),
  (887, 'Francia', '8', 8, 8, 1988000, 'Oliver', 'Campos', 121),
  (888, 'Portugal', '10', 10, 10, 1976000, 'Sergio', 'Méndez', 122),
  (889, 'Alemania', '7', 7, 7, 1964000, 'Rodrigo', 'Reyes', 123),
  (890, 'Uruguay', '11', 11, 11, 1952000, 'Leon', 'Schneider', 124),
  (891, 'Colombia', '9', 9, 9, 1940000, 'Mateo', 'Martínez', 125),
  (892, 'México', '1', 1, 1, 1928000, 'Lucas', 'Romero', 126),
  (893, 'Países Bajos', '2', 2, 2, 1916000, 'Rafael', 'Santos', 127),
  (894, 'Bélgica', '3', 3, 3, 1904000, 'Santiago', 'Serrano', 128),
  (895, 'Chile', '4', 4, 4, 1892000, 'Agustín', 'Castro', 129),
  (896, 'Ecuador', '6', 6, 6, 1880000, 'Mathieu', 'Medina', 130),
  (897, 'Paraguay', '5', 5, 5, 1868000, 'Lorenzo', 'Oliveira', 131),
  (898, 'Argentina', '8', 8, 8, 1856000, 'Bruno', 'Bennett', 132),
  (899, 'Brasil', '10', 10, 10, 1844000, 'Diogo', 'Campos', 133),
  (900, 'España', '7', 7, 7, 1832000, 'Gabriel', 'Méndez', 134),
  (901, 'Italia', '11', 11, 11, 1820000, 'Julián', 'Reyes', 135),
  (902, 'Inglaterra', '9', 9, 9, 1808000, 'Gabriel', 'Barbosa', 136),
  (903, 'Francia', '1', 1, 1, 1796000, 'Valentín', 'Martínez', 137),
  (904, 'Portugal', '2', 2, 2, 1784000, 'Franco', 'Romero', 138),
  (905, 'Alemania', '3', 3, 3, 1772000, 'Iker', 'Santos', 139),
  (906, 'Uruguay', '4', 4, 4, 1760000, 'Enzo', 'Conti', 140),
  (907, 'Colombia', '6', 6, 6, 1748000, 'Alejandro', 'Castro', 141),
  (908, 'México', '5', 5, 5, 1736000, 'Federico', 'Medina', 142),
  (909, 'Países Bajos', '8', 8, 8, 1724000, 'Rafael', 'Oliveira', 143),
  (910, 'Bélgica', '10', 10, 10, 1712000, 'João', 'Fernandes', 144),
  (911, 'Chile', '7', 7, 7, 1700000, 'Juan', 'Campos', 145),
  (912, 'Ecuador', '11', 11, 11, 1688000, 'Miguel', 'Méndez', 146),
  (913, 'Paraguay', '9', 9, 9, 1676000, 'Andrés', 'Reyes', 147),
  (914, 'Argentina', '1', 1, 1, 1664000, 'Emiliano', 'Rossi', 148),
  (915, 'Brasil', '2', 2, 2, 1652000, 'Emiliano', 'Martínez', 149),
  (916, 'España', '3', 3, 3, 1640000, 'Iván', 'Romero', 150),
  (917, 'Italia', '4', 4, 4, 1628000, 'Alessandro', 'Santos', 151),
  (918, 'Inglaterra', '6', 6, 6, 1616000, 'Cristian', 'Laurent', 152),
  (919, 'Francia', '5', 5, 5, 1604000, 'Leonardo', 'Castro', 153),
  (920, 'Portugal', '8', 8, 8, 1592000, 'Oliver', 'Medina', 154),
  (921, 'Alemania', '10', 10, 10, 1580000, 'Daniel', 'Oliveira', 155),
  (922, 'Uruguay', '7', 7, 7, 1568000, 'Martín', 'Cárdenas', 156),
  (923, 'Colombia', '11', 11, 11, 1556000, 'Leon', 'Campos', 157),
  (924, 'México', '9', 9, 9, 1544000, 'Sergio', 'Méndez', 158),
  (925, 'Países Bajos', '1', 1, 1, 1532000, 'Rodrigo', 'Reyes', 159),
  (926, 'Bélgica', '2', 2, 2, 1520000, 'Rafael', 'Moreira', 160),
  (927, 'Chile', '3', 3, 3, 1508000, 'Mateo', 'Martínez', 161),
  (928, 'Ecuador', '4', 4, 4, 1496000, 'Lucas', 'Romero', 162),
  (929, 'Paraguay', '6', 6, 6, 1484000, 'Mathieu', 'Santos', 163),
  (930, 'Argentina', '5', 5, 5, 1472000, 'Santiago', 'Silveira', 164),
  (931, 'Brasil', '8', 8, 8, 1460000, 'Agustín', 'Castro', 165),
  (932, 'España', '10', 10, 10, 1448000, 'Diogo', 'Medina', 166),
  (933, 'Italia', '7', 7, 7, 1436000, 'Lorenzo', 'Oliveira', 167),
  (934, 'Inglaterra', '11', 11, 11, 1424000, 'Bruno', 'Schneider', 168),
  (935, 'Francia', '9', 9, 9, 1412000, 'Gabriel', 'Campos', 169),
  (936, 'Portugal', '1', 1, 1, 1400000, 'Gabriel', 'Méndez', 170),
  (937, 'Alemania', '2', 2, 2, 1388000, 'Julián', 'Reyes', 171),
  (938, 'Uruguay', '3', 3, 3, 1376000, 'Iker', 'Serrano', 172),
  (939, 'Colombia', '4', 4, 4, 1364000, 'Valentín', 'Martínez', 173),
  (940, 'México', '6', 6, 6, 1352000, 'Franco', 'Romero', 174),
  (941, 'Países Bajos', '5', 5, 5, 1340000, 'Federico', 'Santos', 175),
  (942, 'Bélgica', '8', 8, 8, 1328000, 'Enzo', 'Bennett', 176),
  (943, 'Chile', '10', 10, 10, 1316000, 'Alejandro', 'Castro', 177),
  (944, 'Ecuador', '7', 7, 7, 1304000, 'Juan', 'Medina', 178),
  (945, 'Paraguay', '11', 11, 11, 1292000, 'Rafael', 'Oliveira', 179),
  (946, 'Argentina', '9', 9, 9, 1280000, 'João', 'Barbosa', 180),
  (947, 'Brasil', '1', 1, 1, 1268000, 'Emiliano', 'Campos', 181),
  (948, 'España', '2', 2, 2, 1256000, 'Miguel', 'Méndez', 182),
  (949, 'Italia', '3', 3, 3, 1244000, 'Andrés', 'Reyes', 183),
  (950, 'Inglaterra', '4', 4, 4, 1232000, 'Alessandro', 'Conti', 184),
  (951, 'Francia', '6', 6, 6, 1220000, 'Emiliano', 'Martínez', 185),
  (952, 'Portugal', '5', 5, 5, 1208000, 'Iván', 'Romero', 186),
  (953, 'Alemania', '8', 8, 8, 1196000, 'Oliver', 'Santos', 187),
  (954, 'Uruguay', '10', 10, 10, 1184000, 'Cristian', 'Fernandes', 188),
  (955, 'Colombia', '7', 7, 7, 1172000, 'Leonardo', 'Castro', 189),
  (956, 'México', '11', 11, 11, 1160000, 'Leon', 'Medina', 190),
  (957, 'Países Bajos', '9', 9, 9, 1148000, 'Daniel', 'Oliveira', 191),
  (958, 'Bélgica', '1', 1, 1, 1136000, 'Martín', 'Rossi', 192),
  (959, 'Chile', '2', 2, 2, 1124000, 'Rafael', 'Campos', 2),
  (960, 'Ecuador', '3', 3, 3, 1112000, 'Sergio', 'Méndez', 3),
  (961, 'Paraguay', '4', 4, 4, 1100000, 'Rodrigo', 'Reyes', 4),
  (962, 'Argentina', '6', 6, 6, 1088000, 'Mathieu', 'Laurent', 5),
  (963, 'Brasil', '5', 5, 5, 1076000, 'Mateo', 'Martínez', 6),
  (964, 'España', '8', 8, 8, 1064000, 'Lucas', 'Romero', 7),
  (965, 'Italia', '10', 10, 10, 1052000, 'Diogo', 'Santos', 8),
  (966, 'Inglaterra', '7', 7, 7, 1040000, 'Santiago', 'Cárdenas', 9),
  (967, 'Francia', '11', 11, 11, 1028000, 'Agustín', 'Castro', 10),
  (968, 'Portugal', '9', 9, 9, 1016000, 'Gabriel', 'Medina', 11),
  (969, 'Alemania', '1', 1, 1, 1004000, 'Lorenzo', 'Oliveira', 12),
  (970, 'Uruguay', '2', 2, 2, 992000, 'Bruno', 'Moreira', 13),
  (971, 'Colombia', '3', 3, 3, 980000, 'Iker', 'Campos', 14),
  (972, 'México', '4', 4, 4, 968000, 'Gabriel', 'Méndez', 15),
  (973, 'Países Bajos', '6', 6, 6, 956000, 'Julián', 'Reyes', 16),
  (974, 'Bélgica', '5', 5, 5, 944000, 'Federico', 'Silveira', 17),
  (975, 'Chile', '8', 8, 8, 932000, 'Valentín', 'Martínez', 18),
  (976, 'Ecuador', '10', 10, 10, 920000, 'Franco', 'Romero', 19),
  (977, 'Paraguay', '7', 7, 7, 908000, 'Juan', 'Santos', 20),
  (978, 'Argentina', '11', 11, 11, 896000, 'Enzo', 'Schneider', 21),
  (979, 'Brasil', '9', 9, 9, 884000, 'Alejandro', 'Castro', 22),
  (980, 'España', '1', 1, 1, 872000, 'Emiliano', 'Medina', 23),
  (981, 'Italia', '2', 2, 2, 860000, 'Rafael', 'Oliveira', 24),
  (982, 'Inglaterra', '3', 3, 3, 848000, 'João', 'Serrano', 25),
  (983, 'Francia', '4', 4, 4, 836000, 'Alessandro', 'Campos', 26),
  (984, 'Portugal', '6', 6, 6, 824000, 'Miguel', 'Méndez', 27),
  (985, 'Alemania', '5', 5, 5, 812000, 'Andrés', 'Reyes', 28),
  (986, 'Uruguay', '8', 8, 8, 800000, 'Oliver', 'Bennett', 29),
  (987, 'Colombia', '10', 10, 10, 788000, 'Emiliano', 'Martínez', 30),
  (988, 'México', '7', 7, 7, 776000, 'Iván', 'Romero', 31),
  (989, 'Países Bajos', '11', 11, 11, 764000, 'Leon', 'Santos', 32),
  (990, 'Bélgica', '9', 9, 9, 752000, 'Cristian', 'Barbosa', 33),
  (991, 'Chile', '1', 1, 1, 740000, 'Leonardo', 'Castro', 34),
  (992, 'Ecuador', '2', 2, 2, 728000, 'Rafael', 'Medina', 35),
  (993, 'Paraguay', '3', 3, 3, 716000, 'Daniel', 'Oliveira', 36),
  (994, 'Argentina', '4', 4, 4, 704000, 'Martín', 'Conti', 37),
  (995, 'Brasil', '6', 6, 6, 692000, 'Mathieu', 'Campos', 38),
  (996, 'España', '5', 5, 5, 680000, 'Sergio', 'Méndez', 39),
  (997, 'Italia', '8', 8, 8, 668000, 'Rodrigo', 'Reyes', 40),
  (998, 'Inglaterra', '10', 10, 10, 656000, 'Diogo', 'Fernandes', 41),
  (999, 'Francia', '7', 7, 7, 644000, 'Mateo', 'Martínez', 42),
  (1000, 'Portugal', '11', 11, 11, 632000, 'Lucas', 'Romero', 43),
  (1001, 'Alemania', '9', 9, 9, 620000, 'Gabriel', 'Santos', 44),
  (1002, 'Uruguay', '1', 1, 1, 608000, 'Santiago', 'Rossi', 45),
  (1003, 'Colombia', '2', 2, 2, 596000, 'Agustín', 'Castro', 46),
  (1004, 'México', '3', 3, 3, 584000, 'Iker', 'Medina', 47),
  (1005, 'Países Bajos', '4', 4, 4, 572000, 'Lorenzo', 'Oliveira', 48),
  (1006, 'Bélgica', '6', 6, 6, 560000, 'Bruno', 'Laurent', 49),
  (1007, 'Chile', '5', 5, 5, 548000, 'Federico', 'Campos', 50),
  (1008, 'Ecuador', '8', 8, 8, 536000, 'Gabriel', 'Méndez', 51),
  (1009, 'Paraguay', '10', 10, 10, 524000, 'Julián', 'Reyes', 52),
  (1010, 'Argentina', '7', 7, 7, 512000, 'Juan', 'Cárdenas', 53),
  (1011, 'Brasil', '11', 11, 11, 500000, 'Valentín', 'Martínez', 54),
  (1012, 'España', '9', 9, 9, 488000, 'Franco', 'Romero', 55),
  (1013, 'Italia', '1', 1, 1, 476000, 'Emiliano', 'Santos', 56),
  (1014, 'Inglaterra', '2', 2, 2, 464000, 'Enzo', 'Moreira', 57),
  (1015, 'Francia', '3', 3, 3, 452000, 'Alejandro', 'Castro', 58),
  (1016, 'Portugal', '4', 4, 4, 440000, 'Alessandro', 'Medina', 59),
  (1017, 'Alemania', '6', 6, 6, 428000, 'Rafael', 'Oliveira', 60),
  (1018, 'Uruguay', '5', 5, 5, 416000, 'João', 'Silveira', 61),
  (1019, 'Colombia', '8', 8, 8, 404000, 'Oliver', 'Campos', 62),
  (1020, 'México', '10', 10, 10, 392000, 'Miguel', 'Méndez', 63),
  (1021, 'Países Bajos', '7', 7, 7, 380000, 'Andrés', 'Reyes', 64),
  (1022, 'Bélgica', '11', 11, 11, 368000, 'Leon', 'Schneider', 65),
  (1023, 'Chile', '9', 9, 9, 356000, 'Emiliano', 'Martínez', 66),
  (1024, 'Ecuador', '1', 1, 1, 344000, 'Iván', 'Romero', 67),
  (1025, 'Paraguay', '2', 2, 2, 332000, 'Rafael', 'Santos', 68),
  (1026, 'Argentina', '3', 3, 3, 320000, 'Cristian', 'Serrano', 69),
  (1027, 'Brasil', '4', 4, 4, 308000, 'Leonardo', 'Castro', 70),
  (1028, 'España', '6', 6, 6, 296000, 'Mathieu', 'Medina', 71),
  (1029, 'Italia', '5', 5, 5, 284000, 'Daniel', 'Oliveira', 72),
  (1030, 'Inglaterra', '8', 8, 8, 272000, 'Martín', 'Bennett', 73),
  (1031, 'Francia', '10', 10, 10, 260000, 'Diogo', 'Campos', 74),
  (1032, 'Portugal', '7', 7, 7, 250000, 'Sergio', 'Méndez', 75),
  (1033, 'Alemania', '11', 11, 11, 250000, 'Rodrigo', 'Reyes', 76),
  (1034, 'Uruguay', '9', 9, 9, 250000, 'Gabriel', 'Barbosa', 77),
  (1035, 'Colombia', '1', 1, 1, 250000, 'Mateo', 'Martínez', 78),
  (1036, 'México', '2', 2, 2, 250000, 'Lucas', 'Romero', 79),
  (1037, 'Países Bajos', '3', 3, 3, 250000, 'Iker', 'Santos', 80),
  (1038, 'Bélgica', '4', 4, 4, 250000, 'Santiago', 'Conti', 81),
  (1039, 'Chile', '6', 6, 6, 250000, 'Agustín', 'Castro', 82),
  (1040, 'Ecuador', '5', 5, 5, 250000, 'Federico', 'Medina', 83),
  (1041, 'Paraguay', '8', 8, 8, 250000, 'Lorenzo', 'Oliveira', 84),
  (1042, 'Argentina', '10', 10, 10, 250000, 'Bruno', 'Fernandes', 85),
  (1043, 'Brasil', '7', 7, 7, 250000, 'Juan', 'Campos', 86),
  (1044, 'España', '11', 11, 11, 250000, 'Gabriel', 'Méndez', 87),
  (1045, 'Italia', '9', 9, 9, 250000, 'Julián', 'Reyes', 88),
  (1046, 'Inglaterra', '1', 1, 1, 250000, 'Emiliano', 'Rossi', 89),
  (1047, 'Francia', '2', 2, 2, 250000, 'Valentín', 'Martínez', 90),
  (1048, 'Portugal', '3', 3, 3, 250000, 'Franco', 'Romero', 91),
  (1049, 'Alemania', '4', 4, 4, 250000, 'Alessandro', 'Santos', 92),
  (1050, 'Uruguay', '6', 6, 6, 250000, 'Enzo', 'Laurent', 93),
  (1051, 'Colombia', '5', 5, 5, 250000, 'Alejandro', 'Castro', 94),
  (1052, 'México', '8', 8, 8, 250000, 'Oliver', 'Medina', 95),
  (1053, 'Países Bajos', '10', 10, 10, 250000, 'Rafael', 'Oliveira', 96),
  (1054, 'Bélgica', '7', 7, 7, 250000, 'João', 'Cárdenas', 97),
  (1055, 'Chile', '11', 11, 11, 250000, 'Leon', 'Campos', 98),
  (1056, 'Ecuador', '9', 9, 9, 250000, 'Miguel', 'Méndez', 99),
  (1057, 'Paraguay', '1', 1, 1, 250000, 'Andrés', 'Reyes', 100),
  (1058, 'Argentina', '2', 2, 2, 250000, 'Rafael', 'Moreira', 101),
  (1059, 'Brasil', '3', 3, 3, 250000, 'Emiliano', 'Martínez', 102),
  (1060, 'España', '4', 4, 4, 250000, 'Iván', 'Romero', 103),
  (1061, 'Italia', '6', 6, 6, 250000, 'Mathieu', 'Santos', 104),
  (1062, 'Inglaterra', '5', 5, 5, 250000, 'Cristian', 'Silveira', 105),
  (1063, 'Francia', '8', 8, 8, 250000, 'Leonardo', 'Castro', 106),
  (1064, 'Portugal', '10', 10, 10, 250000, 'Diogo', 'Medina', 107),
  (1065, 'Alemania', '7', 7, 7, 250000, 'Daniel', 'Oliveira', 108),
  (1066, 'Uruguay', '11', 11, 11, 250000, 'Martín', 'Schneider', 109),
  (1067, 'Colombia', '9', 9, 9, 250000, 'Gabriel', 'Campos', 110),
  (1068, 'México', '1', 1, 1, 250000, 'Sergio', 'Méndez', 111),
  (1069, 'Países Bajos', '2', 2, 2, 250000, 'Rodrigo', 'Reyes', 112),
  (1070, 'Bélgica', '3', 3, 3, 250000, 'Iker', 'Serrano', 113),
  (1071, 'Chile', '4', 4, 4, 250000, 'Mateo', 'Martínez', 114),
  (1072, 'Ecuador', '6', 6, 6, 250000, 'Lucas', 'Romero', 115),
  (1073, 'Paraguay', '5', 5, 5, 250000, 'Federico', 'Santos', 116),
  (1074, 'Argentina', '8', 8, 8, 250000, 'Santiago', 'Bennett', 117),
  (1075, 'Brasil', '10', 10, 10, 250000, 'Agustín', 'Castro', 118),
  (1076, 'España', '7', 7, 7, 250000, 'Juan', 'Medina', 119),
  (1077, 'Italia', '11', 11, 11, 250000, 'Lorenzo', 'Oliveira', 120),
  (1078, 'Inglaterra', '9', 9, 9, 250000, 'Bruno', 'Barbosa', 121),
  (1079, 'Francia', '1', 1, 1, 250000, 'Emiliano', 'Campos', 122),
  (1080, 'Portugal', '2', 2, 2, 250000, 'Gabriel', 'Méndez', 123),
  (1081, 'Alemania', '3', 3, 3, 250000, 'Julián', 'Reyes', 124),
  (1082, 'Uruguay', '4', 4, 4, 250000, 'Alessandro', 'Conti', 125),
  (1083, 'Colombia', '6', 6, 6, 250000, 'Valentín', 'Martínez', 126),
  (1084, 'México', '5', 5, 5, 250000, 'Franco', 'Romero', 127),
  (1085, 'Países Bajos', '8', 8, 8, 250000, 'Oliver', 'Santos', 128),
  (1086, 'Bélgica', '10', 10, 10, 250000, 'Enzo', 'Fernandes', 129),
  (1087, 'Chile', '7', 7, 7, 250000, 'Alejandro', 'Castro', 130),
  (1088, 'Ecuador', '11', 11, 11, 250000, 'Leon', 'Medina', 131),
  (1089, 'Paraguay', '9', 9, 9, 250000, 'Rafael', 'Oliveira', 132),
  (1090, 'Argentina', '1', 1, 1, 250000, 'João', 'Rossi', 133),
  (1091, 'Brasil', '2', 2, 2, 250000, 'Rafael', 'Campos', 134),
  (1092, 'España', '3', 3, 3, 250000, 'Miguel', 'Méndez', 135),
  (1093, 'Italia', '4', 4, 4, 250000, 'Andrés', 'Reyes', 136),
  (1094, 'Inglaterra', '6', 6, 6, 250000, 'Mathieu', 'Laurent', 137),
  (1095, 'Francia', '5', 5, 5, 250000, 'Emiliano', 'Martínez', 138),
  (1096, 'Portugal', '8', 8, 8, 250000, 'Iván', 'Romero', 139),
  (1097, 'Alemania', '10', 10, 10, 250000, 'Diogo', 'Santos', 140),
  (1098, 'Uruguay', '7', 7, 7, 250000, 'Cristian', 'Cárdenas', 141),
  (1099, 'Colombia', '11', 11, 11, 250000, 'Leonardo', 'Castro', 142),
  (1100, 'México', '9', 9, 9, 250000, 'Gabriel', 'Medina', 143),
  (1101, 'Países Bajos', '1', 1, 1, 250000, 'Daniel', 'Oliveira', 144),
  (1102, 'Bélgica', '2', 2, 2, 250000, 'Martín', 'Moreira', 145),
  (1103, 'Chile', '3', 3, 3, 250000, 'Iker', 'Campos', 146),
  (1104, 'Ecuador', '4', 4, 4, 250000, 'Sergio', 'Méndez', 147),
  (1105, 'Paraguay', '6', 6, 6, 250000, 'Rodrigo', 'Reyes', 148),
  (1106, 'Argentina', '5', 5, 5, 250000, 'Federico', 'Silveira', 149),
  (1107, 'Brasil', '8', 8, 8, 250000, 'Mateo', 'Martínez', 150),
  (1108, 'España', '10', 10, 10, 250000, 'Lucas', 'Romero', 151),
  (1109, 'Italia', '7', 7, 7, 250000, 'Juan', 'Santos', 152),
  (1110, 'Inglaterra', '11', 11, 11, 250000, 'Santiago', 'Schneider', 153),
  (1111, 'Francia', '9', 9, 9, 250000, 'Agustín', 'Castro', 154),
  (1112, 'Portugal', '1', 1, 1, 250000, 'Emiliano', 'Medina', 155),
  (1113, 'Alemania', '2', 2, 2, 250000, 'Lorenzo', 'Oliveira', 156),
  (1114, 'Uruguay', '3', 3, 3, 250000, 'Bruno', 'Serrano', 157),
  (1115, 'Colombia', '4', 4, 4, 250000, 'Alessandro', 'Campos', 158),
  (1116, 'México', '6', 6, 6, 250000, 'Gabriel', 'Méndez', 159),
  (1117, 'Países Bajos', '5', 5, 5, 250000, 'Julián', 'Reyes', 160),
  (1118, 'Bélgica', '8', 8, 8, 250000, 'Oliver', 'Bennett', 161),
  (1119, 'Chile', '10', 10, 10, 250000, 'Valentín', 'Martínez', 162),
  (1120, 'Ecuador', '7', 7, 7, 250000, 'Franco', 'Romero', 163),
  (1121, 'Paraguay', '11', 11, 11, 250000, 'Leon', 'Santos', 164),
  (1122, 'Argentina', '9', 9, 9, 250000, 'Enzo', 'Barbosa', 165),
  (1123, 'Brasil', '1', 1, 1, 250000, 'Alejandro', 'Castro', 166),
  (1124, 'España', '2', 2, 2, 250000, 'Rafael', 'Medina', 167),
  (1125, 'Italia', '3', 3, 3, 250000, 'Rafael', 'Oliveira', 168),
  (1126, 'Inglaterra', '4', 4, 4, 250000, 'João', 'Conti', 169),
  (1127, 'Francia', '6', 6, 6, 250000, 'Mathieu', 'Campos', 170),
  (1128, 'Portugal', '5', 5, 5, 250000, 'Miguel', 'Méndez', 171),
  (1129, 'Alemania', '8', 8, 8, 250000, 'Andrés', 'Reyes', 172),
  (1130, 'Uruguay', '10', 10, 10, 250000, 'Diogo', 'Fernandes', 173),
  (1131, 'Colombia', '7', 7, 7, 250000, 'Emiliano', 'Martínez', 174),
  (1132, 'México', '11', 11, 11, 250000, 'Iván', 'Romero', 175),
  (1133, 'Países Bajos', '9', 9, 9, 250000, 'Gabriel', 'Santos', 176),
  (1134, 'Bélgica', '1', 1, 1, 250000, 'Cristian', 'Rossi', 177),
  (1135, 'Chile', '2', 2, 2, 250000, 'Leonardo', 'Castro', 178),
  (1136, 'Ecuador', '3', 3, 3, 250000, 'Iker', 'Medina', 179),
  (1137, 'Paraguay', '4', 4, 4, 250000, 'Daniel', 'Oliveira', 180),
  (1138, 'Argentina', '6', 6, 6, 250000, 'Martín', 'Laurent', 181),
  (1139, 'Brasil', '5', 5, 5, 250000, 'Federico', 'Campos', 182),
  (1140, 'España', '8', 8, 8, 250000, 'Sergio', 'Méndez', 183),
  (1141, 'Italia', '10', 10, 10, 250000, 'Rodrigo', 'Reyes', 184),
  (1142, 'Inglaterra', '7', 7, 7, 250000, 'Juan', 'Cárdenas', 185),
  (1143, 'Francia', '11', 11, 11, 250000, 'Mateo', 'Martínez', 186),
  (1144, 'Portugal', '9', 9, 9, 250000, 'Lucas', 'Romero', 187),
  (1145, 'Alemania', '1', 1, 1, 250000, 'Emiliano', 'Santos', 188),
  (1146, 'Uruguay', '2', 2, 2, 250000, 'Santiago', 'Moreira', 189),
  (1147, 'Colombia', '3', 3, 3, 250000, 'Agustín', 'Castro', 190),
  (1148, 'México', '4', 4, 4, 250000, 'Alessandro', 'Medina', 191),
  (1149, 'Países Bajos', '6', 6, 6, 250000, 'Lorenzo', 'Oliveira', 192),
  (1150, 'Bélgica', '5', 5, 5, 250000, 'Bruno', 'Silveira', 2),
  (1151, 'Chile', '8', 8, 8, 250000, 'Oliver', 'Campos', 3),
  (1152, 'Ecuador', '10', 10, 10, 250000, 'Gabriel', 'Méndez', 4),
  (1153, 'Paraguay', '7', 7, 7, 250000, 'Julián', 'Reyes', 5),
  (1154, 'Argentina', '11', 11, 11, 250000, 'Leon', 'Schneider', 6),
  (1155, 'Brasil', '9', 9, 9, 250000, 'Valentín', 'Martínez', 7);

-- ============================================================
-- 3. DATOS
-- ============================================================

INSERT INTO Datos (edad, altura, peso, pierna_habil, id_jugador) VALUES
  (28, 177, 71, 'Derecha', 1),
  (27, 181, 79, 'Derecha', 2),
  (29, 180, 69, 'Derecha', 3),
  (25, 176, 78, 'Derecha', 4),
  (27, 177, 71, 'Derecha', 5),
  (25, 179, 74, 'Derecha', 6),
  (26, 179, 75, 'Ambas', 7),
  (27, 187, 76, 'Derecha', 8),
  (31, 178, 73, 'Derecha', 9),
  (26, 183, 79, 'Derecha', 10),
  (23, 186, 70, 'Derecha', 11),
  (32, 172, 75, 'Derecha', 12),
  (25, 181, 70, 'Derecha', 13),
  (21, 180, 77, 'Derecha', 14),
  (22, 177, 70, 'Derecha', 15),
  (22, 180, 74, 'Derecha', 16),
  (29, 181, 72, 'Derecha', 17),
  (26, 174, 76, 'Derecha', 18),
  (23, 175, 71, 'Derecha', 19),
  (31, 178, 73, 'Derecha', 20),
  (27, 174, 67, 'Derecha', 21),
  (31, 175, 70, 'Derecha', 22),
  (30, 177, 74, 'Derecha', 23),
  (27, 185, 77, 'Derecha', 24),
  (24, 170, 74, 'Derecha', 25),
  (31, 185, 75, 'Ambas', 26),
  (23, 176, 77, 'Derecha', 27),
  (32, 179, 76, 'Derecha', 28),
  (23, 177, 76, 'Derecha', 29),
  (31, 173, 70, 'Derecha', 30),
  (20, 186, 69, 'Derecha', 31),
  (32, 193, 89, 'Derecha', 32),
  (24, 189, 81, 'Derecha', 33),
  (27, 187, 79, 'Derecha', 34),
  (25, 194, 89, 'Derecha', 35),
  (31, 189, 83, 'Derecha', 36),
  (27, 192, 81, 'Derecha', 37),
  (25, 192, 81, 'Derecha', 38),
  (24, 188, 83, 'Derecha', 39),
  (29, 192, 87, 'Ambas', 40),
  (31, 183, 83, 'Derecha', 41),
  (29, 188, 83, 'Derecha', 42),
  (30, 181, 81, 'Derecha', 43),
  (31, 190, 86, 'Derecha', 44),
  (22, 180, 72, 'Derecha', 45),
  (32, 172, 69, 'Izquierda', 46),
  (26, 181, 75, 'Ambas', 47),
  (28, 173, 68, 'Izquierda', 48),
  (24, 176, 68, 'Derecha', 49),
  (22, 184, 71, 'Derecha', 50),
  (29, 176, 76, 'Derecha', 51),
  (25, 173, 67, 'Derecha', 52),
  (27, 181, 72, 'Derecha', 53),
  (21, 176, 69, 'Derecha', 54),
  (29, 177, 75, 'Derecha', 55),
  (31, 176, 79, 'Derecha', 56),
  (21, 179, 72, 'Derecha', 57),
  (24, 176, 74, 'Derecha', 58),
  (21, 180, 70, 'Derecha', 59),
  (27, 174, 79, 'Derecha', 60),
  (31, 174, 72, 'Derecha', 61),
  (27, 182, 77, 'Derecha', 62),
  (27, 190, 79, 'Derecha', 63),
  (22, 176, 73, 'Izquierda', 64),
  (23, 181, 73, 'Derecha', 65),
  (29, 177, 74, 'Derecha', 66),
  (23, 189, 81, 'Derecha', 67),
  (29, 185, 76, 'Derecha', 68),
  (25, 182, 68, 'Ambas', 69),
  (30, 180, 76, 'Derecha', 70),
  (22, 184, 71, 'Derecha', 71),
  (27, 171, 67, 'Derecha', 72),
  (25, 179, 69, 'Derecha', 73),
  (27, 180, 70, 'Derecha', 74),
  (25, 184, 75, 'Ambas', 75),
  (28, 173, 76, 'Derecha', 76),
  (31, 175, 78, 'Derecha', 77),
  (31, 183, 73, 'Derecha', 78),
  (28, 174, 77, 'Derecha', 79),
  (30, 182, 69, 'Ambas', 80),
  (27, 185, 77, 'Derecha', 81),
  (32, 187, 78, 'Derecha', 82),
  (31, 174, 68, 'Derecha', 83),
  (33, 183, 78, 'Derecha', 84),
  (29, 181, 72, 'Derecha', 85),
  (26, 182, 68, 'Derecha', 86),
  (28, 175, 70, 'Derecha', 87),
  (29, 179, 67, 'Derecha', 88),
  (30, 183, 74, 'Derecha', 89),
  (32, 181, 79, 'Derecha', 90),
  (22, 184, 70, 'Derecha', 91),
  (24, 171, 69, 'Derecha', 92),
  (22, 179, 71, 'Derecha', 93),
  (29, 181, 77, 'Derecha', 94),
  (26, 176, 76, 'Derecha', 95),
  (22, 184, 69, 'Derecha', 96),
  (29, 176, 69, 'Derecha', 97),
  (28, 173, 74, 'Derecha', 98),
  (22, 175, 79, 'Derecha', 99),
  (26, 176, 73, 'Derecha', 100),
  (34, 186, 88, 'Derecha', 101),
  (26, 181, 69, 'Derecha', 102),
  (25, 175, 70, 'Derecha', 103),
  (22, 184, 74, 'Derecha', 104),
  (21, 175, 71, 'Ambas', 105),
  (30, 176, 73, 'Derecha', 106),
  (23, 175, 70, 'Derecha', 107),
  (20, 178, 74, 'Derecha', 108),
  (31, 174, 70, 'Ambas', 109),
  (29, 178, 70, 'Ambas', 110),
  (20, 178, 71, 'Derecha', 111),
  (28, 176, 75, 'Derecha', 112),
  (31, 172, 69, 'Derecha', 113),
  (27, 181, 69, 'Derecha', 114),
  (26, 180, 73, 'Derecha', 115),
  (24, 179, 69, 'Derecha', 116),
  (27, 176, 74, 'Derecha', 117),
  (25, 172, 75, 'Derecha', 118),
  (21, 175, 74, 'Derecha', 119),
  (23, 178, 78, 'Derecha', 120),
  (26, 180, 71, 'Derecha', 121),
  (26, 179, 67, 'Derecha', 122),
  (31, 174, 73, 'Derecha', 123),
  (31, 176, 74, 'Derecha', 124),
  (20, 181, 77, 'Derecha', 125),
  (25, 181, 85, 'Derecha', 126),
  (21, 175, 79, 'Ambas', 127),
  (27, 193, 85, 'Derecha', 128),
  (21, 175, 71, 'Derecha', 129),
  (28, 177, 76, 'Derecha', 130),
  (23, 177, 72, 'Derecha', 131),
  (32, 177, 71, 'Izquierda', 132),
  (31, 178, 77, 'Derecha', 133),
  (29, 191, 82, 'Derecha', 134),
  (22, 178, 74, 'Derecha', 135),
  (26, 171, 69, 'Derecha', 136),
  (28, 176, 77, 'Izquierda', 137),
  (29, 174, 71, 'Ambas', 138),
  (30, 182, 75, 'Derecha', 139),
  (25, 192, 83, 'Derecha', 140),
  (23, 184, 81, 'Derecha', 141),
  (33, 181, 81, 'Ambas', 142),
  (22, 175, 70, 'Derecha', 143),
  (28, 196, 89, 'Derecha', 144),
  (26, 173, 73, 'Ambas', 145),
  (22, 183, 74, 'Derecha', 146),
  (33, 187, 80, 'Derecha', 147),
  (23, 182, 77, 'Derecha', 148),
  (21, 178, 73, 'Derecha', 149),
  (23, 176, 73, 'Derecha', 150),
  (31, 172, 75, 'Derecha', 151),
  (34, 194, 89, 'Derecha', 152),
  (24, 186, 80, 'Derecha', 153),
  (28, 177, 74, 'Derecha', 154),
  (23, 171, 68, 'Derecha', 155),
  (22, 180, 68, 'Derecha', 156),
  (31, 188, 84, 'Derecha', 157),
  (26, 182, 75, 'Derecha', 158),
  (31, 176, 76, 'Derecha', 159),
  (23, 186, 79, 'Derecha', 160),
  (26, 193, 83, 'Derecha', 161),
  (24, 174, 69, 'Derecha', 162),
  (22, 180, 78, 'Derecha', 163),
  (23, 177, 73, 'Izquierda', 164),
  (32, 182, 81, 'Derecha', 165),
  (28, 182, 76, 'Derecha', 166),
  (22, 183, 77, 'Derecha', 167),
  (30, 177, 75, 'Derecha', 168),
  (30, 181, 72, 'Derecha', 169),
  (30, 179, 77, 'Derecha', 170),
  (26, 171, 69, 'Derecha', 171),
  (30, 182, 73, 'Derecha', 172),
  (24, 186, 79, 'Derecha', 173),
  (20, 184, 74, 'Derecha', 174),
  (29, 186, 79, 'Ambas', 175),
  (22, 177, 73, 'Derecha', 176),
  (31, 187, 71, 'Derecha', 177),
  (24, 178, 79, 'Derecha', 178),
  (23, 193, 78, 'Derecha', 179),
  (33, 187, 89, 'Derecha', 180),
  (29, 182, 70, 'Derecha', 181),
  (25, 177, 76, 'Ambas', 182),
  (30, 179, 78, 'Derecha', 183),
  (25, 180, 71, 'Derecha', 184),
  (22, 184, 76, 'Derecha', 185),
  (29, 184, 80, 'Derecha', 186),
  (25, 178, 72, 'Derecha', 187),
  (21, 175, 76, 'Ambas', 188),
  (24, 177, 71, 'Derecha', 189),
  (32, 182, 75, 'Ambas', 190),
  (28, 184, 80, 'Derecha', 191),
  (31, 187, 80, 'Derecha', 192),
  (27, 175, 71, 'Derecha', 193),
  (32, 175, 80, 'Derecha', 194),
  (26, 177, 71, 'Derecha', 195),
  (29, 191, 86, 'Derecha', 196),
  (22, 178, 74, 'Derecha', 197),
  (28, 174, 67, 'Derecha', 198),
  (30, 181, 69, 'Derecha', 199),
  (31, 183, 82, 'Derecha', 200),
  (22, 186, 78, 'Derecha', 201),
  (30, 181, 68, 'Ambas', 202),
  (26, 183, 78, 'Derecha', 203),
  (27, 187, 80, 'Derecha', 204),
  (23, 181, 70, 'Derecha', 205),
  (23, 182, 78, 'Derecha', 206),
  (29, 189, 85, 'Derecha', 207),
  (29, 175, 77, 'Derecha', 208),
  (28, 176, 71, 'Derecha', 209),
  (22, 181, 77, 'Derecha', 210),
  (29, 189, 88, 'Derecha', 211),
  (25, 189, 87, 'Derecha', 212),
  (32, 182, 67, 'Derecha', 213),
  (20, 178, 73, 'Derecha', 214),
  (27, 182, 71, 'Derecha', 215),
  (25, 170, 77, 'Derecha', 216),
  (24, 180, 76, 'Derecha', 217),
  (32, 177, 69, 'Derecha', 218),
  (27, 176, 73, 'Derecha', 219),
  (23, 175, 72, 'Derecha', 220),
  (26, 184, 78, 'Ambas', 221),
  (23, 182, 69, 'Ambas', 222),
  (25, 176, 71, 'Derecha', 223),
  (26, 180, 78, 'Derecha', 224),
  (22, 175, 76, 'Derecha', 225),
  (23, 181, 79, 'Derecha', 226),
  (31, 180, 75, 'Ambas', 227),
  (26, 181, 78, 'Ambas', 228),
  (23, 182, 78, 'Ambas', 229),
  (27, 184, 72, 'Derecha', 230),
  (30, 175, 68, 'Derecha', 231),
  (30, 179, 75, 'Ambas', 232),
  (26, 176, 69, 'Derecha', 233),
  (24, 186, 77, 'Derecha', 234),
  (22, 185, 70, 'Derecha', 235),
  (26, 170, 69, 'Derecha', 236),
  (21, 181, 69, 'Derecha', 237),
  (29, 183, 71, 'Ambas', 238),
  (20, 186, 78, 'Derecha', 239),
  (23, 179, 76, 'Derecha', 240),
  (20, 175, 77, 'Derecha', 241),
  (25, 182, 79, 'Derecha', 242),
  (31, 176, 69, 'Ambas', 243),
  (31, 173, 71, 'Derecha', 244),
  (21, 180, 79, 'Derecha', 245),
  (22, 186, 72, 'Derecha', 246),
  (28, 190, 78, 'Derecha', 247),
  (30, 172, 75, 'Derecha', 248),
  (32, 173, 73, 'Derecha', 249),
  (30, 181, 75, 'Derecha', 250),
  (28, 177, 70, 'Ambas', 251),
  (21, 182, 76, 'Derecha', 252),
  (28, 185, 72, 'Derecha', 253),
  (27, 181, 77, 'Ambas', 254),
  (26, 174, 70, 'Derecha', 255),
  (34, 186, 86, 'Derecha', 256),
  (25, 178, 77, 'Derecha', 257),
  (24, 184, 71, 'Derecha', 258),
  (23, 191, 87, 'Derecha', 259),
  (25, 185, 85, 'Derecha', 260),
  (32, 189, 87, 'Derecha', 261),
  (21, 186, 69, 'Derecha', 262),
  (32, 176, 76, 'Ambas', 263),
  (31, 180, 70, 'Derecha', 264),
  (23, 184, 74, 'Derecha', 265),
  (29, 178, 76, 'Derecha', 266),
  (23, 175, 73, 'Derecha', 267),
  (21, 177, 70, 'Derecha', 268),
  (23, 175, 75, 'Ambas', 269),
  (26, 174, 69, 'Derecha', 270),
  (29, 180, 74, 'Derecha', 271),
  (25, 189, 88, 'Derecha', 272),
  (27, 175, 71, 'Derecha', 273),
  (32, 183, 74, 'Izquierda', 274),
  (23, 186, 73, 'Derecha', 275),
  (26, 176, 68, 'Derecha', 276),
  (33, 181, 71, 'Derecha', 277),
  (21, 182, 72, 'Derecha', 278),
  (25, 180, 76, 'Derecha', 279),
  (29, 175, 72, 'Derecha', 280),
  (24, 175, 71, 'Derecha', 281),
  (25, 174, 70, 'Derecha', 282),
  (27, 171, 75, 'Derecha', 283),
  (26, 178, 76, 'Ambas', 284),
  (28, 175, 78, 'Derecha', 285),
  (30, 174, 72, 'Derecha', 286),
  (29, 180, 76, 'Derecha', 287),
  (23, 178, 69, 'Derecha', 288),
  (31, 181, 69, 'Derecha', 289),
  (23, 177, 75, 'Derecha', 290),
  (25, 179, 69, 'Derecha', 291),
  (29, 183, 78, 'Ambas', 292),
  (30, 178, 71, 'Derecha', 293),
  (30, 180, 68, 'Derecha', 294),
  (27, 182, 81, 'Derecha', 295),
  (26, 185, 77, 'Derecha', 296),
  (21, 175, 77, 'Derecha', 297),
  (29, 179, 69, 'Derecha', 298),
  (27, 182, 75, 'Derecha', 299),
  (23, 178, 72, 'Derecha', 300),
  (22, 174, 77, 'Derecha', 301),
  (26, 178, 76, 'Derecha', 302),
  (31, 171, 76, 'Derecha', 303),
  (24, 183, 71, 'Ambas', 304),
  (27, 181, 77, 'Derecha', 305),
  (31, 176, 78, 'Izquierda', 306),
  (28, 182, 76, 'Derecha', 307),
  (22, 176, 67, 'Derecha', 308),
  (20, 176, 73, 'Derecha', 309),
  (29, 181, 72, 'Derecha', 310),
  (22, 182, 75, 'Derecha', 311),
  (31, 171, 72, 'Derecha', 312),
  (31, 174, 78, 'Derecha', 313),
  (30, 186, 76, 'Derecha', 314),
  (29, 180, 78, 'Derecha', 315),
  (21, 179, 74, 'Ambas', 316),
  (24, 170, 67, 'Derecha', 317),
  (25, 174, 78, 'Derecha', 318),
  (25, 174, 74, 'Derecha', 319),
  (25, 190, 77, 'Derecha', 320),
  (33, 193, 87, 'Derecha', 321),
  (28, 174, 76, 'Derecha', 322),
  (28, 174, 75, 'Ambas', 323),
  (32, 176, 70, 'Ambas', 324),
  (28, 176, 69, 'Derecha', 325),
  (29, 178, 69, 'Derecha', 326),
  (24, 183, 71, 'Ambas', 327),
  (31, 185, 86, 'Derecha', 328),
  (24, 176, 73, 'Izquierda', 329),
  (25, 193, 81, 'Derecha', 330),
  (22, 176, 79, 'Derecha', 331),
  (27, 185, 76, 'Derecha', 332),
  (28, 179, 72, 'Ambas', 333),
  (28, 179, 72, 'Ambas', 334),
  (23, 183, 86, 'Derecha', 335),
  (27, 180, 69, 'Ambas', 336),
  (25, 180, 79, 'Derecha', 337),
  (30, 173, 68, 'Ambas', 338),
  (33, 185, 84, 'Derecha', 339),
  (28, 170, 70, 'Derecha', 340),
  (28, 181, 70, 'Derecha', 341),
  (28, 184, 82, 'Derecha', 342),
  (27, 174, 70, 'Derecha', 343),
  (27, 179, 77, 'Derecha', 344),
  (22, 182, 79, 'Derecha', 345),
  (29, 180, 75, 'Izquierda', 346),
  (27, 174, 72, 'Derecha', 347),
  (30, 181, 70, 'Ambas', 348),
  (24, 177, 73, 'Derecha', 349),
  (23, 187, 77, 'Derecha', 350),
  (24, 192, 81, 'Derecha', 351),
  (25, 182, 81, 'Derecha', 352),
  (30, 181, 77, 'Ambas', 353),
  (30, 175, 78, 'Ambas', 354),
  (24, 176, 69, 'Derecha', 355),
  (25, 182, 70, 'Derecha', 356),
  (34, 191, 88, 'Derecha', 357),
  (31, 190, 82, 'Derecha', 358),
  (28, 179, 71, 'Derecha', 359),
  (23, 186, 72, 'Derecha', 360),
  (33, 186, 83, 'Derecha', 361),
  (27, 179, 74, 'Izquierda', 362),
  (28, 176, 79, 'Ambas', 363),
  (23, 183, 69, 'Derecha', 364),
  (26, 183, 78, 'Derecha', 365),
  (29, 178, 71, 'Derecha', 366),
  (32, 190, 79, 'Derecha', 367),
  (24, 181, 72, 'Izquierda', 368),
  (26, 184, 80, 'Derecha', 369),
  (30, 177, 74, 'Derecha', 370),
  (26, 174, 74, 'Derecha', 371),
  (33, 190, 85, 'Derecha', 372),
  (32, 181, 68, 'Derecha', 373),
  (29, 182, 79, 'Derecha', 374),
  (20, 174, 69, 'Derecha', 375),
  (24, 182, 85, 'Derecha', 376),
  (32, 183, 76, 'Izquierda', 377),
  (26, 174, 70, 'Derecha', 378),
  (31, 177, 73, 'Derecha', 379),
  (32, 178, 77, 'Izquierda', 380),
  (25, 170, 67, 'Derecha', 381),
  (27, 178, 78, 'Derecha', 382),
  (27, 175, 74, 'Ambas', 383),
  (28, 185, 72, 'Derecha', 384),
  (28, 184, 79, 'Derecha', 385),
  (29, 187, 88, 'Derecha', 386),
  (32, 182, 72, 'Derecha', 387),
  (26, 182, 76, 'Izquierda', 388),
  (25, 184, 86, 'Derecha', 389),
  (27, 183, 79, 'Derecha', 390),
  (33, 180, 73, 'Derecha', 391),
  (24, 178, 76, 'Derecha', 392),
  (30, 182, 73, 'Derecha', 393),
  (30, 183, 69, 'Derecha', 394),
  (28, 186, 70, 'Derecha', 395),
  (28, 175, 75, 'Derecha', 396),
  (26, 187, 80, 'Derecha', 397),
  (29, 179, 69, 'Derecha', 398),
  (23, 182, 68, 'Izquierda', 399),
  (31, 188, 84, 'Ambas', 400),
  (31, 193, 77, 'Derecha', 401),
  (30, 184, 76, 'Derecha', 402),
  (32, 176, 68, 'Derecha', 403),
  (21, 175, 68, 'Derecha', 404),
  (21, 176, 69, 'Ambas', 405),
  (25, 174, 76, 'Derecha', 406),
  (31, 179, 77, 'Derecha', 407),
  (32, 187, 82, 'Derecha', 408),
  (21, 177, 77, 'Derecha', 409),
  (28, 179, 72, 'Izquierda', 410),
  (22, 182, 83, 'Derecha', 411),
  (29, 190, 82, 'Derecha', 412),
  (24, 180, 75, 'Derecha', 413),
  (23, 180, 67, 'Ambas', 414),
  (23, 173, 72, 'Derecha', 415),
  (23, 183, 69, 'Derecha', 416),
  (21, 174, 70, 'Derecha', 417),
  (25, 181, 77, 'Derecha', 418),
  (30, 194, 88, 'Derecha', 419),
  (25, 184, 78, 'Derecha', 420),
  (31, 180, 71, 'Izquierda', 421),
  (30, 188, 79, 'Derecha', 422),
  (27, 189, 82, 'Derecha', 423),
  (33, 175, 72, 'Derecha', 424),
  (21, 172, 74, 'Derecha', 425),
  (24, 173, 75, 'Derecha', 426),
  (28, 180, 73, 'Derecha', 427),
  (22, 176, 74, 'Derecha', 428),
  (24, 179, 70, 'Derecha', 429),
  (27, 190, 81, 'Derecha', 430),
  (21, 174, 74, 'Ambas', 431),
  (29, 184, 78, 'Izquierda', 432),
  (32, 187, 81, 'Derecha', 433),
  (27, 193, 78, 'Derecha', 434),
  (23, 184, 79, 'Derecha', 435),
  (21, 176, 68, 'Ambas', 436),
  (22, 173, 72, 'Derecha', 437),
  (24, 174, 78, 'Derecha', 438),
  (25, 178, 72, 'Derecha', 439),
  (22, 178, 76, 'Derecha', 440),
  (34, 190, 82, 'Derecha', 441),
  (24, 183, 74, 'Ambas', 442),
  (31, 184, 69, 'Ambas', 443),
  (32, 193, 82, 'Derecha', 444),
  (22, 192, 85, 'Derecha', 445),
  (24, 178, 81, 'Derecha', 446),
  (27, 170, 67, 'Derecha', 447),
  (30, 182, 76, 'Derecha', 448),
  (22, 182, 78, 'Ambas', 449),
  (21, 178, 72, 'Derecha', 450),
  (23, 179, 72, 'Derecha', 451),
  (29, 184, 87, 'Derecha', 452),
  (23, 182, 72, 'Derecha', 453),
  (30, 174, 71, 'Izquierda', 454),
  (24, 193, 85, 'Derecha', 455),
  (22, 182, 78, 'Ambas', 456),
  (24, 179, 74, 'Derecha', 457),
  (26, 179, 73, 'Derecha', 458),
  (28, 181, 75, 'Derecha', 459),
  (23, 179, 72, 'Derecha', 460),
  (29, 181, 79, 'Derecha', 461),
  (26, 174, 76, 'Derecha', 462),
  (32, 194, 88, 'Derecha', 463),
  (31, 174, 75, 'Ambas', 464),
  (23, 182, 70, 'Izquierda', 465),
  (33, 189, 85, 'Derecha', 466),
  (32, 190, 81, 'Derecha', 467),
  (31, 180, 73, 'Derecha', 468),
  (23, 175, 77, 'Derecha', 469),
  (21, 176, 77, 'Derecha', 470),
  (27, 186, 75, 'Derecha', 471),
  (27, 185, 76, 'Ambas', 472),
  (27, 182, 69, 'Derecha', 473),
  (30, 185, 79, 'Derecha', 474),
  (25, 184, 78, 'Derecha', 475),
  (26, 174, 76, 'Izquierda', 476),
  (28, 184, 84, 'Ambas', 477),
  (31, 190, 82, 'Ambas', 478),
  (25, 181, 73, 'Derecha', 479),
  (31, 171, 76, 'Ambas', 480),
  (24, 178, 75, 'Ambas', 481),
  (24, 177, 78, 'Derecha', 482),
  (29, 180, 78, 'Ambas', 483),
  (21, 186, 72, 'Derecha', 484),
  (27, 187, 84, 'Derecha', 485),
  (30, 175, 78, 'Derecha', 486),
  (31, 174, 76, 'Izquierda', 487),
  (29, 186, 87, 'Derecha', 488),
  (22, 192, 77, 'Derecha', 489),
  (29, 180, 75, 'Derecha', 490),
  (28, 174, 69, 'Ambas', 491),
  (21, 172, 74, 'Ambas', 492),
  (23, 174, 69, 'Derecha', 493),
  (28, 176, 69, 'Ambas', 494),
  (21, 180, 71, 'Derecha', 495),
  (34, 195, 86, 'Derecha', 496),
  (30, 184, 68, 'Derecha', 497),
  (26, 182, 72, 'Izquierda', 498),
  (22, 184, 85, 'Derecha', 499),
  (23, 184, 80, 'Derecha', 500),
  (28, 177, 79, 'Derecha', 501),
  (22, 175, 70, 'Derecha', 502),
  (30, 174, 70, 'Derecha', 503),
  (27, 178, 74, 'Ambas', 504),
  (24, 183, 73, 'Derecha', 505),
  (23, 175, 69, 'Ambas', 506),
  (26, 193, 83, 'Derecha', 507),
  (22, 178, 68, 'Derecha', 508),
  (25, 172, 71, 'Izquierda', 509),
  (30, 193, 83, 'Derecha', 510),
  (33, 184, 83, 'Derecha', 511),
  (22, 180, 71, 'Derecha', 512),
  (25, 178, 71, 'Derecha', 513),
  (24, 179, 74, 'Derecha', 514),
  (30, 181, 76, 'Derecha', 515),
  (22, 185, 79, 'Ambas', 516),
  (25, 186, 76, 'Derecha', 517),
  (28, 188, 79, 'Derecha', 518),
  (27, 183, 73, 'Derecha', 519),
  (24, 174, 71, 'Izquierda', 520),
  (32, 189, 82, 'Derecha', 521),
  (31, 181, 86, 'Derecha', 522),
  (25, 187, 71, 'Ambas', 523),
  (28, 181, 77, 'Derecha', 524),
  (22, 176, 69, 'Derecha', 525),
  (27, 185, 70, 'Derecha', 526),
  (21, 186, 74, 'Derecha', 527),
  (29, 178, 77, 'Derecha', 528),
  (25, 187, 82, 'Derecha', 529),
  (21, 173, 73, 'Derecha', 530),
  (31, 173, 70, 'Izquierda', 531),
  (32, 183, 78, 'Derecha', 532),
  (32, 190, 81, 'Derecha', 533),
  (28, 181, 71, 'Derecha', 534),
  (32, 181, 74, 'Derecha', 535),
  (23, 178, 69, 'Derecha', 536),
  (24, 174, 76, 'Derecha', 537),
  (20, 183, 73, 'Derecha', 538),
  (20, 183, 70, 'Derecha', 539),
  (34, 193, 82, 'Derecha', 540),
  (30, 175, 69, 'Ambas', 541),
  (24, 175, 76, 'Izquierda', 542),
  (24, 191, 80, 'Derecha', 543),
  (26, 188, 77, 'Derecha', 544),
  (30, 181, 80, 'Derecha', 545),
  (26, 176, 76, 'Derecha', 546),
  (30, 182, 71, 'Derecha', 547),
  (26, 179, 69, 'Ambas', 548),
  (30, 185, 77, 'Derecha', 549),
  (21, 179, 76, 'Derecha', 550),
  (26, 191, 88, 'Derecha', 551),
  (32, 176, 75, 'Derecha', 552),
  (24, 175, 70, 'Izquierda', 553),
  (26, 184, 78, 'Derecha', 554),
  (30, 186, 87, 'Derecha', 555),
  (25, 180, 80, 'Derecha', 556),
  (31, 170, 75, 'Derecha', 557),
  (24, 172, 75, 'Derecha', 558),
  (31, 185, 75, 'Derecha', 559),
  (30, 178, 77, 'Derecha', 560),
  (24, 179, 70, 'Derecha', 561),
  (28, 187, 88, 'Derecha', 562),
  (31, 173, 71, 'Derecha', 563),
  (30, 180, 77, 'Izquierda', 564),
  (31, 190, 80, 'Derecha', 565),
  (25, 184, 80, 'Derecha', 566),
  (26, 184, 75, 'Derecha', 567),
  (21, 179, 75, 'Derecha', 568),
  (25, 182, 71, 'Ambas', 569),
  (30, 183, 74, 'Derecha', 570),
  (26, 178, 79, 'Derecha', 571),
  (28, 182, 70, 'Derecha', 572),
  (32, 196, 86, 'Derecha', 573),
  (25, 184, 70, 'Derecha', 574),
  (32, 183, 72, 'Izquierda', 575),
  (25, 190, 79, 'Derecha', 576),
  (31, 183, 79, 'Derecha', 577),
  (32, 176, 73, 'Derecha', 578),
  (23, 177, 69, 'Ambas', 579),
  (30, 178, 69, 'Ambas', 580),
  (23, 174, 71, 'Derecha', 581),
  (21, 181, 73, 'Derecha', 582),
  (30, 176, 72, 'Derecha', 583),
  (33, 195, 88, 'Derecha', 584),
  (28, 180, 76, 'Derecha', 585),
  (30, 175, 74, 'Izquierda', 586),
  (26, 190, 81, 'Derecha', 587),
  (27, 191, 77, 'Derecha', 588),
  (28, 180, 80, 'Derecha', 589),
  (26, 173, 76, 'Derecha', 590),
  (22, 176, 72, 'Ambas', 591),
  (25, 185, 72, 'Derecha', 592),
  (23, 185, 69, 'Derecha', 593),
  (29, 176, 76, 'Derecha', 594),
  (31, 195, 84, 'Derecha', 595),
  (26, 184, 70, 'Derecha', 596),
  (32, 181, 76, 'Ambas', 597),
  (31, 190, 78, 'Ambas', 598),
  (25, 186, 81, 'Derecha', 599),
  (31, 180, 74, 'Derecha', 600),
  (26, 173, 75, 'Derecha', 601),
  (31, 178, 68, 'Derecha', 602),
  (30, 179, 77, 'Ambas', 603),
  (27, 181, 73, 'Derecha', 604),
  (27, 183, 72, 'Derecha', 605),
  (29, 191, 82, 'Ambas', 606),
  (21, 172, 69, 'Derecha', 607),
  (30, 178, 77, 'Izquierda', 608),
  (27, 188, 80, 'Derecha', 609),
  (31, 189, 83, 'Derecha', 610),
  (27, 175, 71, 'Ambas', 611),
  (28, 180, 72, 'Derecha', 612),
  (21, 179, 70, 'Derecha', 613),
  (23, 180, 74, 'Ambas', 614),
  (20, 174, 75, 'Derecha', 615),
  (20, 180, 77, 'Ambas', 616),
  (24, 194, 80, 'Derecha', 617),
  (27, 183, 73, 'Derecha', 618),
  (30, 175, 72, 'Izquierda', 619),
  (27, 189, 79, 'Derecha', 620),
  (30, 188, 81, 'Derecha', 621),
  (30, 176, 79, 'Derecha', 622),
  (32, 179, 69, 'Ambas', 623),
  (28, 178, 75, 'Ambas', 624),
  (21, 185, 75, 'Ambas', 625),
  (21, 184, 72, 'Derecha', 626),
  (25, 181, 69, 'Derecha', 627),
  (26, 195, 81, 'Ambas', 628),
  (24, 183, 71, 'Ambas', 629),
  (30, 182, 72, 'Izquierda', 630),
  (22, 187, 86, 'Derecha', 631),
  (28, 181, 83, 'Derecha', 632),
  (27, 182, 77, 'Derecha', 633),
  (21, 176, 77, 'Ambas', 634),
  (32, 177, 74, 'Derecha', 635),
  (31, 174, 76, 'Derecha', 636),
  (28, 180, 72, 'Derecha', 637),
  (31, 186, 71, 'Derecha', 638),
  (23, 194, 86, 'Derecha', 639),
  (29, 174, 70, 'Derecha', 640),
  (31, 183, 75, 'Izquierda', 641),
  (24, 184, 83, 'Derecha', 642),
  (30, 181, 87, 'Derecha', 643),
  (23, 180, 77, 'Derecha', 644),
  (23, 182, 77, 'Derecha', 645),
  (22, 171, 73, 'Derecha', 646),
  (22, 175, 76, 'Derecha', 647),
  (29, 186, 73, 'Derecha', 648),
  (23, 175, 74, 'Derecha', 649),
  (25, 185, 79, 'Derecha', 650),
  (23, 181, 71, 'Derecha', 651),
  (32, 172, 71, 'Izquierda', 652),
  (29, 182, 86, 'Derecha', 653),
  (32, 189, 84, 'Derecha', 654),
  (32, 183, 80, 'Derecha', 655),
  (29, 175, 72, 'Derecha', 656),
  (31, 182, 67, 'Derecha', 657),
  (20, 184, 76, 'Derecha', 658),
  (25, 186, 72, 'Derecha', 659),
  (26, 184, 70, 'Derecha', 660),
  (34, 188, 79, 'Derecha', 661),
  (28, 177, 71, 'Derecha', 662),
  (28, 173, 70, 'Izquierda', 663),
  (24, 187, 87, 'Derecha', 664),
  (32, 189, 86, 'Ambas', 665),
  (31, 187, 73, 'Derecha', 666),
  (29, 171, 69, 'Derecha', 667),
  (32, 176, 74, 'Derecha', 668),
  (26, 183, 77, 'Derecha', 669),
  (30, 174, 78, 'Derecha', 670),
  (30, 176, 79, 'Ambas', 671),
  (29, 194, 88, 'Derecha', 672),
  (32, 174, 70, 'Derecha', 673),
  (28, 175, 68, 'Izquierda', 674),
  (22, 191, 78, 'Derecha', 675),
  (33, 187, 82, 'Derecha', 676),
  (25, 178, 75, 'Derecha', 677),
  (25, 182, 70, 'Derecha', 678),
  (27, 175, 70, 'Derecha', 679),
  (23, 175, 79, 'Ambas', 680),
  (28, 174, 74, 'Derecha', 681),
  (25, 177, 78, 'Derecha', 682),
  (25, 187, 81, 'Derecha', 683),
  (29, 179, 71, 'Derecha', 684),
  (24, 183, 73, 'Izquierda', 685),
  (28, 193, 78, 'Ambas', 686),
  (25, 186, 82, 'Derecha', 687),
  (26, 176, 78, 'Derecha', 688),
  (32, 179, 73, 'Derecha', 689),
  (32, 174, 67, 'Derecha', 690),
  (21, 177, 77, 'Derecha', 691),
  (26, 178, 72, 'Derecha', 692),
  (21, 184, 78, 'Derecha', 693),
  (30, 186, 83, 'Derecha', 694),
  (27, 179, 71, 'Derecha', 695),
  (24, 181, 69, 'Izquierda', 696),
  (25, 188, 80, 'Derecha', 697),
  (25, 192, 77, 'Derecha', 698),
  (23, 183, 80, 'Derecha', 699),
  (28, 180, 67, 'Derecha', 700),
  (21, 173, 75, 'Derecha', 701),
  (22, 180, 76, 'Derecha', 702),
  (31, 179, 71, 'Derecha', 703),
  (31, 181, 77, 'Derecha', 704),
  (30, 192, 88, 'Derecha', 705),
  (27, 180, 74, 'Derecha', 706),
  (30, 177, 72, 'Izquierda', 707),
  (23, 181, 80, 'Derecha', 708),
  (31, 190, 84, 'Derecha', 709),
  (26, 180, 72, 'Derecha', 710),
  (30, 178, 69, 'Derecha', 711),
  (30, 171, 74, 'Derecha', 712),
  (22, 177, 71, 'Ambas', 713),
  (30, 180, 79, 'Ambas', 714),
  (27, 174, 75, 'Derecha', 715),
  (30, 196, 86, 'Derecha', 716),
  (23, 177, 68, 'Derecha', 717),
  (32, 182, 78, 'Izquierda', 718),
  (27, 190, 82, 'Derecha', 719),
  (22, 187, 80, 'Derecha', 720),
  (27, 176, 81, 'Derecha', 721),
  (32, 172, 76, 'Derecha', 722),
  (29, 171, 76, 'Derecha', 723),
  (22, 184, 75, 'Derecha', 724),
  (21, 176, 73, 'Ambas', 725),
  (22, 181, 73, 'Derecha', 726),
  (31, 192, 80, 'Derecha', 727),
  (27, 174, 76, 'Derecha', 728),
  (32, 184, 68, 'Ambas', 729),
  (27, 182, 82, 'Derecha', 730),
  (30, 183, 86, 'Derecha', 731),
  (22, 181, 74, 'Derecha', 732),
  (31, 181, 74, 'Derecha', 733),
  (28, 172, 69, 'Derecha', 734),
  (31, 186, 79, 'Derecha', 735),
  (27, 180, 79, 'Derecha', 736),
  (31, 184, 72, 'Derecha', 737),
  (33, 196, 81, 'Derecha', 738),
  (29, 180, 77, 'Derecha', 739),
  (23, 183, 74, 'Izquierda', 740),
  (29, 190, 78, 'Derecha', 741),
  (30, 189, 84, 'Derecha', 742),
  (32, 180, 76, 'Derecha', 743),
  (31, 172, 76, 'Derecha', 744),
  (23, 179, 71, 'Derecha', 745),
  (28, 182, 75, 'Derecha', 746),
  (27, 181, 79, 'Derecha', 747),
  (29, 174, 71, 'Derecha', 748),
  (30, 185, 84, 'Derecha', 749),
  (29, 178, 70, 'Derecha', 750),
  (32, 183, 69, 'Izquierda', 751),
  (24, 181, 79, 'Ambas', 752),
  (32, 182, 86, 'Derecha', 753),
  (25, 180, 80, 'Derecha', 754),
  (27, 173, 77, 'Derecha', 755),
  (28, 181, 67, 'Derecha', 756),
  (23, 174, 73, 'Derecha', 757),
  (25, 175, 71, 'Derecha', 758),
  (28, 174, 75, 'Ambas', 759),
  (32, 193, 89, 'Derecha', 760),
  (23, 174, 70, 'Derecha', 761),
  (23, 175, 71, 'Izquierda', 762),
  (32, 187, 81, 'Derecha', 763),
  (28, 186, 79, 'Derecha', 764),
  (28, 184, 80, 'Derecha', 765),
  (21, 171, 67, 'Ambas', 766),
  (32, 182, 70, 'Derecha', 767),
  (20, 178, 79, 'Derecha', 768),
  (28, 178, 72, 'Derecha', 769),
  (25, 180, 69, 'Derecha', 770),
  (24, 184, 86, 'Derecha', 771),
  (27, 176, 78, 'Derecha', 772),
  (25, 184, 76, 'Izquierda', 773),
  (28, 189, 78, 'Derecha', 774),
  (33, 190, 85, 'Derecha', 775),
  (32, 178, 71, 'Derecha', 776),
  (25, 178, 77, 'Derecha', 777),
  (31, 181, 75, 'Derecha', 778),
  (23, 180, 69, 'Derecha', 779),
  (30, 180, 70, 'Derecha', 780),
  (22, 183, 76, 'Derecha', 781),
  (28, 191, 84, 'Derecha', 782),
  (24, 177, 69, 'Derecha', 783),
  (22, 179, 78, 'Izquierda', 784),
  (31, 182, 79, 'Ambas', 785),
  (29, 186, 85, 'Derecha', 786),
  (29, 187, 81, 'Ambas', 787),
  (30, 175, 75, 'Derecha', 788),
  (23, 182, 76, 'Ambas', 789),
  (26, 183, 71, 'Derecha', 790),
  (23, 185, 75, 'Derecha', 791),
  (23, 183, 69, 'Derecha', 792),
  (26, 193, 89, 'Derecha', 793),
  (31, 183, 73, 'Derecha', 794),
  (25, 183, 78, 'Izquierda', 795),
  (22, 184, 80, 'Derecha', 796),
  (26, 192, 78, 'Derecha', 797),
  (33, 182, 77, 'Derecha', 798),
  (28, 181, 69, 'Derecha', 799),
  (25, 172, 76, 'Derecha', 800),
  (20, 182, 75, 'Derecha', 801),
  (24, 184, 76, 'Derecha', 802),
  (24, 179, 70, 'Ambas', 803),
  (27, 187, 82, 'Ambas', 804),
  (26, 180, 69, 'Derecha', 805),
  (27, 172, 77, 'Izquierda', 806),
  (22, 192, 78, 'Derecha', 807),
  (23, 181, 81, 'Derecha', 808),
  (28, 187, 73, 'Ambas', 809),
  (30, 170, 74, 'Derecha', 810),
  (23, 174, 68, 'Derecha', 811),
  (24, 175, 77, 'Ambas', 812),
  (25, 184, 76, 'Derecha', 813),
  (28, 177, 79, 'Derecha', 814),
  (27, 184, 84, 'Derecha', 815),
  (29, 174, 68, 'Derecha', 816),
  (29, 183, 75, 'Izquierda', 817),
  (22, 183, 85, 'Derecha', 818),
  (24, 190, 79, 'Derecha', 819),
  (30, 175, 77, 'Derecha', 820),
  (25, 172, 76, 'Derecha', 821),
  (27, 178, 75, 'Ambas', 822),
  (25, 178, 78, 'Derecha', 823),
  (20, 182, 77, 'Ambas', 824),
  (22, 186, 75, 'Derecha', 825),
  (34, 184, 86, 'Derecha', 826),
  (31, 178, 70, 'Derecha', 827),
  (23, 184, 74, 'Ambas', 828),
  (31, 192, 81, 'Derecha', 829),
  (23, 188, 86, 'Derecha', 830),
  (24, 175, 80, 'Derecha', 831),
  (31, 179, 69, 'Derecha', 832),
  (22, 181, 70, 'Derecha', 833),
  (22, 174, 69, 'Derecha', 834),
  (26, 186, 72, 'Derecha', 835),
  (28, 176, 78, 'Derecha', 836),
  (34, 186, 82, 'Derecha', 837),
  (21, 177, 74, 'Derecha', 838),
  (28, 174, 70, 'Izquierda', 839),
  (32, 191, 87, 'Derecha', 840),
  (24, 183, 83, 'Derecha', 841),
  (28, 178, 80, 'Derecha', 842),
  (23, 182, 76, 'Derecha', 843),
  (31, 174, 72, 'Ambas', 844),
  (31, 181, 74, 'Derecha', 845),
  (23, 174, 77, 'Derecha', 846),
  (27, 177, 70, 'Derecha', 847),
  (23, 191, 86, 'Derecha', 848),
  (25, 181, 72, 'Derecha', 849),
  (24, 175, 70, 'Izquierda', 850),
  (25, 190, 85, 'Derecha', 851),
  (32, 185, 84, 'Derecha', 852),
  (29, 186, 77, 'Derecha', 853),
  (26, 180, 74, 'Derecha', 854),
  (29, 173, 75, 'Derecha', 855),
  (30, 178, 79, 'Derecha', 856),
  (20, 175, 70, 'Derecha', 857),
  (26, 178, 69, 'Derecha', 858),
  (27, 192, 84, 'Derecha', 859),
  (26, 183, 75, 'Derecha', 860),
  (25, 182, 77, 'Ambas', 861),
  (32, 183, 82, 'Derecha', 862),
  (32, 184, 85, 'Derecha', 863),
  (32, 179, 80, 'Derecha', 864),
  (28, 174, 67, 'Derecha', 865),
  (28, 172, 73, 'Ambas', 866),
  (24, 174, 69, 'Derecha', 867),
  (21, 180, 79, 'Derecha', 868),
  (25, 180, 72, 'Derecha', 869),
  (34, 193, 88, 'Derecha', 870),
  (32, 177, 70, 'Derecha', 871),
  (26, 184, 71, 'Ambas', 872),
  (31, 184, 87, 'Derecha', 873),
  (22, 187, 82, 'Ambas', 874),
  (24, 179, 71, 'Derecha', 875),
  (31, 179, 69, 'Derecha', 876),
  (32, 181, 67, 'Ambas', 877),
  (22, 176, 73, 'Derecha', 878),
  (31, 185, 72, 'Derecha', 879),
  (26, 184, 76, 'Derecha', 880),
  (28, 193, 80, 'Ambas', 881),
  (24, 179, 68, 'Derecha', 882),
  (23, 173, 72, 'Izquierda', 883),
  (32, 182, 86, 'Derecha', 884),
  (23, 191, 77, 'Derecha', 885),
  (30, 187, 80, 'Derecha', 886),
  (30, 178, 69, 'Ambas', 887),
  (23, 172, 76, 'Ambas', 888),
  (29, 179, 75, 'Derecha', 889),
  (20, 177, 71, 'Derecha', 890),
  (23, 183, 76, 'Derecha', 891),
  (28, 190, 87, 'Derecha', 892),
  (21, 179, 76, 'Derecha', 893),
  (29, 183, 73, 'Izquierda', 894),
  (32, 186, 82, 'Derecha', 895),
  (22, 181, 87, 'Derecha', 896),
  (32, 184, 73, 'Derecha', 897),
  (23, 178, 67, 'Derecha', 898),
  (22, 172, 76, 'Derecha', 899),
  (24, 185, 72, 'Derecha', 900),
  (21, 177, 73, 'Derecha', 901),
  (28, 186, 72, 'Derecha', 902),
  (30, 191, 84, 'Derecha', 903),
  (29, 184, 75, 'Ambas', 904),
  (32, 175, 76, 'Ambas', 905),
  (24, 192, 78, 'Derecha', 906),
  (33, 188, 86, 'Derecha', 907),
  (24, 183, 75, 'Derecha', 908),
  (23, 171, 74, 'Derecha', 909),
  (30, 177, 77, 'Derecha', 910),
  (20, 175, 72, 'Derecha', 911),
  (28, 184, 72, 'Derecha', 912),
  (29, 186, 75, 'Derecha', 913),
  (24, 191, 81, 'Derecha', 914),
  (21, 175, 68, 'Derecha', 915),
  (29, 175, 71, 'Izquierda', 916),
  (24, 193, 86, 'Derecha', 917),
  (24, 193, 79, 'Derecha', 918),
  (24, 183, 81, 'Derecha', 919),
  (27, 173, 73, 'Ambas', 920),
  (32, 178, 67, 'Derecha', 921),
  (26, 179, 77, 'Derecha', 922),
  (25, 186, 74, 'Derecha', 923),
  (28, 179, 77, 'Ambas', 924),
  (27, 191, 83, 'Derecha', 925),
  (25, 180, 68, 'Derecha', 926),
  (21, 183, 73, 'Izquierda', 927),
  (24, 184, 79, 'Derecha', 928),
  (29, 184, 86, 'Derecha', 929),
  (28, 187, 77, 'Derecha', 930),
  (29, 182, 76, 'Derecha', 931),
  (22, 181, 68, 'Derecha', 932),
  (31, 184, 74, 'Derecha', 933),
  (27, 182, 74, 'Derecha', 934),
  (29, 181, 75, 'Derecha', 935),
  (23, 188, 82, 'Derecha', 936),
  (24, 179, 68, 'Derecha', 937),
  (30, 180, 77, 'Izquierda', 938),
  (33, 193, 84, 'Derecha', 939),
  (28, 193, 78, 'Derecha', 940),
  (28, 175, 78, 'Derecha', 941),
  (25, 174, 74, 'Derecha', 942),
  (29, 177, 74, 'Derecha', 943),
  (22, 186, 79, 'Derecha', 944),
  (27, 178, 70, 'Derecha', 945),
  (30, 175, 74, 'Derecha', 946),
  (31, 193, 80, 'Derecha', 947),
  (31, 178, 73, 'Derecha', 948),
  (23, 181, 78, 'Izquierda', 949),
  (22, 192, 87, 'Ambas', 950),
  (33, 188, 86, 'Derecha', 951),
  (25, 179, 81, 'Derecha', 952),
  (27, 180, 71, 'Derecha', 953),
  (24, 182, 77, 'Derecha', 954),
  (29, 179, 76, 'Derecha', 955),
  (24, 174, 74, 'Derecha', 956),
  (30, 180, 69, 'Derecha', 957),
  (32, 184, 88, 'Derecha', 958),
  (23, 184, 69, 'Derecha', 959),
  (30, 178, 69, 'Izquierda', 960),
  (26, 181, 80, 'Derecha', 961),
  (31, 181, 87, 'Derecha', 962),
  (28, 178, 77, 'Ambas', 963),
  (26, 180, 75, 'Ambas', 964),
  (24, 173, 67, 'Derecha', 965),
  (20, 175, 73, 'Ambas', 966),
  (28, 182, 79, 'Derecha', 967),
  (25, 175, 77, 'Derecha', 968),
  (25, 189, 83, 'Derecha', 969),
  (21, 179, 69, 'Derecha', 970),
  (29, 180, 70, 'Izquierda', 971),
  (27, 182, 87, 'Derecha', 972),
  (32, 181, 81, 'Derecha', 973),
  (29, 175, 77, 'Derecha', 974),
  (29, 176, 67, 'Derecha', 975),
  (30, 173, 67, 'Derecha', 976),
  (29, 181, 69, 'Derecha', 977),
  (25, 181, 72, 'Derecha', 978),
  (21, 175, 78, 'Derecha', 979),
  (29, 185, 84, 'Ambas', 980),
  (30, 178, 77, 'Derecha', 981),
  (23, 176, 70, 'Izquierda', 982),
  (30, 184, 83, 'Derecha', 983),
  (27, 182, 78, 'Derecha', 984),
  (33, 177, 73, 'Derecha', 985),
  (25, 174, 67, 'Derecha', 986),
  (22, 180, 77, 'Derecha', 987),
  (27, 181, 72, 'Derecha', 988),
  (31, 176, 77, 'Derecha', 989),
  (24, 180, 72, 'Derecha', 990),
  (26, 196, 82, 'Derecha', 991),
  (25, 172, 76, 'Derecha', 992),
  (24, 181, 78, 'Izquierda', 993),
  (26, 185, 78, 'Derecha', 994),
  (25, 193, 80, 'Derecha', 995),
  (33, 183, 73, 'Derecha', 996),
  (22, 173, 70, 'Derecha', 997),
  (21, 172, 69, 'Derecha', 998),
  (25, 174, 76, 'Derecha', 999),
  (28, 175, 74, 'Derecha', 1000),
  (24, 179, 74, 'Ambas', 1001),
  (23, 190, 89, 'Derecha', 1002),
  (30, 180, 76, 'Derecha', 1003),
  (26, 176, 74, 'Ambas', 1004),
  (27, 181, 83, 'Derecha', 1005),
  (28, 191, 79, 'Derecha', 1006),
  (27, 177, 78, 'Derecha', 1007),
  (21, 175, 69, 'Derecha', 1008),
  (23, 176, 76, 'Derecha', 1009),
  (25, 178, 75, 'Derecha', 1010),
  (22, 183, 79, 'Derecha', 1011),
  (21, 184, 77, 'Derecha', 1012),
  (25, 196, 86, 'Derecha', 1013),
  (29, 176, 71, 'Derecha', 1014),
  (24, 180, 77, 'Izquierda', 1015),
  (30, 183, 87, 'Derecha', 1016),
  (22, 192, 87, 'Derecha', 1017),
  (22, 183, 71, 'Derecha', 1018),
  (24, 181, 67, 'Derecha', 1019),
  (27, 181, 75, 'Derecha', 1020),
  (21, 177, 71, 'Ambas', 1021),
  (29, 177, 69, 'Derecha', 1022),
  (30, 185, 73, 'Derecha', 1023),
  (31, 190, 79, 'Derecha', 1024),
  (26, 173, 78, 'Derecha', 1025),
  (23, 184, 68, 'Izquierda', 1026),
  (28, 190, 84, 'Ambas', 1027),
  (32, 191, 81, 'Derecha', 1028),
  (33, 176, 74, 'Derecha', 1029),
  (25, 173, 75, 'Derecha', 1030),
  (24, 180, 73, 'Derecha', 1031),
  (20, 183, 75, 'Ambas', 1032),
  (23, 176, 72, 'Derecha', 1033),
  (28, 182, 78, 'Derecha', 1034),
  (24, 191, 84, 'Derecha', 1035),
  (25, 178, 78, 'Derecha', 1036),
  (23, 177, 75, 'Izquierda', 1037),
  (29, 184, 82, 'Derecha', 1038),
  (29, 185, 79, 'Derecha', 1039),
  (30, 181, 81, 'Derecha', 1040),
  (26, 175, 76, 'Derecha', 1041),
  (23, 177, 72, 'Derecha', 1042),
  (25, 185, 69, 'Derecha', 1043),
  (25, 185, 75, 'Derecha', 1044),
  (31, 175, 69, 'Derecha', 1045),
  (23, 189, 89, 'Ambas', 1046),
  (30, 174, 74, 'Derecha', 1047),
  (31, 174, 78, 'Izquierda', 1048),
  (27, 191, 78, 'Ambas', 1049),
  (32, 192, 80, 'Derecha', 1050),
  (32, 175, 76, 'Derecha', 1051),
  (30, 181, 71, 'Derecha', 1052),
  (29, 180, 72, 'Derecha', 1053),
  (20, 182, 69, 'Ambas', 1054),
  (21, 174, 76, 'Derecha', 1055),
  (31, 179, 75, 'Derecha', 1056),
  (33, 191, 89, 'Ambas', 1057),
  (31, 183, 70, 'Derecha', 1058),
  (28, 181, 70, 'Ambas', 1059),
  (28, 189, 84, 'Derecha', 1060),
  (23, 185, 80, 'Ambas', 1061),
  (26, 181, 75, 'Derecha', 1062),
  (21, 172, 74, 'Derecha', 1063),
  (29, 181, 75, 'Derecha', 1064),
  (23, 176, 73, 'Derecha', 1065),
  (24, 175, 75, 'Ambas', 1066),
  (25, 177, 69, 'Derecha', 1067),
  (29, 190, 81, 'Derecha', 1068),
  (22, 175, 70, 'Derecha', 1069),
  (24, 176, 72, 'Izquierda', 1070),
  (32, 193, 86, 'Ambas', 1071),
  (23, 184, 81, 'Derecha', 1072),
  (26, 175, 71, 'Derecha', 1073),
  (24, 179, 72, 'Derecha', 1074),
  (27, 174, 74, 'Derecha', 1075),
  (29, 181, 77, 'Derecha', 1076),
  (26, 176, 71, 'Derecha', 1077),
  (24, 183, 75, 'Derecha', 1078),
  (26, 190, 82, 'Derecha', 1079),
  (27, 182, 74, 'Ambas', 1080),
  (29, 183, 76, 'Izquierda', 1081),
  (29, 184, 82, 'Derecha', 1082),
  (31, 190, 80, 'Derecha', 1083),
  (33, 183, 77, 'Derecha', 1084),
  (27, 173, 77, 'Derecha', 1085),
  (23, 173, 71, 'Derecha', 1086),
  (31, 178, 69, 'Ambas', 1087),
  (29, 174, 78, 'Derecha', 1088),
  (25, 184, 75, 'Ambas', 1089),
  (33, 187, 81, 'Derecha', 1090),
  (22, 173, 71, 'Ambas', 1091),
  (21, 180, 76, 'Ambas', 1092),
  (28, 190, 79, 'Derecha', 1093),
  (23, 183, 87, 'Derecha', 1094),
  (33, 184, 79, 'Derecha', 1095),
  (26, 176, 77, 'Derecha', 1096),
  (22, 177, 75, 'Derecha', 1097),
  (21, 178, 78, 'Derecha', 1098),
  (27, 185, 73, 'Derecha', 1099),
  (20, 175, 73, 'Derecha', 1100),
  (29, 188, 83, 'Ambas', 1101),
  (29, 179, 75, 'Derecha', 1102),
  (22, 180, 73, 'Izquierda', 1103),
  (30, 187, 78, 'Derecha', 1104),
  (33, 182, 82, 'Derecha', 1105),
  (26, 180, 80, 'Derecha', 1106),
  (28, 178, 71, 'Derecha', 1107),
  (21, 170, 74, 'Derecha', 1108),
  (24, 186, 71, 'Derecha', 1109),
  (31, 181, 78, 'Derecha', 1110),
  (28, 179, 78, 'Derecha', 1111),
  (27, 185, 84, 'Derecha', 1112),
  (22, 175, 73, 'Derecha', 1113),
  (26, 178, 75, 'Izquierda', 1114),
  (26, 186, 87, 'Derecha', 1115),
  (33, 183, 80, 'Ambas', 1116),
  (32, 176, 75, 'Derecha', 1117),
  (29, 176, 72, 'Derecha', 1118),
  (24, 174, 71, 'Derecha', 1119),
  (23, 181, 69, 'Derecha', 1120),
  (20, 178, 78, 'Derecha', 1121),
  (31, 177, 72, 'Derecha', 1122),
  (33, 185, 81, 'Derecha', 1123),
  (23, 182, 73, 'Ambas', 1124),
  (28, 175, 72, 'Izquierda', 1125),
  (22, 187, 87, 'Derecha', 1126),
  (28, 186, 79, 'Derecha', 1127),
  (31, 177, 79, 'Derecha', 1128),
  (23, 181, 73, 'Derecha', 1129),
  (21, 182, 77, 'Derecha', 1130),
  (26, 174, 79, 'Derecha', 1131),
  (22, 180, 75, 'Ambas', 1132),
  (28, 174, 76, 'Derecha', 1133),
  (33, 192, 80, 'Derecha', 1134),
  (29, 184, 75, 'Derecha', 1135),
  (29, 183, 74, 'Izquierda', 1136),
  (25, 189, 78, 'Derecha', 1137),
  (22, 182, 87, 'Derecha', 1138),
  (33, 185, 80, 'Ambas', 1139),
  (26, 178, 68, 'Derecha', 1140),
  (29, 177, 69, 'Derecha', 1141),
  (30, 181, 76, 'Ambas', 1142),
  (30, 178, 76, 'Derecha', 1143),
  (20, 184, 71, 'Derecha', 1144),
  (28, 193, 86, 'Derecha', 1145),
  (29, 172, 71, 'Derecha', 1146),
  (21, 175, 76, 'Izquierda', 1147),
  (32, 185, 84, 'Derecha', 1148),
  (27, 181, 82, 'Derecha', 1149),
  (28, 185, 77, 'Derecha', 1150),
  (26, 179, 67, 'Derecha', 1151),
  (22, 182, 67, 'Derecha', 1152),
  (21, 177, 79, 'Derecha', 1153),
  (24, 183, 78, 'Derecha', 1154),
  (22, 186, 72, 'Derecha', 1155);

-- ============================================================
-- 4. ESTADISTICAS
-- ============================================================

INSERT INTO Estadisticas (goles, asistencias, titulos_equipo, titulos_seleccion, titulos_individuales, id_jugador) VALUES
  (850, 380, 44, 4, 42, 1),
  (900, 240, 35, 1, 8, 2),
  (94, 53, 3, 0, 2, 3),
  (147, 95, 0, 1, 0, 4),
  (147, 96, 6, 1, 2, 5),
  (69, 90, 1, 1, 2, 6),
  (112, 81, 3, 1, 0, 7),
  (10, 15, 2, 2, 1, 8),
  (171, 64, 6, 1, 0, 9),
  (156, 49, 6, 1, 0, 10),
  (131, 43, 2, 1, 0, 11),
  (63, 25, 3, 1, 1, 12),
  (37, 106, 3, 0, 0, 13),
  (66, 110, 10, 1, 1, 14),
  (81, 90, 5, 2, 3, 15),
  (68, 52, 11, 1, 1, 16),
  (46, 99, 4, 1, 1, 17),
  (96, 58, 2, 0, 1, 18),
  (87, 51, 1, 0, 3, 19),
  (45, 52, 2, 0, 3, 20),
  (39, 32, 3, 0, 1, 21),
  (174, 78, 1, 0, 1, 22),
  (88, 82, 0, 1, 1, 23),
  (155, 29, 5, 1, 1, 24),
  (40, 71, 4, 1, 3, 25),
  (11, 35, 9, 0, 0, 26),
  (27, 81, 9, 1, 1, 27),
  (33, 100, 5, 0, 0, 28),
  (29, 58, 2, 0, 2, 29),
  (77, 81, 7, 0, 1, 30),
  (158, 24, 1, 0, 1, 31),
  (0, 7, 2, 0, 0, 32),
  (0, 7, 2, 2, 0, 33),
  (0, 9, 4, 0, 0, 34),
  (0, 8, 3, 1, 0, 35),
  (0, 11, 5, 0, 0, 36),
  (0, 4, 3, 0, 0, 37),
  (0, 7, 0, 2, 0, 38),
  (0, 5, 4, 0, 0, 39),
  (11, 25, 2, 0, 1, 40),
  (13, 13, 7, 1, 1, 41),
  (14, 23, 7, 0, 2, 42),
  (5, 23, 0, 1, 1, 43),
  (13, 18, 2, 1, 2, 44),
  (21, 31, 5, 0, 2, 45),
  (22, 39, 7, 0, 0, 46),
  (8, 20, 7, 1, 0, 47),
  (11, 25, 0, 0, 1, 48),
  (2, 35, 4, 0, 0, 49),
  (14, 22, 4, 0, 0, 50),
  (21, 15, 3, 0, 0, 51),
  (69, 90, 8, 2, 1, 52),
  (62, 83, 2, 1, 1, 53),
  (33, 60, 4, 0, 0, 54),
  (32, 51, 7, 2, 1, 55),
  (73, 38, 2, 2, 2, 56),
  (164, 71, 5, 1, 2, 57),
  (107, 29, 7, 0, 0, 58),
  (31, 50, 0, 1, 0, 59),
  (183, 57, 3, 1, 1, 60),
  (33, 79, 5, 0, 1, 61),
  (76, 46, 8, 2, 1, 62),
  (16, 30, 0, 1, 1, 63),
  (10, 26, 7, 0, 0, 64),
  (20, 17, 0, 0, 0, 65),
  (123, 39, 4, 1, 1, 66),
  (0, 9, 5, 0, 0, 67),
  (147, 23, 0, 2, 2, 68),
  (27, 78, 8, 2, 0, 69),
  (19, 20, 7, 0, 2, 70),
  (41, 30, 2, 2, 1, 71),
  (39, 33, 2, 0, 1, 72),
  (120, 33, 6, 1, 0, 73),
  (65, 36, 6, 1, 0, 74),
  (131, 30, 3, 0, 0, 75),
  (48, 75, 2, 1, 0, 76),
  (182, 62, 6, 0, 0, 77),
  (161, 26, 3, 0, 1, 78),
  (17, 59, 1, 1, 0, 79),
  (84, 35, 3, 0, 0, 80),
  (84, 37, 7, 1, 1, 81),
  (7, 8, 7, 1, 1, 82),
  (3, 28, 6, 1, 1, 83),
  (15, 30, 3, 0, 2, 84),
  (63, 62, 6, 1, 0, 85),
  (53, 39, 6, 0, 1, 86),
  (175, 36, 5, 1, 0, 87),
  (60, 87, 4, 1, 1, 88),
  (105, 22, 5, 0, 1, 89),
  (11, 22, 6, 1, 0, 90),
  (181, 44, 3, 1, 2, 91),
  (78, 51, 1, 2, 2, 92),
  (7, 15, 0, 1, 0, 93),
  (84, 53, 0, 1, 1, 94),
  (48, 63, 2, 0, 0, 95),
  (49, 46, 2, 0, 0, 96),
  (52, 71, 5, 1, 2, 97),
  (72, 97, 4, 0, 2, 98),
  (85, 72, 0, 0, 0, 99),
  (130, 82, 7, 0, 2, 100),
  (0, 8, 6, 0, 1, 101),
  (85, 62, 4, 0, 0, 102),
  (62, 52, 6, 1, 0, 103),
  (14, 26, 1, 1, 1, 104),
  (60, 51, 0, 0, 1, 105),
  (19, 13, 4, 0, 1, 106),
  (74, 84, 6, 0, 0, 107),
  (68, 69, 4, 1, 1, 108),
  (66, 91, 4, 0, 1, 109),
  (129, 69, 5, 1, 2, 110),
  (68, 68, 5, 1, 0, 111),
  (148, 37, 6, 0, 1, 112),
  (49, 67, 2, 1, 0, 113),
  (153, 55, 2, 2, 0, 114),
  (133, 81, 3, 0, 1, 115),
  (111, 57, 4, 1, 1, 116),
  (75, 24, 4, 1, 0, 117),
  (59, 47, 0, 1, 0, 118),
  (46, 76, 0, 1, 0, 119),
  (17, 5, 1, 1, 1, 120),
  (60, 72, 3, 0, 0, 121),
  (68, 54, 0, 1, 0, 122),
  (66, 86, 0, 1, 1, 123),
  (50, 78, 2, 2, 0, 124),
  (133, 65, 1, 1, 0, 125),
  (12, 10, 2, 2, 0, 126),
  (168, 70, 2, 0, 1, 127),
  (0, 8, 6, 0, 1, 128),
  (39, 20, 1, 1, 0, 129),
  (159, 60, 1, 2, 0, 130),
  (14, 16, 0, 0, 0, 131),
  (4, 28, 1, 2, 1, 132),
  (12, 23, 0, 2, 0, 133),
  (3, 38, 6, 0, 0, 134),
  (46, 57, 2, 0, 0, 135),
  (62, 27, 6, 1, 1, 136),
  (11, 32, 0, 0, 0, 137),
  (20, 29, 2, 1, 1, 138),
  (33, 52, 2, 1, 1, 139),
  (5, 18, 2, 2, 1, 140),
  (14, 5, 2, 1, 0, 141),
  (2, 21, 4, 1, 0, 142),
  (155, 18, 5, 1, 0, 143),
  (0, 9, 2, 0, 0, 144),
  (37, 87, 1, 1, 1, 145),
  (11, 24, 4, 0, 0, 146),
  (17, 25, 3, 0, 1, 147),
  (83, 78, 1, 1, 0, 148),
  (62, 56, 3, 1, 0, 149),
  (122, 38, 0, 0, 0, 150),
  (19, 5, 4, 1, 0, 151),
  (0, 12, 2, 1, 0, 152),
  (20, 31, 5, 0, 0, 153),
  (21, 41, 4, 1, 1, 154),
  (44, 81, 4, 0, 0, 155),
  (44, 56, 2, 1, 0, 156),
  (17, 36, 2, 1, 1, 157),
  (41, 71, 5, 1, 1, 158),
  (88, 27, 4, 0, 0, 159),
  (76, 20, 2, 1, 0, 160),
  (21, 30, 1, 0, 1, 161),
  (23, 97, 4, 0, 0, 162),
  (2, 13, 1, 2, 1, 163),
  (18, 21, 4, 0, 0, 164),
  (11, 11, 4, 1, 1, 165),
  (24, 54, 1, 0, 0, 166),
  (17, 23, 1, 1, 0, 167),
  (99, 71, 3, 0, 0, 168),
  (10, 15, 3, 1, 0, 169),
  (71, 61, 4, 0, 1, 170),
  (42, 70, 4, 2, 1, 171),
  (147, 27, 2, 2, 0, 172),
  (80, 61, 1, 0, 0, 173),
  (78, 66, 0, 0, 0, 174),
  (108, 22, 4, 2, 0, 175),
  (47, 72, 3, 2, 0, 176),
  (10, 4, 1, 2, 0, 177),
  (146, 56, 3, 2, 0, 178),
  (1, 7, 4, 1, 0, 179),
  (0, 11, 4, 1, 0, 180),
  (26, 54, 2, 1, 1, 181),
  (152, 21, 0, 2, 0, 182),
  (155, 50, 1, 0, 0, 183),
  (26, 20, 0, 1, 0, 184),
  (4, 10, 3, 0, 0, 185),
  (3, 36, 1, 0, 0, 186),
  (2, 12, 0, 0, 0, 187),
  (47, 89, 4, 1, 0, 188),
  (156, 23, 4, 0, 0, 189),
  (39, 25, 1, 1, 0, 190),
  (7, 14, 4, 0, 0, 191),
  (0, 9, 4, 0, 0, 192),
  (2, 35, 3, 2, 0, 193),
  (12, 22, 2, 0, 0, 194),
  (113, 47, 1, 1, 0, 195),
  (0, 10, 0, 1, 0, 196),
  (16, 27, 3, 0, 0, 197),
  (11, 28, 3, 2, 0, 198),
  (49, 78, 1, 2, 0, 199),
  (9, 27, 1, 0, 0, 200),
  (89, 56, 1, 2, 0, 201),
  (18, 20, 3, 0, 0, 202),
  (11, 19, 1, 0, 0, 203),
  (10, 20, 3, 1, 0, 204),
  (29, 45, 1, 2, 0, 205),
  (161, 20, 0, 0, 0, 206),
  (10, 34, 2, 1, 0, 207),
  (153, 20, 2, 1, 0, 208),
  (54, 15, 4, 1, 0, 209),
  (115, 44, 0, 1, 0, 210),
  (0, 6, 3, 1, 0, 211),
  (5, 30, 2, 2, 0, 212),
  (44, 27, 1, 1, 0, 213),
  (111, 17, 1, 2, 0, 214),
  (55, 17, 3, 0, 0, 215),
  (22, 69, 1, 1, 0, 216),
  (67, 25, 2, 1, 0, 217),
  (4, 33, 3, 1, 0, 218),
  (136, 40, 6, 2, 1, 219),
  (15, 81, 4, 2, 0, 220),
  (9, 22, 0, 1, 0, 221),
  (41, 66, 4, 0, 0, 222),
  (163, 48, 4, 1, 1, 223),
  (82, 71, 3, 0, 0, 224),
  (68, 59, 3, 2, 0, 225),
  (72, 47, 4, 0, 0, 226),
  (41, 66, 3, 1, 0, 227),
  (56, 54, 0, 0, 0, 228),
  (109, 28, 4, 0, 0, 229),
  (38, 46, 0, 0, 0, 230),
  (31, 41, 4, 1, 0, 231),
  (132, 76, 4, 1, 0, 232),
  (131, 37, 0, 0, 0, 233),
  (13, 13, 1, 2, 0, 234),
  (70, 46, 2, 0, 0, 235),
  (36, 88, 0, 2, 0, 236),
  (64, 42, 1, 0, 0, 237),
  (7, 33, 4, 2, 0, 238),
  (165, 72, 1, 1, 0, 239),
  (12, 49, 0, 2, 0, 240),
  (32, 57, 0, 1, 0, 241),
  (18, 12, 2, 0, 0, 242),
  (6, 22, 2, 1, 0, 243),
  (52, 84, 1, 1, 0, 244),
  (71, 33, 0, 0, 0, 245),
  (1, 3, 2, 0, 0, 246),
  (2, 5, 2, 2, 0, 247),
  (25, 53, 4, 0, 0, 248),
  (58, 36, 2, 1, 0, 249),
  (17, 23, 2, 1, 0, 250),
  (149, 29, 3, 1, 0, 251),
  (164, 69, 5, 0, 1, 252),
  (113, 75, 0, 1, 0, 253),
  (57, 83, 4, 0, 0, 254),
  (114, 33, 4, 1, 0, 255),
  (0, 2, 0, 1, 0, 256),
  (66, 52, 3, 1, 0, 257),
  (6, 15, 0, 1, 0, 258),
  (8, 11, 4, 1, 0, 259),
  (0, 5, 3, 1, 0, 260),
  (0, 4, 0, 1, 0, 261),
  (126, 25, 6, 0, 2, 262),
  (59, 26, 0, 2, 1, 263),
  (183, 58, 5, 2, 1, 264),
  (142, 79, 1, 1, 1, 265),
  (12, 39, 3, 0, 1, 266),
  (134, 50, 0, 1, 0, 267),
  (21, 96, 3, 1, 1, 268),
  (136, 69, 1, 2, 1, 269),
  (45, 83, 0, 2, 0, 270),
  (23, 62, 1, 0, 1, 271),
  (0, 8, 0, 1, 1, 272),
  (64, 74, 5, 1, 1, 273),
  (5, 17, 0, 0, 0, 274),
  (117, 58, 6, 0, 2, 275),
  (26, 51, 4, 0, 0, 276),
  (14, 33, 3, 1, 0, 277),
  (140, 49, 1, 1, 1, 278),
  (48, 58, 0, 1, 0, 279),
  (147, 63, 4, 0, 0, 280),
  (34, 76, 0, 0, 1, 281),
  (127, 63, 2, 2, 0, 282),
  (30, 19, 3, 0, 0, 283),
  (120, 76, 4, 1, 0, 284),
  (54, 59, 4, 0, 0, 285),
  (55, 56, 4, 0, 0, 286),
  (78, 17, 1, 1, 0, 287),
  (59, 54, 1, 0, 1, 288),
  (52, 26, 5, 1, 1, 289),
  (133, 37, 4, 1, 1, 290),
  (22, 30, 1, 0, 1, 291),
  (78, 22, 2, 2, 1, 292),
  (148, 27, 2, 0, 0, 293),
  (50, 26, 0, 0, 0, 294),
  (16, 11, 1, 1, 0, 295),
  (82, 77, 4, 0, 0, 296),
  (56, 29, 2, 1, 0, 297),
  (68, 77, 4, 1, 0, 298),
  (174, 65, 1, 1, 0, 299),
  (110, 38, 1, 1, 0, 300),
  (136, 50, 0, 0, 0, 301),
  (44, 65, 2, 0, 0, 302),
  (53, 41, 1, 0, 0, 303),
  (10, 30, 0, 2, 0, 304),
  (12, 9, 4, 1, 0, 305),
  (13, 14, 1, 0, 0, 306),
  (66, 77, 3, 0, 0, 307),
  (34, 27, 4, 1, 1, 308),
  (153, 62, 4, 2, 0, 309),
  (5, 35, 2, 2, 0, 310),
  (42, 22, 4, 1, 0, 311),
  (54, 66, 6, 0, 1, 312),
  (175, 55, 7, 0, 0, 313),
  (89, 40, 1, 2, 0, 314),
  (4, 38, 1, 0, 1, 315),
  (70, 30, 2, 0, 0, 316),
  (46, 87, 0, 0, 1, 317),
  (174, 49, 3, 1, 1, 318),
  (12, 27, 2, 1, 0, 319),
  (5, 27, 0, 2, 1, 320),
  (4, 9, 4, 0, 0, 321),
  (172, 34, 6, 1, 1, 322),
  (168, 79, 3, 1, 0, 323),
  (5, 4, 3, 0, 1, 324),
  (4, 38, 4, 1, 1, 325),
  (28, 46, 0, 1, 1, 326),
  (127, 28, 3, 0, 0, 327),
  (6, 9, 5, 0, 1, 328),
  (12, 4, 1, 2, 1, 329),
  (18, 8, 4, 0, 0, 330),
  (78, 16, 1, 1, 0, 331),
  (8, 21, 1, 0, 0, 332),
  (13, 17, 6, 2, 1, 333),
  (21, 20, 5, 2, 0, 334),
  (21, 25, 2, 1, 1, 335),
  (168, 37, 5, 1, 1, 336),
  (148, 79, 6, 1, 0, 337),
  (13, 11, 2, 0, 0, 338),
  (4, 18, 5, 0, 1, 339),
  (67, 37, 1, 1, 1, 340),
  (50, 51, 3, 1, 1, 341),
  (19, 14, 4, 0, 0, 342),
  (63, 57, 3, 1, 0, 343),
  (85, 21, 4, 1, 1, 344),
  (13, 29, 5, 1, 1, 345),
  (4, 16, 0, 0, 0, 346),
  (68, 39, 3, 0, 0, 347),
  (20, 85, 2, 1, 1, 348),
  (58, 22, 4, 1, 0, 349),
  (13, 29, 2, 0, 0, 350),
  (8, 15, 1, 0, 1, 351),
  (6, 21, 3, 1, 0, 352),
  (93, 23, 5, 0, 1, 353),
  (21, 30, 2, 0, 0, 354),
  (51, 63, 6, 2, 1, 355),
  (67, 28, 0, 2, 0, 356),
  (0, 2, 3, 0, 0, 357),
  (0, 12, 4, 1, 0, 358),
  (18, 24, 2, 0, 0, 359),
  (76, 44, 0, 1, 0, 360),
  (12, 9, 2, 0, 1, 361),
  (5, 28, 0, 0, 0, 362),
  (125, 80, 0, 1, 1, 363),
  (173, 72, 3, 1, 1, 364),
  (5, 27, 4, 1, 0, 365),
  (16, 21, 0, 0, 0, 366),
  (6, 30, 1, 0, 0, 367),
  (3, 11, 0, 1, 1, 368),
  (17, 21, 3, 0, 1, 369),
  (32, 33, 1, 1, 1, 370),
  (35, 60, 6, 0, 0, 371),
  (18, 23, 4, 1, 1, 372),
  (26, 89, 2, 0, 0, 373),
  (12, 37, 2, 0, 1, 374),
  (83, 19, 2, 1, 1, 375),
  (19, 38, 1, 2, 0, 376),
  (14, 39, 6, 2, 2, 377),
  (74, 56, 2, 0, 2, 378),
  (98, 22, 5, 0, 2, 379),
  (16, 16, 1, 0, 0, 380),
  (20, 82, 1, 1, 0, 381),
  (160, 53, 3, 1, 0, 382),
  (73, 63, 0, 1, 0, 383),
  (125, 18, 0, 0, 0, 384),
  (11, 25, 3, 1, 0, 385),
  (0, 9, 4, 2, 0, 386),
  (2, 6, 1, 1, 0, 387),
  (16, 19, 1, 1, 0, 388),
  (10, 5, 3, 1, 0, 389),
  (6, 4, 1, 1, 0, 390),
  (6, 29, 2, 2, 0, 391),
  (17, 65, 0, 1, 0, 392),
  (46, 61, 2, 0, 0, 393),
  (69, 62, 3, 0, 0, 394),
  (37, 77, 3, 1, 0, 395),
  (82, 77, 1, 0, 0, 396),
  (0, 1, 0, 1, 0, 397),
  (19, 7, 4, 1, 0, 398),
  (2, 29, 2, 1, 0, 399),
  (19, 5, 4, 1, 0, 400),
  (11, 9, 2, 1, 0, 401),
  (14, 9, 0, 2, 0, 402),
  (58, 50, 1, 2, 0, 403),
  (39, 70, 3, 0, 0, 404),
  (90, 43, 3, 1, 0, 405),
  (95, 69, 3, 1, 0, 406),
  (122, 47, 2, 0, 0, 407),
  (0, 3, 2, 1, 0, 408),
  (10, 28, 3, 1, 0, 409),
  (11, 27, 3, 1, 0, 410),
  (4, 8, 3, 1, 0, 411),
  (16, 35, 0, 1, 0, 412),
  (5, 12, 4, 0, 0, 413),
  (46, 55, 4, 0, 0, 414),
  (30, 47, 2, 1, 0, 415),
  (95, 58, 0, 1, 0, 416),
  (73, 31, 0, 0, 0, 417),
  (92, 44, 1, 1, 0, 418),
  (0, 2, 3, 1, 0, 419),
  (11, 29, 0, 1, 0, 420),
  (2, 6, 3, 1, 0, 421),
  (10, 36, 2, 0, 0, 422),
  (19, 3, 4, 0, 0, 423),
  (1, 23, 1, 1, 0, 424),
  (61, 87, 1, 0, 0, 425),
  (23, 28, 0, 1, 0, 426),
  (78, 22, 4, 0, 0, 427),
  (144, 43, 1, 1, 0, 428),
  (41, 18, 0, 0, 0, 429),
  (0, 5, 4, 1, 0, 430),
  (15, 29, 2, 1, 0, 431),
  (18, 35, 3, 1, 0, 432),
  (12, 21, 0, 1, 0, 433),
  (1, 5, 3, 0, 0, 434),
  (8, 36, 0, 2, 0, 435),
  (28, 76, 3, 1, 0, 436),
  (44, 23, 4, 0, 0, 437),
  (67, 37, 1, 1, 0, 438),
  (33, 67, 4, 2, 0, 439),
  (125, 54, 4, 2, 0, 440),
  (0, 5, 3, 1, 0, 441),
  (11, 12, 4, 1, 0, 442),
  (18, 6, 2, 1, 0, 443),
  (9, 33, 0, 1, 0, 444),
  (13, 36, 2, 0, 0, 445),
  (11, 20, 0, 0, 0, 446),
  (17, 81, 2, 0, 0, 447),
  (48, 81, 0, 0, 0, 448),
  (103, 60, 1, 0, 0, 449),
  (159, 18, 3, 2, 0, 450),
  (153, 78, 1, 1, 0, 451),
  (0, 1, 0, 0, 0, 452),
  (17, 22, 4, 0, 0, 453),
  (4, 29, 2, 1, 0, 454),
  (7, 10, 3, 2, 0, 455),
  (8, 20, 1, 0, 0, 456),
  (14, 26, 4, 0, 0, 457),
  (33, 82, 2, 0, 0, 458),
  (51, 45, 0, 0, 0, 459),
  (145, 13, 3, 0, 0, 460),
  (137, 56, 2, 0, 0, 461),
  (90, 38, 0, 1, 0, 462),
  (0, 7, 0, 1, 0, 463),
  (1, 8, 4, 0, 0, 464),
  (16, 34, 3, 0, 0, 465),
  (18, 27, 1, 2, 0, 466),
  (12, 33, 3, 1, 0, 467),
  (11, 7, 1, 1, 0, 468),
  (38, 76, 4, 0, 0, 469),
  (25, 33, 0, 1, 0, 470),
  (54, 22, 3, 1, 0, 471),
  (152, 21, 4, 2, 0, 472),
  (57, 72, 0, 0, 0, 473),
  (0, 4, 0, 0, 0, 474),
  (8, 35, 1, 1, 0, 475),
  (9, 35, 2, 0, 0, 476),
  (10, 28, 0, 0, 0, 477),
  (7, 32, 0, 0, 0, 478),
  (17, 4, 0, 1, 0, 479),
  (50, 71, 0, 0, 0, 480),
  (42, 81, 3, 1, 0, 481),
  (47, 44, 0, 0, 0, 482),
  (130, 38, 4, 0, 0, 483),
  (112, 41, 2, 1, 0, 484),
  (0, 8, 4, 2, 0, 485),
  (1, 19, 2, 1, 0, 486),
  (2, 36, 0, 1, 0, 487),
  (12, 14, 0, 1, 0, 488),
  (13, 34, 3, 0, 0, 489),
  (13, 28, 2, 0, 0, 490),
  (63, 89, 3, 1, 0, 491),
  (47, 67, 0, 0, 0, 492),
  (116, 52, 2, 1, 0, 493),
  (49, 19, 0, 1, 0, 494),
  (143, 51, 2, 1, 0, 495),
  (0, 8, 1, 0, 0, 496),
  (2, 29, 2, 1, 0, 497),
  (19, 6, 4, 1, 0, 498),
  (16, 22, 0, 0, 0, 499),
  (13, 34, 0, 2, 0, 500),
  (16, 6, 3, 2, 0, 501),
  (11, 69, 3, 1, 0, 502),
  (51, 58, 2, 0, 0, 503),
  (68, 47, 0, 2, 0, 504),
  (73, 57, 3, 0, 0, 505),
  (91, 20, 3, 1, 0, 506),
  (0, 7, 0, 0, 0, 507),
  (5, 27, 2, 1, 0, 508),
  (12, 28, 4, 1, 0, 509),
  (13, 16, 3, 0, 0, 510),
  (14, 32, 4, 1, 0, 511),
  (1, 31, 0, 1, 0, 512),
  (56, 19, 1, 0, 0, 513),
  (27, 44, 4, 0, 0, 514),
  (58, 31, 1, 1, 0, 515),
  (48, 32, 1, 1, 0, 516),
  (62, 36, 3, 1, 0, 517),
  (0, 12, 2, 1, 0, 518),
  (16, 26, 2, 1, 0, 519),
  (18, 35, 1, 1, 0, 520),
  (10, 26, 3, 1, 0, 521),
  (6, 14, 3, 1, 0, 522),
  (14, 27, 1, 0, 0, 523),
  (59, 63, 1, 0, 0, 524),
  (36, 28, 2, 0, 0, 525),
  (108, 71, 1, 1, 0, 526),
  (107, 20, 3, 1, 0, 527),
  (159, 68, 4, 1, 0, 528),
  (0, 7, 1, 1, 0, 529),
  (9, 26, 0, 1, 0, 530),
  (5, 7, 0, 1, 0, 531),
  (7, 5, 0, 0, 0, 532),
  (16, 12, 1, 0, 0, 533),
  (13, 36, 3, 0, 0, 534),
  (47, 87, 2, 0, 0, 535),
  (50, 88, 0, 2, 0, 536),
  (122, 70, 3, 0, 0, 537),
  (44, 17, 0, 0, 0, 538),
  (121, 76, 2, 0, 0, 539),
  (0, 0, 0, 1, 0, 540),
  (9, 20, 4, 1, 0, 541),
  (1, 5, 2, 0, 0, 542),
  (2, 33, 0, 0, 0, 543),
  (6, 8, 1, 1, 0, 544),
  (8, 22, 4, 1, 0, 545),
  (19, 55, 1, 1, 0, 546),
  (44, 48, 3, 0, 0, 547),
  (88, 72, 4, 1, 0, 548),
  (162, 24, 1, 1, 0, 549),
  (73, 45, 3, 1, 0, 550),
  (0, 1, 4, 0, 0, 551),
  (4, 20, 2, 2, 0, 552),
  (19, 35, 1, 1, 0, 553),
  (13, 9, 3, 0, 0, 554),
  (12, 13, 2, 0, 0, 555),
  (10, 15, 4, 1, 0, 556),
  (50, 38, 4, 0, 0, 557),
  (51, 87, 3, 1, 0, 558),
  (111, 78, 3, 0, 0, 559),
  (163, 26, 3, 1, 0, 560),
  (132, 22, 1, 1, 0, 561),
  (0, 11, 0, 0, 0, 562),
  (6, 16, 0, 0, 0, 563),
  (14, 34, 1, 0, 0, 564),
  (5, 36, 2, 2, 0, 565),
  (10, 10, 4, 1, 0, 566),
  (13, 26, 2, 1, 0, 567),
  (14, 41, 4, 0, 0, 568),
  (61, 23, 0, 1, 0, 569),
  (140, 30, 1, 1, 0, 570),
  (73, 68, 0, 1, 0, 571),
  (86, 50, 4, 0, 0, 572),
  (0, 10, 4, 0, 0, 573),
  (14, 22, 1, 1, 0, 574),
  (14, 9, 4, 1, 0, 575),
  (12, 19, 4, 1, 0, 576),
  (3, 33, 1, 1, 0, 577),
  (13, 3, 4, 0, 0, 578),
  (39, 39, 0, 2, 0, 579),
  (52, 48, 4, 1, 0, 580),
  (119, 55, 2, 2, 0, 581),
  (113, 72, 0, 0, 0, 582),
  (37, 59, 2, 2, 0, 583),
  (0, 8, 4, 0, 0, 584),
  (16, 10, 3, 1, 0, 585),
  (13, 9, 0, 1, 0, 586),
  (1, 5, 1, 1, 0, 587),
  (10, 35, 3, 1, 0, 588),
  (16, 34, 4, 1, 0, 589),
  (60, 74, 0, 0, 0, 590),
  (11, 74, 0, 0, 0, 591),
  (124, 77, 2, 1, 0, 592),
  (156, 78, 4, 0, 0, 593),
  (156, 25, 4, 0, 0, 594),
  (0, 5, 2, 1, 0, 595),
  (17, 29, 4, 2, 0, 596),
  (10, 29, 4, 1, 0, 597),
  (2, 29, 3, 0, 0, 598),
  (16, 15, 2, 0, 0, 599),
  (11, 8, 0, 0, 0, 600),
  (60, 57, 3, 1, 0, 601),
  (40, 67, 1, 0, 0, 602),
  (74, 28, 3, 0, 0, 603),
  (97, 39, 1, 1, 0, 604),
  (70, 14, 3, 0, 0, 605),
  (0, 7, 3, 1, 0, 606),
  (18, 35, 4, 0, 0, 607),
  (19, 24, 2, 1, 0, 608),
  (1, 31, 0, 0, 0, 609),
  (16, 22, 0, 0, 0, 610),
  (5, 18, 4, 0, 0, 611),
  (27, 39, 0, 2, 0, 612),
  (61, 62, 3, 2, 0, 613),
  (63, 16, 3, 1, 0, 614),
  (117, 17, 1, 1, 0, 615),
  (138, 42, 0, 0, 0, 616),
  (0, 12, 1, 0, 0, 617),
  (9, 6, 1, 1, 0, 618),
  (12, 21, 1, 1, 0, 619),
  (10, 26, 0, 1, 0, 620),
  (3, 4, 3, 0, 0, 621),
  (9, 9, 0, 0, 0, 622),
  (58, 68, 1, 1, 0, 623),
  (67, 60, 2, 1, 0, 624),
  (59, 52, 4, 1, 0, 625),
  (169, 17, 2, 0, 0, 626),
  (60, 78, 2, 2, 0, 627),
  (0, 12, 1, 0, 0, 628),
  (12, 23, 3, 1, 0, 629),
  (2, 31, 0, 1, 0, 630),
  (13, 18, 1, 2, 0, 631),
  (4, 23, 3, 0, 0, 632),
  (15, 25, 0, 1, 0, 633),
  (22, 66, 4, 0, 0, 634),
  (24, 48, 0, 0, 0, 635),
  (130, 72, 1, 1, 0, 636),
  (31, 70, 4, 1, 0, 637),
  (150, 76, 1, 1, 0, 638),
  (0, 10, 4, 1, 0, 639),
  (8, 4, 3, 1, 0, 640),
  (3, 22, 3, 1, 0, 641),
  (7, 21, 3, 1, 0, 642),
  (5, 19, 0, 1, 0, 643),
  (11, 30, 4, 0, 0, 644),
  (57, 36, 3, 2, 0, 645),
  (40, 46, 3, 0, 0, 646),
  (56, 45, 3, 2, 0, 647),
  (67, 17, 0, 1, 0, 648),
  (36, 19, 4, 0, 0, 649),
  (0, 8, 0, 0, 0, 650),
  (14, 16, 2, 0, 0, 651),
  (12, 7, 0, 0, 0, 652),
  (17, 29, 0, 1, 0, 653),
  (12, 14, 3, 0, 0, 654),
  (13, 28, 2, 0, 0, 655),
  (50, 25, 1, 0, 0, 656),
  (13, 21, 3, 1, 0, 657),
  (52, 32, 0, 2, 0, 658),
  (106, 25, 0, 1, 0, 659),
  (78, 18, 0, 2, 0, 660),
  (0, 9, 4, 0, 0, 661),
  (2, 6, 0, 0, 0, 662),
  (8, 4, 2, 1, 0, 663),
  (18, 12, 0, 1, 0, 664),
  (17, 18, 3, 1, 0, 665),
  (8, 17, 0, 1, 0, 666),
  (58, 30, 0, 0, 0, 667),
  (32, 21, 4, 1, 0, 668),
  (35, 77, 2, 1, 0, 669),
  (34, 54, 3, 1, 0, 670),
  (85, 30, 2, 1, 0, 671),
  (0, 0, 3, 0, 0, 672),
  (16, 29, 2, 1, 0, 673),
  (17, 36, 3, 2, 0, 674),
  (8, 32, 4, 0, 0, 675),
  (4, 35, 1, 2, 0, 676),
  (5, 33, 3, 2, 0, 677),
  (44, 45, 1, 1, 0, 678),
  (35, 82, 4, 0, 0, 679),
  (96, 42, 3, 1, 0, 680),
  (164, 35, 3, 0, 0, 681),
  (48, 25, 0, 1, 0, 682),
  (0, 5, 4, 1, 0, 683),
  (5, 11, 0, 1, 0, 684),
  (19, 12, 4, 1, 0, 685),
  (17, 31, 2, 1, 0, 686),
  (10, 14, 4, 0, 0, 687),
  (1, 3, 1, 1, 0, 688),
  (48, 63, 2, 0, 0, 689),
  (51, 19, 3, 2, 0, 690),
  (78, 54, 4, 1, 0, 691),
  (63, 15, 0, 0, 0, 692),
  (121, 62, 4, 0, 0, 693),
  (0, 10, 4, 1, 0, 694),
  (12, 33, 2, 1, 0, 695),
  (13, 24, 1, 2, 0, 696),
  (15, 11, 0, 1, 0, 697),
  (5, 34, 4, 1, 0, 698),
  (1, 29, 2, 0, 0, 699),
  (59, 73, 1, 1, 0, 700),
  (29, 88, 3, 1, 0, 701),
  (93, 30, 2, 0, 0, 702),
  (49, 41, 0, 0, 0, 703),
  (36, 19, 2, 0, 0, 704),
  (0, 8, 4, 0, 0, 705),
  (10, 9, 1, 0, 0, 706),
  (6, 30, 3, 1, 0, 707),
  (3, 17, 4, 0, 0, 708),
  (19, 7, 3, 2, 0, 709),
  (4, 26, 3, 0, 0, 710),
  (21, 35, 4, 1, 0, 711),
  (57, 35, 1, 2, 0, 712),
  (108, 61, 1, 0, 0, 713),
  (32, 13, 2, 0, 0, 714),
  (132, 29, 4, 1, 0, 715),
  (0, 2, 2, 1, 0, 716),
  (1, 11, 1, 1, 0, 717),
  (18, 16, 4, 1, 0, 718),
  (1, 36, 1, 0, 0, 719),
  (16, 32, 4, 0, 0, 720),
  (1, 35, 4, 1, 0, 721),
  (18, 21, 2, 2, 0, 722),
  (54, 30, 2, 1, 0, 723),
  (111, 13, 3, 1, 0, 724),
  (152, 56, 1, 2, 0, 725),
  (149, 36, 2, 1, 0, 726),
  (0, 2, 0, 0, 0, 727),
  (4, 7, 0, 1, 0, 728),
  (14, 22, 2, 1, 0, 729),
  (2, 5, 3, 1, 0, 730),
  (8, 10, 1, 0, 0, 731),
  (8, 17, 0, 0, 0, 732),
  (49, 68, 4, 1, 0, 733),
  (67, 35, 2, 1, 0, 734),
  (142, 49, 1, 0, 0, 735),
  (46, 34, 3, 0, 0, 736),
  (76, 15, 0, 1, 0, 737),
  (0, 0, 1, 0, 0, 738),
  (14, 32, 4, 2, 0, 739),
  (12, 36, 0, 1, 0, 740),
  (11, 4, 0, 0, 0, 741),
  (2, 25, 0, 0, 0, 742),
  (15, 12, 3, 2, 0, 743),
  (31, 32, 2, 2, 0, 744),
  (63, 54, 3, 1, 0, 745),
  (158, 70, 1, 1, 0, 746),
  (83, 33, 0, 1, 0, 747),
  (142, 53, 3, 1, 0, 748),
  (0, 4, 0, 1, 0, 749),
  (10, 8, 0, 0, 0, 750),
  (18, 36, 1, 0, 0, 751),
  (4, 23, 0, 0, 0, 752),
  (9, 24, 0, 0, 0, 753),
  (17, 26, 4, 2, 0, 754),
  (34, 76, 3, 0, 0, 755),
  (13, 46, 4, 0, 0, 756),
  (170, 65, 2, 0, 0, 757),
  (169, 35, 3, 0, 0, 758),
  (171, 47, 1, 0, 0, 759),
  (0, 2, 1, 2, 0, 760),
  (4, 18, 2, 1, 0, 761),
  (13, 12, 4, 1, 0, 762),
  (9, 27, 3, 0, 0, 763),
  (16, 20, 1, 1, 0, 764),
  (8, 33, 3, 1, 0, 765),
  (61, 31, 3, 0, 0, 766),
  (23, 35, 1, 1, 0, 767),
  (78, 42, 1, 1, 0, 768),
  (84, 38, 4, 1, 0, 769),
  (170, 52, 1, 1, 0, 770),
  (0, 8, 0, 1, 0, 771),
  (4, 5, 4, 2, 0, 772),
  (5, 24, 4, 0, 0, 773),
  (8, 16, 4, 0, 0, 774),
  (6, 5, 2, 0, 0, 775),
  (9, 27, 3, 2, 0, 776),
  (20, 61, 0, 0, 0, 777),
  (34, 72, 1, 0, 0, 778),
  (142, 65, 3, 0, 0, 779),
  (128, 20, 2, 1, 0, 780),
  (108, 66, 3, 1, 0, 781),
  (0, 11, 2, 1, 0, 782),
  (15, 22, 0, 1, 0, 783),
  (18, 9, 2, 0, 0, 784),
  (18, 34, 2, 0, 0, 785),
  (18, 4, 3, 2, 0, 786),
  (1, 7, 4, 2, 0, 787),
  (60, 55, 0, 0, 0, 788),
  (68, 58, 1, 2, 0, 789),
  (124, 72, 4, 1, 0, 790),
  (143, 78, 0, 0, 0, 791),
  (43, 35, 2, 2, 0, 792),
  (0, 12, 0, 0, 0, 793),
  (14, 6, 3, 1, 0, 794),
  (10, 19, 4, 0, 0, 795),
  (14, 33, 3, 0, 0, 796),
  (15, 36, 4, 0, 0, 797),
  (7, 32, 2, 0, 0, 798),
  (22, 35, 0, 0, 0, 799),
  (62, 77, 4, 1, 0, 800),
  (154, 44, 3, 1, 0, 801),
  (127, 59, 0, 1, 0, 802),
  (50, 17, 1, 2, 0, 803),
  (0, 8, 2, 0, 0, 804),
  (9, 33, 4, 2, 0, 805),
  (19, 15, 2, 1, 0, 806),
  (6, 24, 1, 0, 0, 807),
  (15, 10, 3, 0, 0, 808),
  (6, 6, 2, 1, 0, 809),
  (52, 62, 2, 1, 0, 810),
  (27, 84, 3, 0, 0, 811),
  (117, 55, 0, 1, 0, 812),
  (136, 24, 2, 1, 0, 813),
  (39, 55, 0, 0, 0, 814),
  (0, 12, 4, 0, 0, 815),
  (12, 33, 0, 0, 0, 816),
  (14, 5, 0, 1, 0, 817),
  (4, 18, 0, 2, 0, 818),
  (11, 34, 1, 2, 0, 819),
  (18, 33, 0, 1, 0, 820),
  (46, 41, 1, 1, 0, 821),
  (27, 40, 1, 1, 0, 822),
  (75, 39, 4, 0, 0, 823),
  (174, 29, 4, 0, 0, 824),
  (38, 71, 0, 0, 0, 825),
  (0, 0, 1, 0, 0, 826),
  (8, 17, 4, 1, 0, 827),
  (2, 8, 3, 0, 0, 828),
  (17, 4, 3, 0, 0, 829),
  (9, 11, 0, 1, 0, 830),
  (14, 31, 0, 0, 0, 831),
  (67, 29, 4, 1, 0, 832),
  (14, 82, 2, 1, 0, 833),
  (107, 43, 2, 0, 0, 834),
  (107, 27, 4, 0, 0, 835),
  (112, 63, 2, 2, 0, 836),
  (0, 1, 1, 1, 0, 837),
  (19, 15, 0, 0, 0, 838),
  (5, 4, 4, 2, 0, 839),
  (13, 29, 2, 2, 0, 840),
  (18, 17, 2, 0, 0, 841),
  (14, 23, 2, 1, 0, 842),
  (43, 32, 0, 1, 0, 843),
  (57, 37, 0, 1, 0, 844),
  (72, 29, 0, 1, 0, 845),
  (31, 27, 1, 1, 0, 846),
  (153, 20, 2, 0, 0, 847),
  (0, 3, 2, 0, 0, 848),
  (19, 21, 4, 0, 0, 849),
  (14, 12, 4, 1, 0, 850),
  (6, 25, 0, 0, 0, 851),
  (6, 25, 1, 0, 0, 852),
  (11, 3, 2, 0, 0, 853),
  (39, 49, 4, 0, 0, 854),
  (60, 53, 0, 0, 0, 855),
  (137, 50, 0, 0, 0, 856),
  (149, 62, 2, 1, 0, 857),
  (107, 41, 3, 1, 0, 858),
  (0, 8, 4, 1, 0, 859),
  (8, 13, 4, 0, 0, 860),
  (16, 34, 3, 0, 0, 861),
  (6, 21, 1, 1, 0, 862),
  (18, 33, 3, 1, 0, 863),
  (6, 18, 3, 0, 0, 864),
  (14, 29, 3, 0, 0, 865),
  (11, 37, 0, 0, 0, 866),
  (59, 16, 2, 0, 0, 867),
  (167, 35, 1, 2, 0, 868),
  (30, 78, 1, 1, 0, 869),
  (0, 8, 4, 1, 0, 870),
  (16, 5, 3, 2, 0, 871),
  (18, 7, 4, 2, 0, 872),
  (1, 12, 2, 1, 0, 873),
  (9, 6, 2, 0, 0, 874),
  (6, 17, 4, 1, 0, 875),
  (13, 62, 2, 0, 0, 876),
  (36, 26, 4, 1, 0, 877),
  (65, 45, 3, 1, 0, 878),
  (160, 48, 0, 0, 0, 879),
  (124, 11, 0, 0, 0, 880),
  (0, 0, 1, 1, 0, 881),
  (4, 10, 0, 0, 0, 882),
  (7, 34, 1, 1, 0, 883),
  (17, 27, 3, 0, 0, 884),
  (18, 15, 1, 2, 0, 885),
  (8, 27, 4, 1, 0, 886),
  (59, 67, 4, 0, 0, 887),
  (50, 89, 4, 0, 0, 888),
  (158, 13, 1, 0, 0, 889),
  (169, 21, 4, 0, 0, 890),
  (55, 28, 1, 1, 0, 891),
  (0, 11, 0, 1, 0, 892),
  (19, 32, 2, 1, 0, 893),
  (19, 36, 3, 0, 0, 894),
  (16, 26, 0, 0, 0, 895),
  (8, 22, 1, 1, 0, 896),
  (4, 8, 0, 0, 0, 897),
  (36, 28, 4, 1, 0, 898),
  (68, 87, 0, 2, 0, 899),
  (133, 76, 1, 0, 0, 900),
  (54, 77, 0, 2, 0, 901),
  (54, 46, 4, 1, 0, 902),
  (0, 2, 3, 0, 0, 903),
  (12, 4, 1, 2, 0, 904),
  (18, 12, 0, 1, 0, 905),
  (3, 13, 4, 0, 0, 906),
  (17, 12, 1, 0, 0, 907),
  (13, 8, 0, 1, 0, 908),
  (37, 67, 4, 1, 0, 909),
  (65, 22, 1, 1, 0, 910),
  (168, 46, 1, 0, 0, 911),
  (143, 47, 1, 0, 0, 912),
  (64, 73, 0, 1, 0, 913),
  (0, 5, 3, 2, 0, 914),
  (6, 36, 3, 0, 0, 915),
  (5, 11, 0, 2, 0, 916),
  (16, 11, 2, 2, 0, 917),
  (10, 3, 1, 0, 0, 918),
  (10, 10, 3, 2, 0, 919),
  (29, 27, 1, 2, 0, 920),
  (58, 88, 4, 1, 0, 921),
  (34, 31, 2, 1, 0, 922),
  (48, 41, 0, 0, 0, 923),
  (54, 27, 0, 0, 0, 924),
  (0, 3, 0, 0, 0, 925),
  (11, 15, 4, 1, 0, 926),
  (9, 28, 0, 0, 0, 927),
  (14, 12, 2, 0, 0, 928),
  (14, 14, 0, 1, 0, 929),
  (12, 22, 4, 0, 0, 930),
  (31, 25, 2, 0, 0, 931),
  (38, 32, 1, 2, 0, 932),
  (141, 41, 0, 0, 0, 933),
  (76, 47, 2, 1, 0, 934),
  (65, 57, 2, 0, 0, 935),
  (0, 8, 2, 1, 0, 936),
  (12, 36, 3, 1, 0, 937),
  (13, 21, 4, 0, 0, 938),
  (14, 25, 4, 0, 0, 939),
  (19, 29, 1, 0, 0, 940),
  (9, 14, 0, 1, 0, 941),
  (37, 65, 1, 1, 0, 942),
  (66, 26, 1, 0, 0, 943),
  (49, 47, 0, 0, 0, 944),
  (174, 31, 4, 0, 0, 945),
  (142, 59, 2, 0, 0, 946),
  (0, 9, 1, 1, 0, 947),
  (11, 18, 4, 0, 0, 948),
  (18, 36, 0, 1, 0, 949),
  (9, 6, 3, 1, 0, 950),
  (7, 28, 3, 1, 0, 951),
  (17, 3, 2, 1, 0, 952),
  (29, 46, 2, 0, 0, 953),
  (25, 33, 2, 1, 0, 954),
  (47, 21, 3, 0, 0, 955),
  (168, 13, 0, 1, 0, 956),
  (161, 74, 1, 1, 0, 957),
  (0, 12, 0, 1, 0, 958),
  (8, 18, 3, 0, 0, 959),
  (14, 23, 1, 1, 0, 960),
  (19, 33, 0, 1, 0, 961),
  (12, 24, 2, 2, 0, 962),
  (10, 3, 0, 2, 0, 963),
  (29, 60, 3, 0, 0, 964),
  (59, 49, 4, 2, 0, 965),
  (164, 31, 1, 0, 0, 966),
  (131, 42, 3, 1, 0, 967),
  (152, 19, 3, 1, 0, 968),
  (0, 2, 2, 0, 0, 969),
  (6, 30, 4, 0, 0, 970),
  (6, 33, 3, 1, 0, 971),
  (3, 34, 3, 1, 0, 972),
  (19, 15, 1, 1, 0, 973),
  (12, 8, 1, 1, 0, 974),
  (12, 74, 4, 0, 0, 975),
  (66, 26, 2, 1, 0, 976),
  (93, 59, 4, 0, 0, 977),
  (168, 36, 0, 2, 0, 978),
  (116, 18, 0, 1, 0, 979),
  (0, 1, 2, 1, 0, 980),
  (10, 36, 4, 0, 0, 981),
  (18, 34, 0, 1, 0, 982),
  (12, 25, 1, 1, 0, 983),
  (3, 18, 0, 1, 0, 984),
  (2, 28, 2, 0, 0, 985),
  (62, 53, 4, 0, 0, 986),
  (13, 48, 4, 1, 0, 987),
  (95, 39, 4, 0, 0, 988),
  (99, 30, 3, 1, 0, 989),
  (58, 36, 1, 0, 0, 990),
  (0, 7, 1, 1, 0, 991),
  (3, 15, 4, 1, 0, 992),
  (8, 12, 4, 1, 0, 993),
  (7, 9, 0, 0, 0, 994),
  (7, 25, 3, 1, 0, 995),
  (15, 29, 0, 1, 0, 996),
  (56, 24, 4, 0, 0, 997),
  (58, 74, 1, 1, 0, 998),
  (155, 58, 2, 0, 0, 999),
  (52, 35, 0, 0, 0, 1000),
  (116, 74, 1, 1, 0, 1001),
  (0, 7, 4, 1, 0, 1002),
  (14, 22, 2, 1, 0, 1003),
  (3, 14, 3, 0, 0, 1004),
  (18, 28, 1, 0, 0, 1005),
  (4, 4, 0, 0, 0, 1006),
  (2, 21, 0, 0, 0, 1007),
  (59, 36, 1, 0, 0, 1008),
  (12, 21, 1, 0, 0, 1009),
  (97, 58, 4, 0, 0, 1010),
  (143, 50, 1, 1, 0, 1011),
  (35, 48, 0, 1, 0, 1012),
  (0, 11, 2, 1, 0, 1013),
  (9, 27, 2, 0, 0, 1014),
  (14, 26, 1, 0, 0, 1015),
  (19, 18, 2, 2, 0, 1016),
  (14, 17, 1, 1, 0, 1017),
  (1, 13, 1, 1, 0, 1018),
  (60, 66, 3, 1, 0, 1019),
  (32, 22, 2, 1, 0, 1020),
  (47, 64, 1, 1, 0, 1021),
  (117, 68, 1, 1, 0, 1022),
  (60, 23, 0, 0, 0, 1023),
  (0, 5, 2, 0, 0, 1024),
  (17, 27, 2, 0, 0, 1025),
  (6, 36, 4, 1, 0, 1026),
  (4, 34, 4, 0, 0, 1027),
  (15, 11, 2, 2, 0, 1028),
  (3, 20, 2, 0, 0, 1029),
  (41, 54, 0, 0, 0, 1030),
  (42, 34, 2, 2, 0, 1031),
  (129, 15, 2, 1, 0, 1032),
  (161, 23, 2, 0, 0, 1033),
  (135, 21, 3, 0, 0, 1034),
  (0, 11, 2, 0, 0, 1035),
  (10, 15, 2, 0, 0, 1036),
  (18, 10, 3, 1, 0, 1037),
  (15, 12, 0, 0, 0, 1038),
  (12, 24, 0, 0, 0, 1039),
  (15, 27, 3, 0, 0, 1040),
  (47, 80, 4, 1, 0, 1041),
  (16, 60, 2, 2, 0, 1042),
  (141, 33, 0, 2, 0, 1043),
  (39, 23, 4, 0, 0, 1044),
  (127, 44, 0, 1, 0, 1045),
  (0, 12, 3, 0, 0, 1046),
  (8, 31, 0, 2, 0, 1047),
  (1, 5, 2, 2, 0, 1048),
  (8, 16, 0, 1, 0, 1049),
  (9, 33, 2, 0, 0, 1050),
  (4, 17, 2, 1, 0, 1051),
  (50, 89, 2, 1, 0, 1052),
  (60, 44, 4, 1, 0, 1053),
  (94, 22, 1, 1, 0, 1054),
  (66, 57, 1, 0, 0, 1055),
  (60, 56, 1, 1, 0, 1056),
  (0, 2, 3, 1, 0, 1057),
  (11, 13, 2, 2, 0, 1058),
  (5, 35, 2, 2, 0, 1059),
  (12, 33, 4, 0, 0, 1060),
  (17, 27, 3, 2, 0, 1061),
  (9, 11, 4, 1, 0, 1062),
  (50, 56, 0, 1, 0, 1063),
  (23, 37, 2, 0, 0, 1064),
  (88, 65, 1, 1, 0, 1065),
  (37, 39, 3, 0, 0, 1066),
  (104, 14, 1, 1, 0, 1067),
  (0, 6, 2, 0, 0, 1068),
  (18, 22, 2, 1, 0, 1069),
  (12, 9, 0, 0, 0, 1070),
  (6, 13, 3, 0, 0, 1071),
  (13, 14, 4, 1, 0, 1072),
  (9, 3, 0, 1, 0, 1073),
  (29, 70, 3, 2, 0, 1074),
  (54, 51, 0, 2, 0, 1075),
  (63, 75, 2, 2, 0, 1076),
  (148, 19, 3, 1, 0, 1077),
  (73, 71, 1, 1, 0, 1078),
  (0, 3, 4, 1, 0, 1079),
  (12, 17, 0, 1, 0, 1080),
  (16, 7, 2, 1, 0, 1081),
  (11, 32, 1, 0, 0, 1082),
  (3, 12, 0, 1, 0, 1083),
  (6, 36, 3, 0, 0, 1084),
  (52, 74, 4, 1, 0, 1085),
  (49, 26, 1, 1, 0, 1086),
  (153, 27, 3, 1, 0, 1087),
  (58, 40, 1, 0, 0, 1088),
  (100, 33, 2, 0, 0, 1089),
  (0, 9, 3, 1, 0, 1090),
  (8, 24, 2, 0, 0, 1091),
  (9, 14, 0, 0, 0, 1092),
  (5, 13, 0, 2, 0, 1093),
  (8, 15, 2, 0, 0, 1094),
  (15, 22, 0, 2, 0, 1095),
  (11, 26, 2, 0, 0, 1096),
  (67, 55, 2, 1, 0, 1097),
  (78, 53, 3, 1, 0, 1098),
  (32, 12, 4, 1, 0, 1099),
  (126, 68, 0, 1, 0, 1100),
  (0, 9, 0, 1, 0, 1101),
  (19, 33, 4, 0, 0, 1102),
  (18, 7, 2, 0, 0, 1103),
  (4, 22, 0, 1, 0, 1104),
  (16, 31, 2, 0, 0, 1105),
  (9, 34, 2, 1, 0, 1106),
  (15, 28, 0, 1, 0, 1107),
  (38, 55, 1, 2, 0, 1108),
  (46, 62, 2, 2, 0, 1109),
  (126, 78, 4, 1, 0, 1110),
  (62, 51, 4, 1, 0, 1111),
  (0, 11, 4, 0, 0, 1112),
  (2, 18, 2, 1, 0, 1113),
  (15, 31, 4, 0, 0, 1114),
  (12, 34, 2, 0, 0, 1115),
  (16, 4, 1, 1, 0, 1116),
  (9, 28, 3, 1, 0, 1117),
  (57, 61, 4, 1, 0, 1118),
  (28, 49, 1, 0, 0, 1119),
  (31, 53, 4, 1, 0, 1120),
  (125, 75, 0, 1, 0, 1121),
  (93, 49, 3, 1, 0, 1122),
  (0, 6, 0, 0, 0, 1123),
  (3, 3, 2, 1, 0, 1124),
  (12, 29, 3, 0, 0, 1125),
  (3, 35, 4, 1, 0, 1126),
  (18, 35, 3, 1, 0, 1127),
  (12, 31, 2, 2, 0, 1128),
  (24, 75, 2, 1, 0, 1129),
  (63, 58, 2, 0, 0, 1130),
  (89, 15, 1, 1, 0, 1131),
  (173, 47, 1, 0, 0, 1132),
  (77, 45, 1, 1, 0, 1133),
  (0, 7, 1, 0, 0, 1134),
  (4, 13, 1, 0, 0, 1135),
  (18, 11, 4, 0, 0, 1136),
  (10, 21, 2, 0, 0, 1137),
  (12, 22, 2, 2, 0, 1138),
  (12, 10, 4, 0, 0, 1139),
  (24, 44, 4, 2, 0, 1140),
  (55, 64, 2, 1, 0, 1141),
  (151, 50, 1, 0, 0, 1142),
  (100, 65, 1, 2, 0, 1143),
  (127, 51, 4, 0, 0, 1144),
  (0, 11, 3, 1, 0, 1145),
  (18, 8, 2, 0, 0, 1146),
  (11, 31, 1, 0, 0, 1147),
  (1, 10, 0, 1, 0, 1148),
  (13, 24, 0, 1, 0, 1149),
  (14, 18, 2, 1, 0, 1150),
  (49, 43, 1, 1, 0, 1151),
  (20, 56, 0, 1, 0, 1152),
  (167, 28, 1, 0, 0, 1153),
  (170, 39, 3, 1, 0, 1154),
  (148, 39, 0, 0, 0, 1155);

-- ============================================================
-- 5. TRAYECTORIA
-- ============================================================

INSERT INTO Trayectoria (id_equipo, id_jugador, anio_traspaso, anio_ingreso) VALUES
  (3, 1, 2016, 2014),
  (32, 1, 2019, 2016),
  (57, 1, NULL, 2019),
  (39, 2, 2013, 2010),
  (11, 2, 2017, 2013),
  (2, 2, 2018, 2017),
  (21, 2, 2020, 2018),
  (11, 2, 2023, 2020),
  (61, 2, NULL, 2023),
  (34, 3, 2019, 2015),
  (32, 3, 2020, 2019),
  (2, 3, NULL, 2020),
  (28, 4, 2018, 2017),
  (18, 4, 2020, 2018),
  (10, 4, NULL, 2020),
  (51, 5, 2021, 2019),
  (173, 5, 2024, 2021),
  (2, 5, NULL, 2024),
  (28, 6, 2019, 2016),
  (12, 6, 2023, 2019),
  (2, 6, NULL, 2023),
  (2, 7, 2019, 2015),
  (68, 7, 2020, 2019),
  (3, 7, NULL, 2020),
  (9, 8, 2019, 2018),
  (4, 8, 2021, 2019),
  (10, 8, NULL, 2021),
  (14, 9, 2016, 2014),
  (26, 9, 2019, 2016),
  (23, 9, 2023, 2019),
  (12, 9, NULL, 2023),
  (15, 10, 2021, 2018),
  (78, 10, 2024, 2021),
  (27, 10, NULL, 2024),
  (28, 11, 2019, 2015),
  (27, 11, 2020, 2019),
  (3, 11, NULL, 2020),
  (14, 12, 2012, 2011),
  (101, 12, 2014, 2012),
  (10, 12, NULL, 2014),
  (4, 13, 2021, 2019),
  (105, 13, 2024, 2021),
  (29, 13, NULL, 2024),
  (41, 14, 2019, 2016),
  (100, 14, 2023, 2019),
  (27, 14, NULL, 2023),
  (66, 15, 2019, 2015),
  (2, 15, 2020, 2019),
  (3, 15, NULL, 2020),
  (77, 16, 2018, 2017),
  (14, 16, 2020, 2018),
  (13, 16, NULL, 2020),
  (22, 17, 2018, 2016),
  (83, 17, 2021, 2018),
  (10, 17, NULL, 2021),
  (39, 18, 2016, 2013),
  (36, 18, 2020, 2016),
  (20, 18, NULL, 2020),
  (45, 19, 2020, 2016),
  (52, 19, 2021, 2020),
  (19, 19, NULL, 2021),
  (183, 20, 2020, 2019),
  (7, 20, 2022, 2020),
  (2, 20, NULL, 2022),
  (8, 21, 2018, 2016),
  (4, 21, 2021, 2018),
  (3, 21, 2024, 2021),
  (4, 21, NULL, 2024),
  (36, 22, 2018, 2015),
  (22, 22, 2022, 2018),
  (63, 22, NULL, 2022),
  (22, 23, 2021, 2017),
  (4, 23, 2022, 2021),
  (32, 23, NULL, 2022),
  (56, 24, 2014, 2013),
  (3, 24, 2016, 2014),
  (32, 24, 2019, 2016),
  (62, 24, 2023, 2019),
  (56, 24, NULL, 2023),
  (10, 25, 2017, 2015),
  (83, 25, 2020, 2017),
  (14, 25, NULL, 2020),
  (77, 26, 2018, 2015),
  (76, 26, 2022, 2018),
  (13, 26, NULL, 2022),
  (2, 27, 2021, 2017),
  (8, 27, 2022, 2021),
  (13, 27, NULL, 2022),
  (39, 28, 2017, 2016),
  (16, 28, 2019, 2017),
  (11, 28, NULL, 2019),
  (43, 29, 2016, 2014),
  (18, 29, 2019, 2016),
  (12, 29, NULL, 2019),
  (44, 30, 2017, 2014),
  (37, 30, 2021, 2017),
  (14, 30, NULL, 2021),
  (44, 31, 2017, 2013),
  (10, 31, 2018, 2017),
  (4, 31, NULL, 2018),
  (13, 32, 2018, 2017),
  (16, 32, 2020, 2018),
  (17, 32, NULL, 2020),
  (172, 33, 2016, 2014),
  (43, 33, 2019, 2016),
  (169, 33, 2023, 2019),
  (17, 33, NULL, 2023),
  (4, 34, 2016, 2013),
  (14, 34, 2020, 2016),
  (2, 34, NULL, 2020),
  (191, 35, 2021, 2017),
  (23, 35, 2022, 2021),
  (12, 35, NULL, 2022),
  (37, 36, 2013, 2012),
  (18, 36, 2015, 2013),
  (10, 36, NULL, 2015),
  (100, 37, 2014, 2012),
  (11, 37, 2017, 2014),
  (3, 37, NULL, 2017),
  (20, 38, 2013, 2010),
  (96, 38, 2017, 2013),
  (32, 38, NULL, 2017),
  (3, 39, 2020, 2018),
  (21, 39, 2021, 2020),
  (40, 39, 2022, 2021),
  (13, 39, 2023, 2022),
  (64, 39, 2024, 2023),
  (27, 39, NULL, 2024),
  (130, 40, 2012, 2011),
  (86, 40, 2014, 2012),
  (12, 40, NULL, 2014),
  (33, 41, 2020, 2018),
  (82, 41, 2023, 2020),
  (13, 41, NULL, 2023),
  (37, 42, 2020, 2017),
  (41, 42, 2024, 2020),
  (10, 42, NULL, 2024),
  (23, 43, 2020, 2016),
  (14, 43, 2021, 2020),
  (2, 43, NULL, 2021),
  (189, 44, 2018, 2017),
  (183, 44, 2020, 2018),
  (3, 44, NULL, 2020),
  (2, 45, 2019, 2017),
  (28, 45, 2022, 2019),
  (19, 45, 2024, 2022),
  (32, 45, NULL, 2024),
  (4, 46, 2019, 2016),
  (2, 46, 2023, 2019),
  (20, 46, NULL, 2023),
  (40, 47, 2021, 2017),
  (33, 47, 2022, 2021),
  (12, 47, NULL, 2022),
  (101, 48, 2015, 2014),
  (99, 48, 2017, 2015),
  (27, 48, NULL, 2017),
  (12, 49, 2017, 2015),
  (64, 49, 2020, 2017),
  (82, 49, 2024, 2020),
  (14, 49, NULL, 2024),
  (98, 50, 2020, 2017),
  (30, 50, 2024, 2020),
  (27, 50, NULL, 2024),
  (34, 51, 2022, 2018),
  (3, 51, 2023, 2022),
  (2, 51, NULL, 2023),
  (109, 52, 2016, 2015),
  (39, 52, 2018, 2016),
  (2, 52, NULL, 2018),
  (40, 53, 2020, 2018),
  (22, 53, 2023, 2020),
  (3, 53, NULL, 2023),
  (39, 54, 2020, 2017),
  (9, 54, 2023, 2020),
  (20, 54, 2024, 2023),
  (3, 54, NULL, 2024),
  (148, 55, 2022, 2018),
  (30, 55, 2023, 2022),
  (3, 55, NULL, 2023),
  (39, 56, 2013, 2012),
  (75, 56, 2015, 2013),
  (3, 56, NULL, 2015),
  (56, 57, 2018, 2016),
  (172, 57, 2021, 2018),
  (2, 57, NULL, 2021),
  (188, 58, 2015, 2012),
  (192, 58, 2019, 2015),
  (183, 58, 2020, 2019),
  (2, 58, NULL, 2020),
  (15, 59, 2022, 2018),
  (2, 59, 2023, 2022),
  (20, 59, NULL, 2023),
  (26, 60, 2013, 2012),
  (150, 60, 2015, 2013),
  (21, 60, NULL, 2015),
  (88, 61, 2016, 2014),
  (24, 61, 2019, 2016),
  (21, 61, NULL, 2019),
  (10, 62, 2018, 2015),
  (87, 62, 2022, 2018),
  (92, 62, 2023, 2022),
  (19, 62, NULL, 2023),
  (39, 63, 2020, 2018),
  (12, 63, 2021, 2020),
  (34, 63, 2022, 2021),
  (3, 63, 2023, 2022),
  (11, 63, 2024, 2023),
  (19, 63, NULL, 2024),
  (32, 64, 2018, 2017),
  (13, 64, 2020, 2018),
  (11, 64, 2023, 2020),
  (19, 64, NULL, 2023),
  (41, 65, 2019, 2017),
  (32, 65, 2022, 2019),
  (63, 65, 2023, 2022),
  (95, 65, 2024, 2023),
  (19, 65, NULL, 2024),
  (37, 66, 2017, 2014),
  (19, 66, 2021, 2017),
  (42, 66, 2022, 2021),
  (20, 66, NULL, 2022),
  (13, 67, 2021, 2017),
  (110, 67, 2022, 2021),
  (12, 67, 2024, 2022),
  (20, 67, NULL, 2024),
  (2, 68, 2018, 2017),
  (3, 68, 2020, 2018),
  (14, 68, 2023, 2020),
  (32, 68, NULL, 2023),
  (28, 69, 2014, 2012),
  (34, 69, 2017, 2014),
  (10, 69, 2021, 2017),
  (4, 69, 2022, 2021),
  (32, 69, NULL, 2022),
  (27, 70, 2016, 2013),
  (40, 70, 2020, 2016),
  (19, 70, 2021, 2020),
  (32, 70, NULL, 2021),
  (3, 71, 2018, 2014),
  (13, 71, 2019, 2018),
  (32, 71, NULL, 2019),
  (86, 72, 2013, 2012),
  (18, 72, 2015, 2013),
  (21, 72, 2018, 2015),
  (63, 72, 2022, 2018),
  (15, 72, 2023, 2022),
  (11, 72, NULL, 2023),
  (41, 73, 2014, 2012),
  (38, 73, 2017, 2014),
  (37, 73, 2021, 2017),
  (17, 73, 2022, 2021),
  (20, 73, 2024, 2022),
  (3, 73, NULL, 2024),
  (27, 74, 2015, 2012),
  (2, 74, 2019, 2015),
  (15, 74, 2020, 2019),
  (11, 74, NULL, 2020),
  (78, 75, 2021, 2017),
  (64, 75, 2022, 2021),
  (33, 75, 2023, 2022),
  (32, 75, 2024, 2023),
  (11, 75, NULL, 2024),
  (15, 76, 2018, 2017),
  (77, 76, 2020, 2018),
  (42, 76, 2023, 2020),
  (80, 76, 2024, 2023),
  (12, 76, NULL, 2024),
  (45, 77, 2017, 2015),
  (48, 77, 2020, 2017),
  (53, 77, 2023, 2020),
  (188, 77, 2024, 2023),
  (12, 77, NULL, 2024),
  (192, 78, 2019, 2016),
  (173, 78, 2021, 2019),
  (54, 78, 2022, 2021),
  (167, 78, 2023, 2022),
  (49, 78, 2024, 2023),
  (12, 78, NULL, 2024),
  (20, 79, 2020, 2018),
  (13, 79, 2021, 2020),
  (123, 79, 2022, 2021),
  (41, 79, 2023, 2022),
  (4, 79, 2024, 2023),
  (12, 79, NULL, 2024),
  (191, 80, 2014, 2013),
  (172, 80, 2016, 2014),
  (52, 80, 2019, 2016),
  (13, 80, NULL, 2019),
  (3, 81, 2015, 2013),
  (2, 81, 2018, 2015),
  (105, 81, 2022, 2018),
  (13, 81, NULL, 2022),
  (189, 82, 2017, 2014),
  (55, 82, 2021, 2017),
  (192, 82, 2022, 2021),
  (166, 82, 2023, 2022),
  (52, 82, 2024, 2023),
  (13, 82, NULL, 2024),
  (4, 83, 2020, 2016),
  (39, 83, 2021, 2020),
  (18, 83, 2022, 2021),
  (28, 83, 2023, 2022),
  (21, 83, 2024, 2023),
  (13, 83, NULL, 2024),
  (189, 84, 2019, 2018),
  (180, 84, 2021, 2019),
  (48, 84, 2024, 2021),
  (14, 84, NULL, 2024),
  (4, 85, 2018, 2016),
  (16, 85, 2021, 2018),
  (11, 85, 2023, 2021),
  (77, 85, 2024, 2023),
  (14, 85, NULL, 2024),
  (35, 86, 2020, 2017),
  (36, 86, 2023, 2020),
  (117, 86, 2024, 2023),
  (14, 86, NULL, 2024),
  (81, 87, 2019, 2015),
  (18, 87, 2020, 2019),
  (2, 87, 2022, 2020),
  (82, 87, 2023, 2022),
  (16, 87, 2024, 2023),
  (15, 87, NULL, 2024),
  (41, 88, 2014, 2013),
  (16, 88, 2016, 2014),
  (76, 88, 2019, 2016),
  (14, 88, 2023, 2019),
  (15, 88, NULL, 2023),
  (13, 89, 2014, 2012),
  (39, 89, 2017, 2014),
  (63, 89, 2021, 2017),
  (15, 89, NULL, 2021),
  (183, 90, 2017, 2014),
  (172, 90, 2021, 2017),
  (49, 90, 2022, 2021),
  (166, 90, 2024, 2022),
  (15, 90, NULL, 2024),
  (79, 91, 2020, 2018),
  (33, 91, 2021, 2020),
  (27, 91, 2022, 2021),
  (39, 91, 2023, 2022),
  (40, 91, 2024, 2023),
  (16, 91, NULL, 2024),
  (180, 92, 2014, 2013),
  (178, 92, 2016, 2014),
  (172, 92, 2019, 2016),
  (16, 92, NULL, 2019),
  (23, 93, 2019, 2017),
  (21, 93, 2022, 2019),
  (22, 93, 2023, 2022),
  (28, 93, 2024, 2023),
  (16, 93, NULL, 2024),
  (40, 94, 2015, 2012),
  (33, 94, 2019, 2015),
  (3, 94, 2020, 2019),
  (17, 94, NULL, 2020),
  (33, 95, 2020, 2016),
  (2, 95, 2021, 2020),
  (42, 95, 2023, 2021),
  (128, 95, 2024, 2023),
  (17, 95, NULL, 2024),
  (28, 96, 2017, 2016),
  (13, 96, 2019, 2017),
  (75, 96, 2022, 2019),
  (18, 96, NULL, 2022),
  (52, 97, 2015, 2013),
  (190, 97, 2018, 2015),
  (178, 97, 2022, 2018),
  (55, 97, 2023, 2022),
  (51, 97, 2024, 2023),
  (18, 97, NULL, 2024),
  (38, 98, 2015, 2012),
  (11, 98, 2019, 2015),
  (12, 98, 2020, 2019),
  (30, 98, NULL, 2020),
  (2, 99, 2021, 2017),
  (20, 99, 2022, 2021),
  (14, 99, 2024, 2022),
  (30, 99, NULL, 2024),
  (31, 100, 2017, 2016),
  (10, 100, 2019, 2017),
  (42, 100, 2022, 2019),
  (97, 100, 2024, 2022),
  (30, 100, NULL, 2024),
  (37, 101, 2018, 2016),
  (4, 101, 2021, 2018),
  (40, 101, 2022, 2021),
  (97, 101, 2023, 2022),
  (10, 101, 2024, 2023),
  (28, 101, NULL, 2024),
  (31, 102, 2018, 2015),
  (63, 102, 2022, 2018),
  (28, 102, NULL, 2022),
  (100, 103, 2018, 2014),
  (40, 103, 2019, 2018),
  (4, 103, 2021, 2019),
  (28, 103, NULL, 2021),
  (34, 104, 2018, 2017),
  (105, 104, 2020, 2018),
  (32, 104, 2022, 2020),
  (40, 104, 2023, 2022),
  (10, 104, 2024, 2023),
  (29, 104, NULL, 2024),
  (3, 105, 2012, 2010),
  (21, 105, 2015, 2012),
  (40, 105, 2019, 2015),
  (34, 105, 2020, 2019),
  (99, 105, 2022, 2020),
  (29, 105, NULL, 2022),
  (40, 106, 2015, 2012),
  (64, 106, 2019, 2015),
  (14, 106, 2020, 2019),
  (123, 106, 2022, 2020),
  (2, 106, 2024, 2022),
  (29, 106, NULL, 2024),
  (98, 107, 2018, 2014),
  (105, 107, 2019, 2018),
  (29, 107, NULL, 2019),
  (11, 108, 2018, 2017),
  (38, 108, 2020, 2018),
  (85, 108, 2023, 2020),
  (10, 108, NULL, 2023),
  (63, 109, 2017, 2015),
  (11, 109, 2020, 2017),
  (41, 109, 2023, 2020),
  (78, 109, 2024, 2023),
  (13, 109, NULL, 2024),
  (4, 110, 2021, 2018),
  (19, 110, 2022, 2021),
  (37, 110, 2023, 2022),
  (28, 110, 2024, 2023),
  (27, 110, NULL, 2024),
  (115, 111, 2019, 2015),
  (19, 111, 2020, 2019),
  (27, 111, NULL, 2020),
  (105, 112, 2017, 2016),
  (29, 112, 2019, 2017),
  (20, 112, 2022, 2019),
  (63, 112, NULL, 2022),
  (97, 113, 2010, 2008),
  (106, 113, 2013, 2010),
  (31, 113, 2017, 2013),
  (37, 113, 2018, 2017),
  (34, 113, 2020, 2018),
  (27, 113, NULL, 2020),
  (22, 114, 2015, 2012),
  (109, 114, 2019, 2015),
  (21, 114, NULL, 2019),
  (35, 115, 2021, 2017),
  (27, 115, 2022, 2021),
  (38, 115, 2023, 2022),
  (21, 115, 2024, 2023),
  (36, 115, NULL, 2024),
  (27, 116, 2015, 2014),
  (38, 116, 2017, 2015),
  (36, 116, NULL, 2017),
  (21, 117, 2022, 2020),
  (10, 117, 2024, 2022),
  (35, 117, NULL, 2024),
  (42, 118, 2015, 2012),
  (32, 118, 2019, 2015),
  (115, 118, 2020, 2019),
  (21, 118, 2022, 2020),
  (35, 118, NULL, 2022),
  (27, 119, 2020, 2016),
  (86, 119, 2021, 2020),
  (4, 119, 2022, 2021),
  (64, 119, 2023, 2022),
  (20, 119, 2024, 2023),
  (33, 119, NULL, 2024),
  (2, 120, 2018, 2017),
  (37, 120, 2020, 2018),
  (11, 120, 2023, 2020),
  (33, 120, NULL, 2023),
  (32, 121, 2014, 2012),
  (110, 121, 2017, 2014),
  (116, 121, 2021, 2017),
  (34, 121, NULL, 2021),
  (37, 122, 2013, 2010),
  (112, 122, 2017, 2013),
  (12, 122, 2018, 2017),
  (19, 122, 2020, 2018),
  (34, 122, NULL, 2020),
  (3, 123, 2021, 2017),
  (12, 123, 2022, 2021),
  (19, 123, 2023, 2022),
  (40, 123, 2024, 2023),
  (39, 123, NULL, 2024),
  (42, 124, 2011, 2010),
  (40, 124, 2013, 2011),
  (28, 124, 2016, 2013),
  (39, 124, NULL, 2016),
  (50, 125, 2014, 2012),
  (2, 125, 2017, 2014),
  (11, 125, 2021, 2017),
  (32, 125, 2022, 2021),
  (21, 125, 2024, 2022),
  (37, 125, NULL, 2024),
  (49, 126, 2010, 2007),
  (38, 126, 2014, 2010),
  (10, 126, 2015, 2014),
  (37, 126, NULL, 2015),
  (118, 127, 2014, 2010),
  (12, 127, 2015, 2014),
  (38, 127, NULL, 2015),
  (13, 128, 2018, 2017),
  (120, 128, 2020, 2018),
  (3, 128, 2022, 2020),
  (20, 128, 2023, 2022),
  (28, 128, 2024, 2023),
  (38, 128, NULL, 2024),
  (153, 129, 2013, 2011),
  (152, 129, 2016, 2013),
  (60, 129, 2020, 2016),
  (20, 129, NULL, 2020),
  (192, 130, 2014, 2011),
  (54, 130, 2018, 2014),
  (169, 130, 2019, 2018),
  (170, 130, 2021, 2019),
  (11, 130, NULL, 2021),
  (161, 131, 2020, 2016),
  (155, 131, 2021, 2020),
  (59, 131, NULL, 2021),
  (14, 132, 2011, 2010),
  (28, 132, 2013, 2011),
  (10, 132, 2016, 2013),
  (33, 132, 2020, 2016),
  (38, 132, 2021, 2020),
  (2, 132, NULL, 2021),
  (13, 133, 2016, 2014),
  (37, 133, 2019, 2016),
  (22, 133, 2023, 2019),
  (2, 133, NULL, 2023),
  (172, 134, 2018, 2015),
  (188, 134, 2021, 2018),
  (183, 134, 2022, 2021),
  (170, 134, 2023, 2022),
  (166, 134, 2024, 2023),
  (2, 134, NULL, 2024),
  (4, 135, 2017, 2013),
  (66, 135, 2018, 2017),
  (19, 135, 2020, 2018),
  (2, 135, NULL, 2020),
  (12, 136, 2015, 2014),
  (32, 136, 2017, 2015),
  (13, 136, 2020, 2017),
  (19, 136, 2023, 2020),
  (37, 136, 2024, 2023),
  (2, 136, NULL, 2024),
  (6, 137, 2017, 2015),
  (9, 137, 2020, 2017),
  (11, 137, 2024, 2020),
  (2, 137, NULL, 2024),
  (8, 138, 2017, 2014),
  (7, 138, 2021, 2017),
  (19, 138, 2022, 2021),
  (3, 138, NULL, 2022),
  (65, 139, 2017, 2013),
  (64, 139, 2018, 2017),
  (21, 139, 2020, 2018),
  (3, 139, NULL, 2020),
  (2, 140, 2017, 2016),
  (37, 140, 2019, 2017),
  (14, 140, 2022, 2019),
  (66, 140, 2023, 2022),
  (11, 140, 2024, 2023),
  (3, 140, NULL, 2024),
  (72, 141, 2020, 2018),
  (5, 141, 2021, 2020),
  (9, 141, 2022, 2021),
  (8, 141, 2023, 2022),
  (11, 141, 2024, 2023),
  (3, 141, NULL, 2024),
  (34, 142, 2017, 2014),
  (63, 142, 2021, 2017),
  (6, 142, 2022, 2021),
  (3, 142, NULL, 2022),
  (20, 143, 2017, 2013),
  (42, 143, 2018, 2017),
  (11, 143, 2020, 2018),
  (66, 143, 2023, 2020),
  (3, 143, NULL, 2023),
  (33, 144, 2017, 2016),
  (6, 144, 2019, 2017),
  (64, 144, 2022, 2019),
  (66, 144, 2023, 2022),
  (73, 144, 2024, 2023),
  (4, 144, NULL, 2024),
  (178, 145, 2018, 2016),
  (43, 145, 2021, 2018),
  (4, 145, NULL, 2021),
  (44, 146, 2017, 2014),
  (178, 146, 2021, 2017),
  (4, 146, NULL, 2021),
  (172, 147, 2014, 2010),
  (173, 147, 2015, 2014),
  (4, 147, NULL, 2015),
  (192, 148, 2017, 2016),
  (54, 148, 2019, 2017),
  (4, 148, NULL, 2019),
  (167, 149, 2013, 2011),
  (49, 149, 2016, 2013),
  (4, 149, NULL, 2016),
  (63, 150, 2015, 2012),
  (42, 150, 2019, 2015),
  (27, 150, 2020, 2019),
  (19, 150, NULL, 2020),
  (2, 151, 2020, 2017),
  (40, 151, 2021, 2020),
  (28, 151, 2022, 2021),
  (27, 151, 2023, 2022),
  (123, 151, 2024, 2023),
  (19, 151, NULL, 2024),
  (21, 152, 2021, 2020),
  (40, 152, 2023, 2021),
  (92, 152, 2024, 2023),
  (19, 152, NULL, 2024),
  (13, 153, 2017, 2015),
  (109, 153, 2020, 2017),
  (41, 153, 2024, 2020),
  (19, 153, NULL, 2024),
  (92, 154, 2014, 2011),
  (38, 154, 2018, 2014),
  (19, 154, NULL, 2018),
  (95, 155, 2023, 2020),
  (27, 155, 2024, 2023),
  (19, 155, NULL, 2024),
  (3, 156, 2018, 2017),
  (12, 156, 2020, 2018),
  (124, 156, 2023, 2020),
  (20, 156, NULL, 2023),
  (17, 157, 2017, 2015),
  (19, 157, 2020, 2017),
  (18, 157, 2024, 2020),
  (20, 157, NULL, 2024),
  (2, 158, 2014, 2011),
  (87, 158, 2018, 2014),
  (12, 158, 2019, 2018),
  (26, 158, 2021, 2019),
  (37, 158, 2024, 2021),
  (20, 158, NULL, 2024),
  (33, 159, 2016, 2012),
  (92, 159, 2017, 2016),
  (27, 159, 2019, 2017),
  (39, 159, 2022, 2019),
  (20, 159, NULL, 2022),
  (92, 160, 2016, 2015),
  (22, 160, 2018, 2016),
  (20, 160, NULL, 2018),
  (192, 161, 2018, 2016),
  (189, 161, 2021, 2018),
  (190, 161, 2023, 2021),
  (177, 161, 2024, 2023),
  (21, 161, NULL, 2024),
  (19, 162, 2019, 2016),
  (11, 162, 2023, 2019),
  (40, 162, 2024, 2023),
  (21, 162, NULL, 2024),
  (38, 163, 2020, 2016),
  (10, 163, 2021, 2020),
  (21, 163, NULL, 2021),
  (27, 164, 2016, 2015),
  (22, 164, 2018, 2016),
  (95, 164, 2021, 2018),
  (90, 164, 2023, 2021),
  (33, 164, 2024, 2023),
  (21, 164, NULL, 2024),
  (13, 165, 2019, 2017),
  (64, 165, 2022, 2019),
  (21, 165, NULL, 2022),
  (12, 166, 2020, 2017),
  (92, 166, 2023, 2020),
  (33, 166, 2024, 2023),
  (21, 166, NULL, 2024),
  (39, 167, 2019, 2015),
  (63, 167, 2020, 2019),
  (89, 167, 2022, 2020),
  (28, 167, 2023, 2022),
  (10, 167, 2024, 2023),
  (22, 167, NULL, 2024),
  (95, 168, 2011, 2010),
  (21, 168, 2013, 2011),
  (13, 168, 2016, 2013),
  (22, 168, NULL, 2016),
  (28, 169, 2015, 2013),
  (90, 169, 2018, 2015),
  (24, 169, 2022, 2018),
  (11, 169, 2023, 2022),
  (27, 169, 2024, 2023),
  (22, 169, NULL, 2024),
  (42, 170, 2015, 2012),
  (25, 170, 2019, 2015),
  (22, 170, NULL, 2019),
  (93, 171, 2018, 2014),
  (41, 171, 2019, 2018),
  (14, 171, 2021, 2019),
  (96, 171, 2023, 2021),
  (27, 171, 2024, 2023),
  (22, 171, NULL, 2024),
  (173, 172, 2015, 2014),
  (189, 172, 2017, 2015),
  (22, 172, NULL, 2017),
  (22, 173, 2016, 2014),
  (32, 173, 2019, 2016),
  (11, 173, 2023, 2019),
  (6, 173, 2024, 2023),
  (43, 173, NULL, 2024),
  (189, 174, 2017, 2014),
  (173, 174, 2021, 2017),
  (46, 174, 2022, 2021),
  (50, 174, 2024, 2022),
  (43, 174, NULL, 2024),
  (167, 175, 2015, 2011),
  (180, 175, 2016, 2015),
  (45, 175, 2018, 2016),
  (183, 175, 2021, 2018),
  (43, 175, NULL, 2021),
  (183, 176, 2012, 2011),
  (180, 176, 2014, 2012),
  (177, 176, 2017, 2014),
  (43, 176, NULL, 2017),
  (45, 177, 2021, 2020),
  (177, 177, 2022, 2021),
  (169, 177, 2023, 2022),
  (166, 177, 2024, 2023),
  (43, 177, NULL, 2024),
  (177, 178, 2009, 2006),
  (46, 178, 2013, 2009),
  (47, 178, 2014, 2013),
  (170, 178, 2016, 2014),
  (48, 178, 2019, 2016),
  (43, 178, NULL, 2019),
  (178, 179, 2021, 2019),
  (167, 179, 2022, 2021),
  (46, 179, 2023, 2022),
  (173, 179, 2024, 2023),
  (43, 179, NULL, 2024),
  (170, 180, 2013, 2012),
  (180, 180, 2015, 2013),
  (43, 180, NULL, 2015),
  (167, 181, 2017, 2015),
  (46, 181, 2020, 2017),
  (169, 181, 2024, 2020),
  (44, 181, NULL, 2024),
  (167, 182, 2013, 2010),
  (173, 182, 2017, 2013),
  (44, 182, NULL, 2017),
  (189, 183, 2020, 2016),
  (46, 183, 2021, 2020),
  (44, 183, NULL, 2021),
  (43, 184, 2016, 2015),
  (50, 184, 2018, 2016),
  (48, 184, 2021, 2018),
  (166, 184, 2023, 2021),
  (183, 184, 2024, 2023),
  (44, 184, NULL, 2024),
  (173, 185, 2011, 2009),
  (169, 185, 2014, 2011),
  (47, 185, 2018, 2014),
  (44, 185, NULL, 2018),
  (170, 186, 2018, 2015),
  (177, 186, 2022, 2018),
  (44, 186, NULL, 2022),
  (45, 187, 2014, 2010),
  (178, 187, 2015, 2014),
  (47, 187, 2017, 2015),
  (167, 187, 2020, 2017),
  (170, 187, 2024, 2020),
  (44, 187, NULL, 2024),
  (169, 188, 2008, 2007),
  (46, 188, 2010, 2008),
  (43, 188, 2013, 2010),
  (44, 188, NULL, 2013),
  (48, 189, 2012, 2010),
  (183, 189, 2015, 2012),
  (169, 189, 2019, 2015),
  (45, 189, NULL, 2019),
  (53, 190, 2017, 2014),
  (177, 190, 2021, 2017),
  (50, 190, 2022, 2021),
  (183, 190, 2024, 2022),
  (45, 190, NULL, 2024),
  (47, 191, 2011, 2007),
  (169, 191, 2012, 2011),
  (177, 191, 2014, 2012),
  (172, 191, 2017, 2014),
  (45, 191, NULL, 2017),
  (180, 192, 2010, 2009),
  (188, 192, 2012, 2010),
  (173, 192, 2015, 2012),
  (190, 192, 2019, 2015),
  (177, 192, 2020, 2019),
  (45, 192, NULL, 2020),
  (177, 193, 2017, 2015),
  (50, 193, 2020, 2017),
  (45, 193, 2023, 2020),
  (183, 193, 2024, 2023),
  (46, 193, NULL, 2024),
  (48, 194, 2020, 2017),
  (178, 194, 2024, 2020),
  (46, 194, NULL, 2024),
  (47, 195, 2020, 2018),
  (44, 195, 2021, 2020),
  (178, 195, 2022, 2021),
  (169, 195, 2023, 2022),
  (170, 195, 2024, 2023),
  (46, 195, NULL, 2024),
  (166, 196, 2012, 2011),
  (169, 196, 2014, 2012),
  (45, 196, 2017, 2014),
  (178, 196, 2021, 2017),
  (170, 196, 2022, 2021),
  (46, 196, NULL, 2022),
  (7, 197, 2018, 2016),
  (72, 197, 2021, 2018),
  (47, 197, NULL, 2021),
  (180, 198, 2012, 2009),
  (43, 198, 2016, 2012),
  (47, 198, NULL, 2016),
  (177, 199, 2020, 2016),
  (172, 199, 2021, 2020),
  (46, 199, 2023, 2021),
  (47, 199, NULL, 2023),
  (48, 200, 2012, 2011),
  (52, 200, 2014, 2012),
  (56, 200, 2017, 2014),
  (47, 200, NULL, 2017),
  (49, 201, 2021, 2019),
  (43, 201, 2023, 2021),
  (172, 201, 2024, 2023),
  (48, 201, NULL, 2024),
  (178, 202, 2012, 2009),
  (180, 202, 2016, 2012),
  (54, 202, 2017, 2016),
  (48, 202, NULL, 2017),
  (177, 203, 2014, 2010),
  (166, 203, 2015, 2014),
  (50, 203, 2017, 2015),
  (183, 203, 2020, 2017),
  (48, 203, NULL, 2020),
  (172, 204, 2020, 2019),
  (45, 204, 2022, 2020),
  (173, 204, 2024, 2022),
  (48, 204, NULL, 2024),
  (177, 205, 2016, 2014),
  (178, 205, 2019, 2016),
  (166, 205, 2023, 2019),
  (49, 205, NULL, 2023),
  (172, 206, 2012, 2009),
  (169, 206, 2016, 2012),
  (44, 206, 2017, 2016),
  (46, 206, 2019, 2017),
  (50, 206, 2022, 2019),
  (49, 206, NULL, 2022),
  (46, 207, 2010, 2006),
  (44, 207, 2011, 2010),
  (169, 207, 2013, 2011),
  (173, 207, 2016, 2013),
  (45, 207, 2020, 2016),
  (49, 207, NULL, 2020),
  (50, 208, 2021, 2020),
  (177, 208, 2023, 2021),
  (45, 208, 2024, 2023),
  (49, 208, NULL, 2024),
  (50, 209, 2008, 2006),
  (2, 209, 2011, 2008),
  (11, 209, 2015, 2011),
  (32, 209, 2016, 2015),
  (21, 209, 2018, 2016),
  (37, 209, 2021, 2018),
  (50, 209, NULL, 2021),
  (49, 210, 2023, 2020),
  (56, 210, 2024, 2023),
  (50, 210, NULL, 2024),
  (170, 211, 2023, 2019),
  (46, 211, 2024, 2023),
  (50, 211, NULL, 2024),
  (183, 212, 2017, 2016),
  (167, 212, 2019, 2017),
  (50, 212, NULL, 2019),
  (167, 213, 2017, 2015),
  (44, 213, 2020, 2017),
  (170, 213, 2023, 2020),
  (52, 213, 2024, 2023),
  (51, 213, NULL, 2024),
  (189, 214, 2014, 2011),
  (169, 214, 2018, 2014),
  (180, 214, 2019, 2018),
  (51, 214, NULL, 2019),
  (54, 215, 2019, 2015),
  (192, 215, 2020, 2019),
  (167, 215, 2022, 2020),
  (166, 215, 2023, 2022),
  (56, 215, 2024, 2023),
  (51, 215, NULL, 2024),
  (190, 216, 2016, 2015),
  (170, 216, 2018, 2016),
  (51, 216, NULL, 2018),
  (172, 217, 2013, 2011),
  (169, 217, 2016, 2013),
  (188, 217, 2020, 2016),
  (183, 217, 2021, 2020),
  (51, 217, NULL, 2021),
  (183, 218, 2023, 2020),
  (167, 218, 2024, 2023),
  (51, 218, NULL, 2024),
  (56, 219, 2017, 2013),
  (188, 219, 2018, 2017),
  (170, 219, 2020, 2018),
  (192, 219, 2023, 2020),
  (177, 219, 2024, 2023),
  (52, 219, NULL, 2024),
  (56, 220, 2017, 2016),
  (53, 220, 2019, 2017),
  (52, 220, NULL, 2019),
  (45, 221, 2009, 2007),
  (53, 221, 2012, 2009),
  (167, 221, 2016, 2012),
  (54, 221, 2017, 2016),
  (49, 221, 2019, 2017),
  (52, 221, NULL, 2019),
  (48, 222, 2017, 2014),
  (183, 222, 2021, 2017),
  (51, 222, 2022, 2021),
  (52, 222, NULL, 2022),
  (192, 223, 2020, 2016),
  (55, 223, 2021, 2020),
  (180, 223, 2022, 2021),
  (170, 223, 2023, 2022),
  (178, 223, 2024, 2023),
  (52, 223, NULL, 2024),
  (192, 224, 2008, 2007),
  (55, 224, 2010, 2008),
  (178, 224, 2013, 2010),
  (190, 224, 2017, 2013),
  (52, 224, NULL, 2017),
  (166, 225, 2011, 2009),
  (167, 225, 2014, 2011),
  (183, 225, 2018, 2014),
  (180, 225, 2019, 2018),
  (177, 225, 2021, 2019),
  (53, 225, NULL, 2021),
  (167, 226, 2015, 2012),
  (56, 226, 2019, 2015),
  (53, 226, NULL, 2019),
  (183, 227, 2012, 2008),
  (169, 227, 2013, 2012),
  (192, 227, 2015, 2013),
  (55, 227, 2018, 2015),
  (188, 227, 2022, 2018),
  (53, 227, NULL, 2022),
  (183, 228, 2008, 2007),
  (172, 228, 2010, 2008),
  (43, 228, 2013, 2010),
  (53, 228, NULL, 2013),
  (11, 229, 2021, 2019),
  (35, 229, 2022, 2021),
  (3, 229, 2023, 2022),
  (4, 229, 2024, 2023),
  (54, 229, NULL, 2024),
  (192, 230, 2018, 2015),
  (51, 230, 2022, 2018),
  (191, 230, 2023, 2022),
  (166, 230, 2024, 2023),
  (54, 230, NULL, 2024),
  (180, 231, 2015, 2011),
  (169, 231, 2016, 2015),
  (43, 231, 2018, 2016),
  (172, 231, 2021, 2018),
  (54, 231, NULL, 2021),
  (32, 232, 2017, 2016),
  (192, 232, 2019, 2017),
  (52, 232, 2022, 2019),
  (191, 232, 2024, 2022),
  (54, 232, NULL, 2024),
  (46, 233, 2013, 2011),
  (189, 233, 2016, 2013),
  (55, 233, NULL, 2016),
  (55, 234, 2018, 2015),
  (20, 234, 2022, 2018),
  (32, 234, 2023, 2022),
  (14, 234, 2024, 2023),
  (55, 234, NULL, 2024),
  (170, 235, 2018, 2014),
  (46, 235, 2019, 2018),
  (44, 235, 2021, 2019),
  (55, 235, NULL, 2021),
  (53, 236, 2008, 2007),
  (173, 236, 2010, 2008),
  (167, 236, 2013, 2010),
  (55, 236, NULL, 2013),
  (188, 237, 2010, 2008),
  (177, 237, 2013, 2010),
  (190, 237, 2017, 2013),
  (173, 237, 2018, 2017),
  (56, 237, NULL, 2018),
  (189, 238, 2013, 2010),
  (173, 238, 2017, 2013),
  (55, 238, 2018, 2017),
  (167, 238, 2020, 2018),
  (188, 238, 2023, 2020),
  (56, 238, NULL, 2023),
  (191, 239, 2017, 2013),
  (53, 239, 2018, 2017),
  (189, 239, 2020, 2018),
  (56, 239, NULL, 2020),
  (166, 240, 2018, 2017),
  (53, 240, 2020, 2018),
  (191, 240, 2023, 2020),
  (56, 240, NULL, 2023),
  (40, 241, 2011, 2009),
  (12, 241, 2014, 2011),
  (3, 241, 2018, 2014),
  (4, 241, 2019, 2018),
  (167, 241, 2021, 2019),
  (57, 241, NULL, 2021),
  (3, 242, 2012, 2009),
  (159, 242, 2016, 2012),
  (57, 242, NULL, 2016),
  (3, 243, 2022, 2018),
  (159, 243, 2023, 2022),
  (57, 243, NULL, 2023),
  (173, 244, 2018, 2017),
  (167, 244, 2020, 2018),
  (169, 244, 2022, 2020),
  (47, 244, 2023, 2022),
  (178, 244, 2024, 2023),
  (57, 244, NULL, 2024),
  (86, 245, 2014, 2012),
  (12, 245, 2017, 2014),
  (27, 245, 2021, 2017),
  (61, 245, NULL, 2021),
  (19, 246, 2014, 2011),
  (64, 246, 2018, 2014),
  (61, 246, NULL, 2018),
  (39, 247, 2017, 2013),
  (9, 247, 2018, 2017),
  (5, 247, 2020, 2018),
  (27, 247, 2023, 2020),
  (74, 247, 2024, 2023),
  (61, 247, NULL, 2024),
  (32, 248, 2018, 2017),
  (63, 248, 2020, 2018),
  (37, 248, 2023, 2020),
  (61, 248, NULL, 2023),
  (34, 249, 2018, 2016),
  (39, 249, 2021, 2018),
  (10, 249, 2022, 2021),
  (14, 249, 2023, 2022),
  (2, 249, 2024, 2023),
  (62, 249, NULL, 2024),
  (121, 250, 2015, 2012),
  (19, 250, 2019, 2015),
  (2, 250, 2020, 2019),
  (32, 250, 2022, 2020),
  (22, 250, 2024, 2022),
  (62, 250, NULL, 2024),
  (16, 251, 2019, 2015),
  (79, 251, 2020, 2019),
  (62, 251, NULL, 2020),
  (52, 252, 2016, 2015),
  (169, 252, 2018, 2016),
  (191, 252, 2021, 2018),
  (62, 252, NULL, 2021),
  (60, 253, 2017, 2015),
  (161, 253, 2020, 2017),
  (58, 253, 2023, 2020),
  (154, 253, 2024, 2023),
  (59, 253, NULL, 2024),
  (3, 254, 2019, 2016),
  (27, 254, 2023, 2019),
  (59, 254, NULL, 2023),
  (177, 255, 2020, 2019),
  (170, 255, 2021, 2020),
  (44, 255, 2022, 2021),
  (48, 255, 2023, 2022),
  (188, 255, 2024, 2023),
  (59, 255, NULL, 2024),
  (60, 256, 2013, 2012),
  (161, 256, 2015, 2013),
  (162, 256, 2018, 2015),
  (58, 256, 2022, 2018),
  (57, 256, 2023, 2022),
  (59, 256, NULL, 2023),
  (58, 257, 2020, 2019),
  (161, 257, 2021, 2020),
  (162, 257, 2022, 2021),
  (57, 257, 2023, 2022),
  (154, 257, 2024, 2023),
  (60, 257, NULL, 2024),
  (155, 258, 2011, 2008),
  (154, 258, 2015, 2011),
  (162, 258, 2016, 2015),
  (60, 258, NULL, 2016),
  (153, 259, 2021, 2020),
  (57, 259, 2022, 2021),
  (154, 259, 2023, 2022),
  (152, 259, 2024, 2023),
  (60, 259, NULL, 2024),
  (161, 260, 2007, 2006),
  (153, 260, 2009, 2007),
  (60, 260, NULL, 2009),
  (22, 261, 2012, 2010),
  (8, 261, 2015, 2012),
  (13, 261, 2019, 2015),
  (67, 261, 2020, 2019),
  (7, 261, NULL, 2020),
  (73, 262, 2016, 2013),
  (70, 262, 2020, 2016),
  (64, 262, 2021, 2020),
  (40, 262, 2023, 2021),
  (7, 262, NULL, 2023),
  (39, 263, 2018, 2014),
  (69, 263, 2019, 2018),
  (74, 263, 2021, 2019),
  (68, 263, 2023, 2021),
  (11, 263, 2024, 2023),
  (7, 263, NULL, 2024),
  (67, 264, 2017, 2016),
  (9, 264, 2019, 2017),
  (8, 264, NULL, 2019),
  (41, 265, 2015, 2013),
  (20, 265, 2018, 2015),
  (67, 265, 2022, 2018),
  (8, 265, NULL, 2022),
  (22, 266, 2021, 2018),
  (39, 266, 2023, 2021),
  (34, 266, 2024, 2023),
  (8, 266, NULL, 2024),
  (64, 267, 2018, 2014),
  (68, 267, 2019, 2018),
  (7, 267, 2021, 2019),
  (4, 267, 2023, 2021),
  (74, 267, 2024, 2023),
  (9, 267, NULL, 2024),
  (6, 268, 2013, 2012),
  (27, 268, 2015, 2013),
  (39, 268, 2018, 2015),
  (9, 268, NULL, 2018),
  (8, 269, 2017, 2015),
  (3, 269, 2020, 2017),
  (12, 269, 2023, 2020),
  (21, 269, 2024, 2023),
  (9, 269, NULL, 2024),
  (21, 270, 2015, 2012),
  (53, 270, 2019, 2015),
  (23, 270, NULL, 2019),
  (2, 271, 2021, 2017),
  (40, 271, 2022, 2021),
  (11, 271, 2024, 2022),
  (23, 271, NULL, 2024),
  (63, 272, 2011, 2010),
  (33, 272, 2013, 2011),
  (23, 272, NULL, 2013),
  (14, 273, 2013, 2011),
  (12, 273, 2016, 2013),
  (42, 273, 2020, 2016),
  (38, 273, 2021, 2020),
  (19, 273, 2023, 2021),
  (24, 273, NULL, 2023),
  (10, 274, 2016, 2013),
  (13, 274, 2020, 2016),
  (24, 274, NULL, 2020),
  (88, 275, 2019, 2015),
  (12, 275, 2020, 2019),
  (27, 275, 2022, 2020),
  (4, 275, 2023, 2022),
  (20, 275, 2024, 2023),
  (25, 275, NULL, 2024),
  (39, 276, 2017, 2016),
  (34, 276, 2019, 2017),
  (63, 276, 2022, 2019),
  (22, 276, 2023, 2022),
  (27, 276, 2024, 2023),
  (25, 276, NULL, 2024),
  (123, 277, 2018, 2016),
  (10, 277, 2021, 2018),
  (11, 277, 2024, 2021),
  (25, 277, NULL, 2024),
  (63, 278, 2020, 2017),
  (91, 278, 2023, 2020),
  (40, 278, 2024, 2023),
  (26, 278, NULL, 2024),
  (50, 279, 2017, 2013),
  (180, 279, 2018, 2017),
  (167, 279, 2020, 2018),
  (178, 279, 2023, 2020),
  (26, 279, NULL, 2023),
  (167, 280, 2017, 2016),
  (43, 280, 2019, 2017),
  (47, 280, 2022, 2019),
  (26, 280, NULL, 2022),
  (32, 281, 2018, 2016),
  (34, 281, 2021, 2018),
  (10, 281, 2024, 2021),
  (31, 281, NULL, 2024),
  (22, 282, 2015, 2012),
  (38, 282, 2019, 2015),
  (40, 282, 2020, 2019),
  (31, 282, NULL, 2020),
  (10, 283, 2020, 2019),
  (4, 283, 2021, 2020),
  (28, 283, 2022, 2021),
  (37, 283, 2023, 2022),
  (27, 283, 2024, 2023),
  (31, 283, NULL, 2024),
  (42, 284, 2016, 2015),
  (12, 284, 2018, 2016),
  (123, 284, 2021, 2018),
  (21, 284, 2023, 2021),
  (33, 284, 2024, 2023),
  (40, 284, NULL, 2024),
  (13, 285, 2013, 2011),
  (3, 285, 2016, 2013),
  (14, 285, 2020, 2016),
  (41, 285, 2021, 2020),
  (21, 285, 2023, 2021),
  (40, 285, NULL, 2023),
  (19, 286, 2021, 2020),
  (13, 286, 2022, 2021),
  (78, 286, 2023, 2022),
  (17, 286, 2024, 2023),
  (40, 286, NULL, 2024),
  (19, 287, 2011, 2007),
  (37, 287, 2012, 2011),
  (28, 287, 2014, 2012),
  (41, 287, NULL, 2014),
  (20, 288, 2017, 2016),
  (63, 288, 2019, 2017),
  (10, 288, 2022, 2019),
  (12, 288, 2024, 2022),
  (41, 288, NULL, 2024),
  (4, 289, 2018, 2016),
  (11, 289, 2021, 2018),
  (63, 289, 2024, 2021),
  (41, 289, NULL, 2024),
  (60, 290, 2014, 2011),
  (58, 290, 2018, 2014),
  (59, 290, 2019, 2018),
  (42, 290, NULL, 2019),
  (38, 291, 2017, 2013),
  (10, 291, 2018, 2017),
  (42, 291, NULL, 2018),
  (56, 292, 2012, 2011),
  (180, 292, 2014, 2012),
  (42, 292, NULL, 2014),
  (19, 293, 2015, 2013),
  (32, 293, 2018, 2015),
  (63, 293, NULL, 2018),
  (11, 294, 2019, 2016),
  (41, 294, 2021, 2019),
  (38, 294, 2022, 2021),
  (64, 294, 2023, 2022),
  (21, 294, 2024, 2023),
  (63, 294, NULL, 2024),
  (142, 295, 2017, 2013),
  (11, 295, 2018, 2017),
  (63, 295, NULL, 2018),
  (10, 296, 2010, 2009),
  (23, 296, 2012, 2010),
  (19, 296, 2015, 2012),
  (64, 296, NULL, 2015),
  (142, 297, 2015, 2013),
  (21, 297, 2018, 2015),
  (64, 297, NULL, 2018),
  (19, 298, 2013, 2010),
  (34, 298, 2017, 2013),
  (151, 298, 2018, 2017),
  (21, 298, 2020, 2018),
  (42, 298, 2023, 2020),
  (64, 298, NULL, 2023),
  (28, 299, 2014, 2010),
  (14, 299, 2015, 2014),
  (58, 299, NULL, 2015),
  (32, 300, 2012, 2011),
  (2, 300, 2014, 2012),
  (58, 300, NULL, 2014),
  (152, 301, 2018, 2016),
  (161, 301, 2021, 2018),
  (154, 301, 2024, 2021),
  (58, 301, NULL, 2024),
  (21, 302, 2017, 2014),
  (37, 302, 2021, 2017),
  (5, 302, NULL, 2021),
  (7, 303, 2023, 2020),
  (39, 303, 2024, 2023),
  (5, 303, NULL, 2024),
  (66, 304, 2012, 2011),
  (21, 304, 2014, 2012),
  (65, 304, 2017, 2014),
  (72, 304, 2021, 2017),
  (5, 304, NULL, 2021),
  (65, 305, 2015, 2013),
  (10, 305, 2018, 2015),
  (66, 305, 2022, 2018),
  (38, 305, 2023, 2022),
  (6, 305, NULL, 2023),
  (19, 306, 2015, 2012),
  (65, 306, 2019, 2015),
  (5, 306, 2020, 2019),
  (6, 306, NULL, 2020),
  (67, 307, 2014, 2010),
  (71, 307, 2015, 2014),
  (6, 307, NULL, 2015),
  (167, 308, 2018, 2017),
  (183, 308, 2020, 2018),
  (49, 308, 2023, 2020),
  (2, 308, NULL, 2023),
  (70, 309, 2013, 2011),
  (33, 309, 2016, 2013),
  (40, 309, 2020, 2016),
  (42, 309, 2021, 2020),
  (20, 309, NULL, 2021),
  (70, 310, 2012, 2009),
  (63, 310, 2016, 2012),
  (27, 310, 2017, 2016),
  (11, 310, 2019, 2017),
  (4, 310, NULL, 2019),
  (9, 311, 2020, 2016),
  (5, 311, 2021, 2020),
  (8, 311, 2022, 2021),
  (12, 311, 2023, 2022),
  (70, 311, 2024, 2023),
  (4, 311, NULL, 2024),
  (38, 312, 2014, 2013),
  (80, 312, 2016, 2014),
  (27, 312, 2019, 2016),
  (4, 312, NULL, 2019),
  (129, 313, 2016, 2014),
  (27, 313, 2019, 2016),
  (64, 313, 2022, 2019),
  (127, 313, 2023, 2022),
  (3, 313, 2024, 2023),
  (10, 313, NULL, 2024),
  (53, 314, 2020, 2017),
  (167, 314, 2023, 2020),
  (190, 314, 2024, 2023),
  (10, 314, NULL, 2024),
  (32, 315, 2017, 2013),
  (16, 315, 2018, 2017),
  (78, 315, 2020, 2018),
  (42, 315, 2023, 2020),
  (64, 315, 2024, 2023),
  (10, 315, NULL, 2024),
  (34, 316, 2017, 2016),
  (64, 316, 2019, 2017),
  (12, 316, 2022, 2019),
  (10, 316, NULL, 2022),
  (20, 317, 2018, 2016),
  (4, 317, 2021, 2018),
  (13, 317, 2023, 2021),
  (64, 317, 2024, 2023),
  (11, 317, NULL, 2024),
  (173, 318, 2017, 2014),
  (183, 318, 2021, 2017),
  (11, 318, NULL, 2021),
  (80, 319, 2014, 2010),
  (14, 319, 2015, 2014),
  (21, 319, 2017, 2015),
  (83, 319, 2020, 2017),
  (85, 319, 2024, 2020),
  (11, 319, NULL, 2024),
  (46, 320, 2013, 2012),
  (167, 320, 2015, 2013),
  (50, 320, 2018, 2015),
  (11, 320, NULL, 2018),
  (114, 321, 2017, 2015),
  (28, 321, 2020, 2017),
  (3, 321, 2023, 2020),
  (11, 321, 2024, 2023),
  (12, 321, NULL, 2024),
  (22, 322, 2016, 2013),
  (11, 322, 2020, 2016),
  (28, 322, 2021, 2020),
  (12, 322, NULL, 2021),
  (118, 323, 2022, 2018),
  (42, 323, 2023, 2022),
  (12, 323, NULL, 2023),
  (22, 324, 2014, 2013),
  (3, 324, 2016, 2014),
  (64, 324, 2019, 2016),
  (12, 324, NULL, 2019),
  (22, 325, 2017, 2015),
  (14, 325, 2020, 2017),
  (124, 325, 2023, 2020),
  (42, 325, 2024, 2023),
  (13, 325, NULL, 2024),
  (7, 326, 2016, 2013),
  (22, 326, 2020, 2016),
  (12, 326, 2021, 2020),
  (13, 326, NULL, 2021),
  (3, 327, 2018, 2014),
  (2, 327, 2019, 2018),
  (63, 327, 2021, 2019),
  (13, 327, NULL, 2021),
  (63, 328, 2013, 2012),
  (90, 328, 2015, 2013),
  (94, 328, 2018, 2015),
  (13, 328, NULL, 2018),
  (42, 329, 2014, 2012),
  (8, 329, 2017, 2014),
  (20, 329, 2021, 2017),
  (14, 329, NULL, 2021),
  (32, 330, 2020, 2017),
  (11, 330, 2022, 2020),
  (27, 330, 2023, 2022),
  (41, 330, 2024, 2023),
  (14, 330, NULL, 2024),
  (81, 331, 2020, 2016),
  (21, 331, 2021, 2020),
  (28, 331, 2023, 2021),
  (12, 331, 2024, 2023),
  (14, 331, NULL, 2024),
  (38, 332, 2014, 2013),
  (126, 332, 2016, 2014),
  (14, 332, NULL, 2016),
  (37, 333, 2017, 2015),
  (64, 333, 2020, 2017),
  (32, 333, 2023, 2020),
  (11, 333, 2024, 2023),
  (15, 333, NULL, 2024),
  (90, 334, 2021, 2018),
  (23, 334, 2022, 2021),
  (89, 334, 2023, 2022),
  (10, 334, 2024, 2023),
  (15, 334, NULL, 2024),
  (4, 335, 2021, 2017),
  (38, 335, 2022, 2021),
  (10, 335, 2024, 2022),
  (15, 335, NULL, 2024),
  (33, 336, 2016, 2015),
  (83, 336, 2018, 2016),
  (15, 336, NULL, 2018),
  (85, 337, 2017, 2015),
  (2, 337, 2020, 2017),
  (64, 337, 2024, 2020),
  (16, 337, NULL, 2024),
  (82, 338, 2020, 2018),
  (64, 338, 2021, 2020),
  (11, 338, 2022, 2021),
  (39, 338, 2023, 2022),
  (63, 338, 2024, 2023),
  (16, 338, NULL, 2024),
  (40, 339, 2019, 2015),
  (11, 339, 2020, 2019),
  (16, 339, NULL, 2020),
  (40, 340, 2018, 2017),
  (10, 340, 2020, 2018),
  (76, 340, 2022, 2020),
  (75, 340, 2023, 2022),
  (63, 340, 2024, 2023),
  (17, 340, NULL, 2024),
  (32, 341, 2015, 2013),
  (84, 341, 2018, 2015),
  (38, 341, 2022, 2018),
  (17, 341, NULL, 2022),
  (41, 342, 2015, 2012),
  (5, 342, 2019, 2015),
  (38, 342, 2020, 2019),
  (27, 342, 2022, 2020),
  (17, 342, NULL, 2022),
  (45, 343, 2020, 2016),
  (50, 343, 2021, 2020),
  (17, 343, NULL, 2021),
  (42, 344, 2011, 2010),
  (16, 344, 2013, 2011),
  (33, 344, 2016, 2013),
  (79, 344, 2020, 2016),
  (18, 344, NULL, 2020),
  (4, 345, 2017, 2015),
  (78, 345, 2020, 2017),
  (18, 345, NULL, 2020),
  (180, 346, 2017, 2014),
  (50, 346, 2021, 2017),
  (18, 346, NULL, 2021),
  (79, 347, 2016, 2012),
  (39, 347, 2017, 2016),
  (12, 347, 2019, 2017),
  (85, 347, 2022, 2019),
  (18, 347, NULL, 2022),
  (34, 348, 2014, 2013),
  (26, 348, 2016, 2014),
  (37, 348, 2019, 2016),
  (28, 348, 2023, 2019),
  (19, 348, NULL, 2023),
  (22, 349, 2009, 2007),
  (13, 349, 2012, 2009),
  (19, 349, NULL, 2012),
  (4, 350, 2019, 2016),
  (33, 350, 2023, 2019),
  (40, 350, 2024, 2023),
  (19, 350, NULL, 2024),
  (87, 351, 2020, 2016),
  (27, 351, 2021, 2020),
  (41, 351, 2023, 2021),
  (42, 351, 2024, 2023),
  (20, 351, NULL, 2024),
  (28, 352, 2012, 2011),
  (22, 352, 2014, 2012),
  (20, 352, NULL, 2014),
  (18, 353, 2019, 2017),
  (81, 353, 2021, 2019),
  (34, 353, 2022, 2021),
  (11, 353, 2023, 2022),
  (2, 353, 2024, 2023),
  (20, 353, NULL, 2024),
  (44, 354, 2018, 2015),
  (183, 354, 2022, 2018),
  (11, 354, NULL, 2022),
  (180, 355, 2017, 2013),
  (54, 355, 2018, 2017),
  (172, 355, 2020, 2018),
  (21, 355, NULL, 2020),
  (63, 356, 2018, 2017),
  (36, 356, 2020, 2018),
  (35, 356, 2023, 2020),
  (21, 356, NULL, 2023),
  (2, 357, 2015, 2013),
  (64, 357, 2018, 2015),
  (90, 357, 2022, 2018),
  (21, 357, NULL, 2022),
  (2, 358, 2018, 2015),
  (71, 358, 2022, 2018),
  (3, 358, NULL, 2022),
  (64, 359, 2015, 2011),
  (40, 359, 2016, 2015),
  (21, 359, 2018, 2016),
  (22, 359, NULL, 2018),
  (128, 360, 2012, 2011),
  (42, 360, 2014, 2012),
  (126, 360, 2017, 2014),
  (11, 360, 2021, 2017),
  (22, 360, NULL, 2021),
  (33, 361, 2019, 2017),
  (94, 361, 2022, 2019),
  (22, 361, NULL, 2022),
  (34, 362, 2015, 2012),
  (91, 362, 2019, 2015),
  (11, 362, 2020, 2019),
  (28, 362, 2022, 2020),
  (94, 362, 2024, 2022),
  (22, 362, NULL, 2024),
  (169, 363, 2015, 2011),
  (48, 363, 2016, 2015),
  (180, 363, 2018, 2016),
  (50, 363, 2021, 2018),
  (23, 363, NULL, 2021),
  (42, 364, 2017, 2016),
  (3, 364, 2019, 2017),
  (90, 364, 2022, 2019),
  (21, 364, 2024, 2022),
  (23, 364, NULL, 2024),
  (166, 365, 2009, 2007),
  (50, 365, 2012, 2009),
  (23, 365, NULL, 2012),
  (96, 366, 2014, 2011),
  (12, 366, 2018, 2014),
  (94, 366, 2019, 2018),
  (89, 366, 2021, 2019),
  (92, 366, 2024, 2021),
  (23, 366, NULL, 2024),
  (117, 367, 2019, 2015),
  (12, 367, 2020, 2019),
  (115, 367, 2022, 2020),
  (30, 367, NULL, 2022),
  (2, 368, 2012, 2011),
  (64, 368, 2014, 2012),
  (30, 368, NULL, 2014),
  (40, 369, 2017, 2015),
  (42, 369, 2020, 2017),
  (39, 369, 2024, 2020),
  (30, 369, NULL, 2024),
  (31, 370, 2013, 2010),
  (105, 370, 2017, 2013),
  (12, 370, 2018, 2017),
  (100, 370, 2020, 2018),
  (28, 370, NULL, 2020),
  (97, 371, 2019, 2015),
  (64, 371, 2020, 2019),
  (63, 371, 2022, 2020),
  (99, 371, 2023, 2022),
  (42, 371, 2024, 2023),
  (28, 371, NULL, 2024),
  (37, 372, 2014, 2013),
  (31, 372, 2016, 2014),
  (29, 372, 2019, 2016),
  (98, 372, 2023, 2019),
  (21, 372, 2024, 2023),
  (28, 372, NULL, 2024),
  (178, 373, 2016, 2014),
  (43, 373, 2019, 2016),
  (46, 373, 2022, 2019),
  (47, 373, 2023, 2022),
  (166, 373, 2024, 2023),
  (29, 373, NULL, 2024),
  (53, 374, 2018, 2015),
  (173, 374, 2021, 2018),
  (47, 374, 2022, 2021),
  (56, 374, 2023, 2022),
  (190, 374, 2024, 2023),
  (29, 374, NULL, 2024),
  (4, 375, 2018, 2014),
  (97, 375, 2019, 2018),
  (32, 375, 2021, 2019),
  (2, 375, 2023, 2021),
  (64, 375, 2024, 2023),
  (29, 375, NULL, 2024),
  (53, 376, 2018, 2017),
  (178, 376, 2020, 2018),
  (190, 376, 2023, 2020),
  (54, 376, 2024, 2023),
  (32, 376, NULL, 2024),
  (21, 377, 2018, 2016),
  (14, 377, 2021, 2018),
  (121, 377, 2024, 2021),
  (32, 377, NULL, 2024),
  (34, 378, 2021, 2018),
  (117, 378, 2023, 2021),
  (111, 378, 2024, 2023),
  (32, 378, NULL, 2024),
  (27, 379, 2020, 2016),
  (64, 379, 2021, 2020),
  (63, 379, 2023, 2021),
  (32, 379, NULL, 2023),
  (44, 380, 2017, 2016),
  (170, 380, 2019, 2017),
  (5, 380, NULL, 2019),
  (44, 381, 2019, 2017),
  (169, 381, 2022, 2019),
  (167, 381, 2024, 2022),
  (10, 381, NULL, 2024),
  (180, 382, 2013, 2010),
  (49, 382, 2017, 2013),
  (44, 382, NULL, 2017),
  (48, 383, 2022, 2020),
  (173, 383, 2023, 2022),
  (43, 383, 2024, 2023),
  (44, 383, NULL, 2024),
  (183, 384, 2021, 2020),
  (50, 384, 2023, 2021),
  (167, 384, 2024, 2023),
  (43, 384, NULL, 2024),
  (45, 385, 2021, 2019),
  (183, 385, 2023, 2021),
  (49, 385, 2024, 2023),
  (43, 385, NULL, 2024),
  (43, 386, 2019, 2016),
  (166, 386, 2023, 2019),
  (172, 386, 2024, 2023),
  (2, 386, NULL, 2024),
  (190, 387, 2021, 2018),
  (167, 387, 2022, 2021),
  (51, 387, 2023, 2022),
  (52, 387, 2024, 2023),
  (3, 387, NULL, 2024),
  (14, 388, 2014, 2013),
  (11, 388, 2016, 2014),
  (4, 388, NULL, 2016),
  (91, 389, 2013, 2011),
  (87, 389, 2016, 2013),
  (5, 389, NULL, 2016),
  (19, 390, 2018, 2015),
  (80, 390, 2022, 2018),
  (32, 390, 2023, 2022),
  (6, 390, NULL, 2023),
  (2, 391, 2016, 2012),
  (114, 391, 2017, 2016),
  (35, 391, 2019, 2017),
  (7, 391, NULL, 2019),
  (11, 392, 2014, 2013),
  (34, 392, 2016, 2014),
  (4, 392, 2019, 2016),
  (39, 392, 2023, 2019),
  (27, 392, 2024, 2023),
  (8, 392, NULL, 2024),
  (97, 393, 2018, 2016),
  (64, 393, 2021, 2018),
  (101, 393, 2024, 2021),
  (9, 393, NULL, 2024),
  (177, 394, 2015, 2012),
  (48, 394, 2019, 2015),
  (55, 394, 2020, 2019),
  (10, 394, NULL, 2020),
  (53, 395, 2015, 2011),
  (43, 395, 2016, 2015),
  (50, 395, 2018, 2016),
  (191, 395, 2021, 2018),
  (54, 395, 2024, 2021),
  (11, 395, NULL, 2024),
  (153, 396, 2010, 2009),
  (152, 396, 2012, 2010),
  (60, 396, 2015, 2012),
  (12, 396, NULL, 2015),
  (125, 397, 2009, 2007),
  (64, 397, 2012, 2009),
  (13, 397, NULL, 2012),
  (19, 398, 2017, 2014),
  (10, 398, 2021, 2017),
  (129, 398, 2022, 2021),
  (37, 398, 2024, 2022),
  (14, 398, NULL, 2024),
  (55, 399, 2019, 2015),
  (192, 399, 2020, 2019),
  (170, 399, 2022, 2020),
  (172, 399, 2023, 2022),
  (47, 399, 2024, 2023),
  (15, 399, NULL, 2024),
  (167, 400, 2011, 2010),
  (54, 400, 2013, 2011),
  (188, 400, 2016, 2013),
  (189, 400, 2020, 2016),
  (178, 400, 2021, 2020),
  (16, 400, NULL, 2021),
  (45, 401, 2008, 2006),
  (44, 401, 2011, 2008),
  (173, 401, 2015, 2011),
  (55, 401, 2016, 2015),
  (53, 401, 2018, 2016),
  (17, 401, NULL, 2018),
  (48, 402, 2022, 2020),
  (44, 402, 2023, 2022),
  (169, 402, 2024, 2023),
  (18, 402, NULL, 2024),
  (178, 403, 2021, 2017),
  (52, 403, 2022, 2021),
  (180, 403, 2024, 2022),
  (19, 403, NULL, 2024),
  (9, 404, 2010, 2009),
  (13, 404, 2012, 2010),
  (19, 404, 2015, 2012),
  (74, 404, 2019, 2015),
  (41, 404, 2020, 2019),
  (20, 404, NULL, 2020),
  (37, 405, 2020, 2018),
  (88, 405, 2022, 2020),
  (23, 405, 2023, 2022),
  (10, 405, 2024, 2023),
  (21, 405, NULL, 2024),
  (16, 406, 2015, 2012),
  (75, 406, 2019, 2015),
  (64, 406, 2020, 2019),
  (22, 406, NULL, 2020),
  (10, 407, 2016, 2012),
  (38, 407, 2017, 2016),
  (14, 407, 2019, 2017),
  (23, 407, NULL, 2019),
  (19, 408, 2020, 2019),
  (37, 408, 2021, 2020),
  (63, 408, 2022, 2021),
  (3, 408, 2023, 2022),
  (22, 408, 2024, 2023),
  (24, 408, NULL, 2024),
  (101, 409, 2014, 2012),
  (39, 409, 2017, 2014),
  (21, 409, 2021, 2017),
  (30, 409, 2022, 2021),
  (25, 409, NULL, 2022),
  (52, 410, 2019, 2016),
  (46, 410, 2023, 2019),
  (189, 410, 2024, 2023),
  (26, 410, NULL, 2024),
  (169, 411, 2013, 2009),
  (48, 411, 2014, 2013),
  (43, 411, 2016, 2014),
  (55, 411, 2019, 2016),
  (166, 411, 2023, 2019),
  (27, 411, NULL, 2023),
  (57, 412, 2016, 2015),
  (60, 412, 2018, 2016),
  (58, 412, 2021, 2018),
  (153, 412, 2023, 2021),
  (59, 412, 2024, 2023),
  (28, 412, NULL, 2024),
  (63, 413, 2010, 2008),
  (27, 413, 2013, 2010),
  (29, 413, NULL, 2013),
  (39, 414, 2017, 2014),
  (128, 414, 2021, 2017),
  (38, 414, 2022, 2021),
  (30, 414, NULL, 2022),
  (167, 415, 2021, 2017),
  (166, 415, 2022, 2021),
  (31, 415, NULL, 2022),
  (189, 416, 2010, 2009),
  (183, 416, 2012, 2010),
  (56, 416, 2015, 2012),
  (32, 416, NULL, 2015),
  (169, 417, 2017, 2015),
  (190, 417, 2020, 2017),
  (183, 417, 2022, 2020),
  (55, 417, 2023, 2022),
  (52, 417, 2024, 2023),
  (33, 417, NULL, 2024),
  (44, 418, 2022, 2019),
  (43, 418, 2024, 2022),
  (34, 418, NULL, 2024),
  (192, 419, 2020, 2016),
  (167, 419, 2021, 2020),
  (35, 419, NULL, 2021),
  (7, 420, 2007, 2006),
  (14, 420, 2009, 2007),
  (66, 420, 2012, 2009),
  (36, 420, NULL, 2012),
  (96, 421, 2015, 2013),
  (92, 421, 2018, 2015),
  (25, 421, 2022, 2018),
  (42, 421, 2023, 2022),
  (63, 421, 2024, 2023),
  (37, 421, NULL, 2024),
  (78, 422, 2016, 2013),
  (14, 422, 2020, 2016),
  (38, 422, NULL, 2020),
  (35, 423, 2023, 2020),
  (32, 423, 2024, 2023),
  (39, 423, NULL, 2024),
  (10, 424, 2010, 2009),
  (19, 424, 2012, 2010),
  (27, 424, 2015, 2012),
  (118, 424, 2019, 2015),
  (40, 424, NULL, 2019),
  (32, 425, 2017, 2015),
  (33, 425, 2020, 2017),
  (41, 425, NULL, 2020),
  (50, 426, 2010, 2007),
  (48, 426, 2014, 2010),
  (42, 426, NULL, 2014),
  (45, 427, 2018, 2014),
  (49, 427, 2019, 2018),
  (51, 427, 2021, 2019),
  (43, 427, NULL, 2021),
  (59, 428, 2010, 2009),
  (152, 428, 2012, 2010),
  (44, 428, NULL, 2012),
  (13, 429, 2012, 2010),
  (21, 429, 2015, 2012),
  (32, 429, 2019, 2015),
  (11, 429, 2020, 2019),
  (45, 429, NULL, 2020),
  (19, 430, 2020, 2019),
  (129, 430, 2021, 2020),
  (27, 430, 2022, 2021),
  (22, 430, 2023, 2022),
  (41, 430, 2024, 2023),
  (46, 430, NULL, 2024),
  (44, 431, 2020, 2016),
  (170, 431, 2021, 2020),
  (54, 431, 2023, 2021),
  (46, 431, 2024, 2023),
  (47, 431, NULL, 2024),
  (191, 432, 2009, 2008),
  (178, 432, 2011, 2009),
  (56, 432, 2014, 2011),
  (52, 432, 2018, 2014),
  (48, 432, NULL, 2018),
  (44, 433, 2021, 2019),
  (188, 433, 2023, 2021),
  (53, 433, 2024, 2023),
  (49, 433, NULL, 2024),
  (183, 434, 2019, 2016),
  (43, 434, 2022, 2019),
  (172, 434, 2023, 2022),
  (173, 434, 2024, 2023),
  (50, 434, NULL, 2024),
  (54, 435, 2022, 2020),
  (172, 435, 2023, 2022),
  (167, 435, 2024, 2023),
  (51, 435, NULL, 2024),
  (73, 436, 2019, 2018),
  (42, 436, 2021, 2019),
  (72, 436, 2024, 2021),
  (52, 436, NULL, 2024),
  (3, 437, 2014, 2012),
  (63, 437, 2017, 2014),
  (2, 437, 2021, 2017),
  (92, 437, 2022, 2021),
  (87, 437, 2024, 2022),
  (53, 437, NULL, 2024),
  (75, 438, 2012, 2009),
  (80, 438, 2016, 2012),
  (77, 438, 2017, 2016),
  (38, 438, 2019, 2017),
  (41, 438, 2022, 2019),
  (54, 438, NULL, 2022),
  (4, 439, 2014, 2010),
  (112, 439, 2015, 2014),
  (55, 439, NULL, 2015),
  (37, 440, 2012, 2011),
  (120, 440, 2014, 2012),
  (56, 440, NULL, 2014),
  (97, 441, 2020, 2018),
  (41, 441, 2023, 2020),
  (57, 441, NULL, 2023),
  (48, 442, 2015, 2012),
  (191, 442, 2019, 2015),
  (192, 442, 2020, 2019),
  (45, 442, 2022, 2020),
  (58, 442, NULL, 2022),
  (189, 443, 2016, 2012),
  (46, 443, 2017, 2016),
  (191, 443, 2019, 2017),
  (172, 443, 2022, 2019),
  (190, 443, 2024, 2022),
  (59, 443, NULL, 2024),
  (154, 444, 2020, 2019),
  (58, 444, 2021, 2020),
  (161, 444, 2022, 2021),
  (153, 444, 2023, 2022),
  (152, 444, 2024, 2023),
  (60, 444, NULL, 2024),
  (34, 445, 2010, 2008),
  (13, 445, 2013, 2010),
  (38, 445, 2017, 2013),
  (123, 445, 2018, 2017),
  (61, 445, NULL, 2018),
  (3, 446, 2016, 2013),
  (39, 446, 2020, 2016),
  (11, 446, 2021, 2020),
  (12, 446, 2023, 2021),
  (28, 446, 2024, 2023),
  (62, 446, NULL, 2024),
  (56, 447, 2019, 2015),
  (44, 447, 2020, 2019),
  (170, 447, 2022, 2020),
  (63, 447, NULL, 2022),
  (192, 448, 2007, 2006),
  (183, 448, 2009, 2007),
  (177, 448, 2012, 2009),
  (44, 448, 2016, 2012),
  (64, 448, NULL, 2016),
  (180, 449, 2017, 2015),
  (44, 449, 2020, 2017),
  (191, 449, 2022, 2020),
  (55, 449, 2023, 2022),
  (53, 449, 2024, 2023),
  (65, 449, NULL, 2024),
  (180, 450, 2014, 2011),
  (173, 450, 2018, 2014),
  (166, 450, 2019, 2018),
  (47, 450, 2021, 2019),
  (49, 450, 2024, 2021),
  (66, 450, NULL, 2024),
  (180, 451, 2011, 2007),
  (167, 451, 2012, 2011),
  (56, 451, 2014, 2012),
  (67, 451, NULL, 2014),
  (42, 452, 2011, 2010),
  (37, 452, 2013, 2011),
  (68, 452, NULL, 2013),
  (21, 453, 2016, 2014),
  (96, 453, 2019, 2016),
  (92, 453, 2023, 2019),
  (22, 453, 2024, 2023),
  (69, 453, NULL, 2024),
  (14, 454, 2019, 2016),
  (18, 454, 2022, 2019),
  (82, 454, 2023, 2022),
  (79, 454, 2024, 2023),
  (70, 454, NULL, 2024),
  (108, 455, 2010, 2006),
  (22, 455, 2011, 2010),
  (20, 455, 2013, 2011),
  (38, 455, 2016, 2013),
  (10, 455, 2020, 2016),
  (71, 455, NULL, 2020),
  (120, 456, 2018, 2017),
  (32, 456, 2020, 2018),
  (42, 456, 2023, 2020),
  (13, 456, 2024, 2023),
  (72, 456, NULL, 2024),
  (101, 457, 2020, 2018),
  (97, 457, 2023, 2020),
  (2, 457, 2024, 2023),
  (73, 457, NULL, 2024),
  (177, 458, 2017, 2014),
  (50, 458, 2021, 2017),
  (74, 458, NULL, 2021),
  (54, 459, 2021, 2019),
  (190, 459, 2022, 2021),
  (191, 459, 2023, 2022),
  (47, 459, 2024, 2023),
  (75, 459, NULL, 2024),
  (152, 460, 2008, 2007),
  (59, 460, 2010, 2008),
  (155, 460, 2013, 2010),
  (161, 460, 2017, 2013),
  (58, 460, 2018, 2017),
  (76, 460, NULL, 2018),
  (3, 461, 2021, 2020),
  (22, 461, 2022, 2021),
  (63, 461, 2023, 2022),
  (19, 461, 2024, 2023),
  (77, 461, NULL, 2024),
  (14, 462, 2015, 2012),
  (12, 462, 2019, 2015),
  (19, 462, 2020, 2019),
  (13, 462, 2022, 2020),
  (78, 462, NULL, 2022),
  (172, 463, 2012, 2008),
  (46, 463, 2013, 2012),
  (180, 463, 2015, 2013),
  (79, 463, NULL, 2015),
  (51, 464, 2019, 2018),
  (46, 464, 2021, 2019),
  (80, 464, NULL, 2021),
  (190, 465, 2014, 2012),
  (51, 465, 2017, 2014),
  (166, 465, 2021, 2017),
  (47, 465, 2022, 2021),
  (81, 465, NULL, 2022),
  (46, 466, 2012, 2009),
  (183, 466, 2016, 2012),
  (43, 466, 2017, 2016),
  (50, 466, 2019, 2017),
  (82, 466, NULL, 2019),
  (169, 467, 2020, 2016),
  (170, 467, 2021, 2020),
  (83, 467, NULL, 2021),
  (27, 468, 2012, 2011),
  (63, 468, 2014, 2012),
  (6, 468, 2017, 2014),
  (21, 468, 2021, 2017),
  (28, 468, 2022, 2021),
  (84, 468, NULL, 2022),
  (27, 469, 2022, 2020),
  (63, 469, 2023, 2022),
  (87, 469, 2024, 2023),
  (85, 469, NULL, 2024),
  (82, 470, 2016, 2013),
  (37, 470, 2020, 2016),
  (83, 470, 2021, 2020),
  (81, 470, 2023, 2021),
  (86, 470, NULL, 2023),
  (4, 471, 2022, 2018),
  (2, 471, 2023, 2022),
  (13, 471, 2024, 2023),
  (87, 471, NULL, 2024),
  (121, 472, 2015, 2014),
  (33, 472, 2017, 2015),
  (34, 472, 2020, 2017),
  (22, 472, 2023, 2020),
  (28, 472, 2024, 2023),
  (88, 472, NULL, 2024),
  (30, 473, 2021, 2019),
  (107, 473, 2023, 2021),
  (37, 473, 2024, 2023),
  (89, 473, NULL, 2024),
  (54, 474, 2022, 2019),
  (167, 474, 2024, 2022),
  (90, 474, NULL, 2024),
  (55, 475, 2016, 2012),
  (189, 475, 2017, 2016),
  (44, 475, 2019, 2017),
  (192, 475, 2022, 2019),
  (91, 475, NULL, 2022),
  (58, 476, 2017, 2016),
  (60, 476, 2019, 2017),
  (57, 476, 2022, 2019),
  (154, 476, 2024, 2022),
  (92, 476, NULL, 2024),
  (41, 477, 2014, 2012),
  (10, 477, 2017, 2014),
  (2, 477, 2021, 2017),
  (93, 477, NULL, 2021),
  (2, 478, 2021, 2019),
  (34, 478, 2022, 2021),
  (37, 478, 2023, 2022),
  (129, 478, 2024, 2023),
  (94, 478, NULL, 2024),
  (43, 479, 2013, 2009),
  (190, 479, 2014, 2013),
  (95, 479, NULL, 2014),
  (180, 480, 2019, 2018),
  (190, 480, 2021, 2019),
  (47, 480, 2022, 2021),
  (191, 480, 2023, 2022),
  (188, 480, 2024, 2023),
  (96, 480, NULL, 2024),
  (170, 481, 2017, 2015),
  (188, 481, 2020, 2017),
  (191, 481, 2023, 2020),
  (45, 481, 2024, 2023),
  (97, 481, NULL, 2024),
  (178, 482, 2021, 2019),
  (44, 482, 2022, 2021),
  (46, 482, 2023, 2022),
  (183, 482, 2024, 2023),
  (98, 482, NULL, 2024),
  (178, 483, 2021, 2017),
  (52, 483, 2022, 2021),
  (166, 483, 2023, 2022),
  (190, 483, 2024, 2023),
  (99, 483, NULL, 2024),
  (4, 484, 2008, 2007),
  (34, 484, 2010, 2008),
  (27, 484, 2013, 2010),
  (64, 484, 2017, 2013),
  (100, 484, NULL, 2017),
  (20, 485, 2017, 2015),
  (40, 485, 2020, 2017),
  (33, 485, 2022, 2020),
  (42, 485, 2023, 2022),
  (22, 485, 2024, 2023),
  (101, 485, NULL, 2024),
  (76, 486, 2017, 2014),
  (19, 486, 2021, 2017),
  (13, 486, 2022, 2021),
  (102, 486, NULL, 2022),
  (13, 487, 2018, 2014),
  (115, 487, 2019, 2018),
  (108, 487, 2021, 2019),
  (27, 487, 2023, 2021),
  (14, 487, 2024, 2023),
  (103, 487, NULL, 2024),
  (27, 488, 2008, 2007),
  (22, 488, 2010, 2008),
  (11, 488, 2013, 2010),
  (64, 488, 2017, 2013),
  (104, 488, NULL, 2017),
  (97, 489, 2020, 2019),
  (64, 489, 2021, 2020),
  (104, 489, 2022, 2021),
  (22, 489, 2023, 2022),
  (21, 489, 2024, 2023),
  (105, 489, NULL, 2024),
  (53, 490, 2018, 2015),
  (190, 490, 2022, 2018),
  (178, 490, 2023, 2022),
  (52, 490, 2024, 2023),
  (106, 490, NULL, 2024),
  (178, 491, 2011, 2007),
  (189, 491, 2012, 2011),
  (107, 491, NULL, 2012),
  (57, 492, 2009, 2008),
  (161, 492, 2011, 2009),
  (108, 492, NULL, 2011),
  (123, 493, 2020, 2018),
  (3, 493, 2023, 2020),
  (63, 493, 2024, 2023),
  (109, 493, NULL, 2024),
  (12, 494, 2022, 2020),
  (21, 494, 2023, 2022),
  (11, 494, 2024, 2023),
  (110, 494, NULL, 2024),
  (192, 495, 2012, 2008),
  (46, 495, 2013, 2012),
  (56, 495, 2015, 2013),
  (191, 495, 2018, 2015),
  (111, 495, NULL, 2018),
  (191, 496, 2009, 2008),
  (189, 496, 2011, 2009),
  (49, 496, 2014, 2011),
  (167, 496, 2018, 2014),
  (43, 496, 2019, 2018),
  (112, 496, NULL, 2019),
  (50, 497, 2011, 2009),
  (169, 497, 2014, 2011),
  (113, 497, NULL, 2014),
  (49, 498, 2021, 2018),
  (167, 498, 2023, 2021),
  (172, 498, 2024, 2023),
  (114, 498, NULL, 2024),
  (51, 499, 2023, 2019),
  (166, 499, 2024, 2023),
  (115, 499, NULL, 2024),
  (7, 500, 2014, 2013),
  (40, 500, 2016, 2014),
  (74, 500, 2019, 2016),
  (69, 500, 2023, 2019),
  (63, 500, 2024, 2023),
  (116, 500, NULL, 2024),
  (87, 501, 2014, 2012),
  (92, 501, 2017, 2014),
  (117, 501, NULL, 2017),
  (76, 502, 2018, 2015),
  (38, 502, 2021, 2018),
  (40, 502, 2022, 2021),
  (27, 502, 2023, 2022),
  (78, 502, 2024, 2023),
  (118, 502, NULL, 2024),
  (2, 503, 2015, 2011),
  (112, 503, 2016, 2015),
  (35, 503, 2018, 2016),
  (21, 503, 2021, 2018),
  (10, 503, 2024, 2021),
  (119, 503, NULL, 2024),
  (20, 504, 2019, 2018),
  (40, 504, 2021, 2019),
  (22, 504, 2023, 2021),
  (38, 504, 2024, 2023),
  (120, 504, NULL, 2024),
  (64, 505, 2014, 2012),
  (37, 505, 2017, 2014),
  (34, 505, 2021, 2017),
  (121, 505, NULL, 2021),
  (167, 506, 2016, 2013),
  (180, 506, 2020, 2016),
  (191, 506, 2021, 2020),
  (122, 506, NULL, 2021),
  (53, 507, 2017, 2013),
  (190, 507, 2018, 2017),
  (172, 507, 2020, 2018),
  (169, 507, 2023, 2020),
  (177, 507, 2024, 2023),
  (123, 507, NULL, 2024),
  (57, 508, 2010, 2009),
  (60, 508, 2012, 2010),
  (154, 508, 2015, 2012),
  (124, 508, NULL, 2015),
  (33, 509, 2008, 2006),
  (41, 509, 2011, 2008),
  (124, 509, 2015, 2011),
  (14, 509, 2016, 2015),
  (125, 509, NULL, 2016),
  (39, 510, 2018, 2015),
  (63, 510, 2022, 2018),
  (4, 510, 2023, 2022),
  (126, 510, NULL, 2023),
  (173, 511, 2015, 2011),
  (49, 511, 2016, 2015),
  (188, 511, 2018, 2016),
  (180, 511, 2021, 2018),
  (54, 511, 2024, 2021),
  (127, 511, NULL, 2024),
  (48, 512, 2014, 2013),
  (173, 512, 2016, 2014),
  (172, 512, 2019, 2016),
  (128, 512, NULL, 2019),
  (55, 513, 2012, 2010),
  (190, 513, 2015, 2012),
  (129, 513, NULL, 2015),
  (170, 514, 2009, 2006),
  (47, 514, 2013, 2009),
  (173, 514, 2014, 2013),
  (183, 514, 2016, 2014),
  (130, 514, NULL, 2016),
  (173, 515, 2019, 2015),
  (190, 515, 2020, 2019),
  (52, 515, 2022, 2020),
  (191, 515, 2024, 2022),
  (131, 515, NULL, 2024),
  (33, 516, 2018, 2017),
  (37, 516, 2020, 2018),
  (2, 516, 2023, 2020),
  (132, 516, NULL, 2023),
  (28, 517, 2011, 2009),
  (21, 517, 2014, 2011),
  (23, 517, 2018, 2014),
  (20, 517, 2019, 2018),
  (133, 517, NULL, 2019),
  (80, 518, 2011, 2008),
  (19, 518, 2015, 2011),
  (134, 518, NULL, 2015),
  (117, 519, 2015, 2011),
  (28, 519, 2016, 2015),
  (12, 519, 2018, 2016),
  (40, 519, 2021, 2018),
  (27, 519, 2024, 2021),
  (135, 519, NULL, 2024),
  (63, 520, 2009, 2008),
  (120, 520, 2011, 2009),
  (34, 520, 2014, 2011),
  (119, 520, 2018, 2014),
  (33, 520, 2019, 2018),
  (136, 520, NULL, 2019),
  (31, 521, 2017, 2015),
  (34, 521, 2020, 2017),
  (42, 521, 2022, 2020),
  (63, 521, 2023, 2022),
  (32, 521, 2024, 2023),
  (137, 521, NULL, 2024),
  (180, 522, 2010, 2007),
  (55, 522, 2014, 2010),
  (53, 522, 2015, 2014),
  (43, 522, 2017, 2015),
  (138, 522, NULL, 2017),
  (53, 523, 2012, 2008),
  (191, 523, 2013, 2012),
  (139, 523, NULL, 2013),
  (59, 524, 2012, 2011),
  (153, 524, 2014, 2012),
  (140, 524, NULL, 2014),
  (41, 525, 2020, 2019),
  (64, 525, 2021, 2020),
  (63, 525, 2022, 2021),
  (20, 525, 2023, 2022),
  (38, 525, 2024, 2023),
  (141, 525, NULL, 2024),
  (63, 526, 2023, 2020),
  (21, 526, 2024, 2023),
  (142, 526, NULL, 2024),
  (46, 527, 2021, 2017),
  (52, 527, 2022, 2021),
  (143, 527, NULL, 2022),
  (180, 528, 2008, 2007),
  (51, 528, 2010, 2008),
  (188, 528, 2013, 2010),
  (144, 528, NULL, 2013),
  (167, 529, 2010, 2008),
  (54, 529, 2013, 2010),
  (172, 529, 2017, 2013),
  (190, 529, 2018, 2017),
  (170, 529, 2020, 2018),
  (145, 529, NULL, 2020),
  (169, 530, 2015, 2012),
  (47, 530, 2019, 2015),
  (146, 530, NULL, 2019),
  (173, 531, 2019, 2015),
  (52, 531, 2020, 2019),
  (172, 531, 2022, 2020),
  (147, 531, NULL, 2022),
  (7, 532, 2012, 2011),
  (32, 532, 2014, 2012),
  (4, 532, 2017, 2014),
  (148, 532, NULL, 2017),
  (63, 533, 2013, 2011),
  (88, 533, 2016, 2013),
  (24, 533, 2020, 2016),
  (42, 533, 2021, 2020),
  (4, 533, 2023, 2021),
  (149, 533, NULL, 2023),
  (34, 534, 2018, 2015),
  (86, 534, 2022, 2018),
  (150, 534, NULL, 2022),
  (112, 535, 2014, 2010),
  (117, 535, 2015, 2014),
  (22, 535, 2017, 2015),
  (21, 535, 2020, 2017),
  (151, 535, NULL, 2020),
  (42, 536, 2007, 2006),
  (64, 536, 2009, 2007),
  (152, 536, NULL, 2009),
  (13, 537, 2012, 2010),
  (38, 537, 2015, 2012),
  (105, 537, 2019, 2015),
  (153, 537, NULL, 2019),
  (46, 538, 2014, 2011),
  (173, 538, 2018, 2014),
  (55, 538, 2019, 2018),
  (154, 538, NULL, 2019),
  (178, 539, 2013, 2009),
  (173, 539, 2014, 2013),
  (51, 539, 2016, 2014),
  (43, 539, 2019, 2016),
  (166, 539, 2023, 2019),
  (155, 539, NULL, 2023),
  (58, 540, 2010, 2009),
  (154, 540, 2012, 2010),
  (59, 540, 2015, 2012),
  (162, 540, 2019, 2015),
  (152, 540, 2020, 2019),
  (156, 540, NULL, 2020),
  (124, 541, 2022, 2020),
  (38, 541, 2024, 2022),
  (157, 541, NULL, 2024),
  (22, 542, 2012, 2009),
  (14, 542, 2016, 2012),
  (32, 542, 2017, 2016),
  (158, 542, NULL, 2017),
  (166, 543, 2011, 2007),
  (49, 543, 2012, 2011),
  (55, 543, 2014, 2012),
  (173, 543, 2017, 2014),
  (169, 543, 2021, 2017),
  (159, 543, NULL, 2021),
  (178, 544, 2009, 2008),
  (169, 544, 2011, 2009),
  (192, 544, 2014, 2011),
  (160, 544, NULL, 2014),
  (167, 545, 2019, 2017),
  (178, 545, 2022, 2019),
  (44, 545, 2023, 2022),
  (55, 545, 2024, 2023),
  (161, 545, NULL, 2024),
  (172, 546, 2010, 2007),
  (183, 546, 2014, 2010),
  (46, 546, 2015, 2014),
  (177, 546, 2017, 2015),
  (166, 546, 2020, 2017),
  (162, 546, NULL, 2020),
  (51, 547, 2012, 2008),
  (56, 547, 2013, 2012),
  (189, 547, 2015, 2013),
  (180, 547, 2018, 2015),
  (169, 547, 2022, 2018),
  (163, 547, NULL, 2022),
  (37, 548, 2020, 2019),
  (9, 548, 2021, 2020),
  (71, 548, 2022, 2021),
  (65, 548, 2023, 2022),
  (67, 548, 2024, 2023),
  (164, 548, NULL, 2024),
  (26, 549, 2014, 2012),
  (34, 549, 2017, 2014),
  (165, 549, NULL, 2017),
  (10, 550, 2016, 2013),
  (32, 550, 2020, 2016),
  (86, 550, 2021, 2020),
  (21, 550, 2023, 2021),
  (166, 550, NULL, 2023),
  (19, 551, 2012, 2008),
  (110, 551, 2013, 2012),
  (167, 551, NULL, 2013),
  (27, 552, 2021, 2020),
  (39, 552, 2023, 2021),
  (168, 552, NULL, 2023),
  (28, 553, 2009, 2007),
  (97, 553, 2012, 2009),
  (169, 553, NULL, 2012),
  (44, 554, 2018, 2015),
  (55, 554, 2022, 2018),
  (46, 554, 2023, 2022),
  (170, 554, NULL, 2023),
  (166, 555, 2013, 2009),
  (183, 555, 2014, 2013),
  (51, 555, 2016, 2014),
  (54, 555, 2019, 2016),
  (171, 555, NULL, 2019),
  (153, 556, 2008, 2007),
  (57, 556, 2010, 2008),
  (154, 556, 2013, 2010),
  (152, 556, 2017, 2013),
  (172, 556, NULL, 2017),
  (37, 557, 2014, 2012),
  (124, 557, 2017, 2014),
  (3, 557, 2021, 2017),
  (2, 557, 2022, 2021),
  (173, 557, NULL, 2022),
  (3, 558, 2017, 2014),
  (2, 558, 2021, 2017),
  (33, 558, 2022, 2021),
  (174, 558, NULL, 2022),
  (177, 559, 2019, 2015),
  (55, 559, 2020, 2019),
  (175, 559, NULL, 2020),
  (51, 560, 2014, 2013),
  (48, 560, 2016, 2014),
  (192, 560, 2019, 2016),
  (176, 560, NULL, 2019),
  (44, 561, 2014, 2012),
  (50, 561, 2017, 2014),
  (177, 561, NULL, 2017),
  (169, 562, 2013, 2010),
  (43, 562, 2017, 2013),
  (183, 562, 2018, 2017),
  (45, 562, 2020, 2018),
  (46, 562, 2023, 2020),
  (178, 562, NULL, 2023),
  (167, 563, 2012, 2008),
  (169, 563, 2013, 2012),
  (172, 563, 2015, 2013),
  (179, 563, NULL, 2015),
  (12, 564, 2009, 2008),
  (13, 564, 2011, 2009),
  (180, 564, NULL, 2011),
  (92, 565, 2008, 2006),
  (27, 565, 2011, 2008),
  (13, 565, 2015, 2011),
  (28, 565, 2016, 2015),
  (11, 565, 2018, 2016),
  (181, 565, NULL, 2018),
  (33, 566, 2021, 2018),
  (38, 566, 2023, 2021),
  (3, 566, 2024, 2023),
  (182, 566, NULL, 2024),
  (4, 567, 2021, 2019),
  (38, 567, 2022, 2021),
  (12, 567, 2023, 2022),
  (117, 567, 2024, 2023),
  (183, 567, NULL, 2024),
  (13, 568, 2020, 2019),
  (33, 568, 2022, 2020),
  (184, 568, NULL, 2022),
  (38, 569, 2008, 2006),
  (104, 569, 2011, 2008),
  (185, 569, NULL, 2011),
  (43, 570, 2022, 2019),
  (170, 570, 2024, 2022),
  (186, 570, NULL, 2024),
  (177, 571, 2012, 2008),
  (54, 571, 2013, 2012),
  (189, 571, 2015, 2013),
  (48, 571, 2018, 2015),
  (53, 571, 2022, 2018),
  (187, 571, NULL, 2022),
  (59, 572, 2018, 2017),
  (155, 572, 2020, 2018),
  (57, 572, 2023, 2020),
  (162, 572, 2024, 2023),
  (188, 572, NULL, 2024),
  (28, 573, 2015, 2013),
  (11, 573, 2018, 2015),
  (189, 573, NULL, 2018),
  (126, 574, 2009, 2006),
  (11, 574, 2013, 2009),
  (128, 574, 2014, 2013),
  (12, 574, 2016, 2014),
  (32, 574, 2019, 2016),
  (190, 574, NULL, 2019),
  (46, 575, 2013, 2009),
  (53, 575, 2014, 2013),
  (191, 575, NULL, 2014),
  (191, 576, 2019, 2018),
  (52, 576, 2021, 2019),
  (192, 576, NULL, 2021),
  (170, 577, 2016, 2014),
  (45, 577, 2019, 2016),
  (2, 577, NULL, 2019),
  (48, 578, 2019, 2016),
  (50, 578, 2023, 2019),
  (47, 578, 2024, 2023),
  (3, 578, NULL, 2024),
  (192, 579, 2017, 2013),
  (189, 579, 2018, 2017),
  (180, 579, 2020, 2018),
  (170, 579, 2023, 2020),
  (4, 579, NULL, 2023),
  (32, 580, 2009, 2008),
  (70, 580, 2011, 2009),
  (71, 580, 2014, 2011),
  (68, 580, 2018, 2014),
  (5, 580, NULL, 2018),
  (19, 581, 2019, 2017),
  (40, 581, 2022, 2019),
  (6, 581, NULL, 2022),
  (4, 582, 2011, 2008),
  (34, 582, 2015, 2011),
  (17, 582, 2016, 2015),
  (63, 582, 2018, 2016),
  (7, 582, NULL, 2018),
  (35, 583, 2017, 2013),
  (3, 583, 2018, 2017),
  (14, 583, 2020, 2018),
  (21, 583, 2023, 2020),
  (8, 583, NULL, 2023),
  (34, 584, 2016, 2015),
  (41, 584, 2018, 2016),
  (118, 584, 2021, 2018),
  (121, 584, 2023, 2021),
  (14, 584, 2024, 2023),
  (9, 584, NULL, 2024),
  (27, 585, 2017, 2015),
  (40, 585, 2020, 2017),
  (103, 585, 2023, 2020),
  (11, 585, 2024, 2023),
  (10, 585, NULL, 2024),
  (166, 586, 2019, 2016),
  (167, 586, 2021, 2019),
  (172, 586, 2022, 2021),
  (192, 586, 2023, 2022),
  (45, 586, 2024, 2023),
  (11, 586, NULL, 2024),
  (47, 587, 2016, 2012),
  (56, 587, 2017, 2016),
  (12, 587, NULL, 2017),
  (162, 588, 2009, 2008),
  (60, 588, 2011, 2009),
  (161, 588, 2014, 2011),
  (155, 588, 2018, 2014),
  (13, 588, NULL, 2018),
  (32, 589, 2020, 2018),
  (42, 589, 2021, 2020),
  (37, 589, 2022, 2021),
  (41, 589, 2023, 2022),
  (3, 589, 2024, 2023),
  (14, 589, NULL, 2024),
  (63, 590, 2011, 2008),
  (38, 590, 2015, 2011),
  (126, 590, 2016, 2015),
  (32, 590, 2018, 2016),
  (127, 590, 2021, 2018),
  (15, 590, NULL, 2021),
  (167, 591, 2020, 2019),
  (192, 591, 2021, 2020),
  (183, 591, 2022, 2021),
  (188, 591, 2023, 2022),
  (49, 591, 2024, 2023),
  (16, 591, NULL, 2024),
  (54, 592, 2014, 2013),
  (47, 592, 2016, 2014),
  (170, 592, 2019, 2016),
  (44, 592, 2023, 2019),
  (50, 592, 2024, 2023),
  (17, 592, NULL, 2024),
  (190, 593, 2017, 2015),
  (183, 593, 2020, 2017),
  (55, 593, 2022, 2020),
  (49, 593, 2023, 2022),
  (169, 593, 2024, 2023),
  (18, 593, NULL, 2024),
  (47, 594, 2019, 2016),
  (166, 594, 2023, 2019),
  (19, 594, NULL, 2023),
  (170, 595, 2012, 2008),
  (188, 595, 2013, 2012),
  (177, 595, 2015, 2013),
  (169, 595, 2018, 2015),
  (20, 595, NULL, 2018),
  (38, 596, 2007, 2006),
  (70, 596, 2009, 2007),
  (21, 596, NULL, 2009),
  (37, 597, 2013, 2011),
  (38, 597, 2016, 2013),
  (40, 597, 2020, 2016),
  (22, 597, NULL, 2020),
  (13, 598, 2016, 2013),
  (82, 598, 2020, 2016),
  (3, 598, 2021, 2020),
  (41, 598, 2023, 2021),
  (23, 598, NULL, 2023),
  (108, 599, 2016, 2012),
  (3, 599, 2017, 2016),
  (117, 599, 2019, 2017),
  (40, 599, 2022, 2019),
  (24, 599, NULL, 2022),
  (41, 600, 2017, 2016),
  (63, 600, 2019, 2017),
  (13, 600, 2022, 2019),
  (64, 600, 2023, 2022),
  (27, 600, 2024, 2023),
  (25, 600, NULL, 2024),
  (63, 601, 2016, 2014),
  (30, 601, 2019, 2016),
  (26, 601, NULL, 2019),
  (49, 602, 2020, 2017),
  (167, 602, 2023, 2020),
  (46, 602, 2024, 2023),
  (27, 602, NULL, 2024),
  (170, 603, 2021, 2020),
  (43, 603, 2022, 2021),
  (167, 603, 2023, 2022),
  (189, 603, 2024, 2023),
  (28, 603, NULL, 2024),
  (58, 604, 2017, 2016),
  (152, 604, 2019, 2017),
  (29, 604, NULL, 2019),
  (125, 605, 2013, 2011),
  (11, 605, 2016, 2013),
  (41, 605, 2020, 2016),
  (30, 605, NULL, 2020),
  (129, 606, 2014, 2011),
  (38, 606, 2018, 2014),
  (14, 606, 2019, 2018),
  (126, 606, 2021, 2019),
  (32, 606, 2024, 2021),
  (31, 606, NULL, 2024),
  (53, 607, 2011, 2007),
  (44, 607, 2012, 2011),
  (32, 607, NULL, 2012),
  (167, 608, 2016, 2015),
  (53, 608, 2018, 2016),
  (52, 608, 2021, 2018),
  (166, 608, 2023, 2021),
  (54, 608, 2024, 2023),
  (33, 608, NULL, 2024),
  (188, 609, 2019, 2017),
  (49, 609, 2022, 2019),
  (48, 609, 2023, 2022),
  (178, 609, 2024, 2023),
  (34, 609, NULL, 2024),
  (45, 610, 2012, 2009),
  (50, 610, 2016, 2012),
  (35, 610, NULL, 2016),
  (53, 611, 2020, 2019),
  (188, 611, 2021, 2020),
  (192, 611, 2022, 2021),
  (178, 611, 2023, 2022),
  (172, 611, 2024, 2023),
  (36, 611, NULL, 2024),
  (72, 612, 2021, 2020),
  (9, 612, 2023, 2021),
  (37, 612, NULL, 2023),
  (39, 613, 2020, 2018),
  (13, 613, 2023, 2020),
  (21, 613, 2024, 2023),
  (38, 613, NULL, 2024),
  (11, 614, 2018, 2015),
  (38, 614, 2021, 2018),
  (64, 614, 2022, 2021),
  (41, 614, 2023, 2022),
  (63, 614, 2024, 2023),
  (39, 614, NULL, 2024),
  (37, 615, 2021, 2019),
  (27, 615, 2022, 2021),
  (108, 615, 2023, 2022),
  (21, 615, 2024, 2023),
  (40, 615, NULL, 2024),
  (119, 616, 2013, 2012),
  (63, 616, 2015, 2013),
  (34, 616, 2018, 2015),
  (19, 616, 2022, 2018),
  (28, 616, 2023, 2022),
  (41, 616, NULL, 2023),
  (98, 617, 2015, 2013),
  (105, 617, 2018, 2015),
  (33, 617, 2022, 2018),
  (13, 617, 2023, 2022),
  (27, 617, 2024, 2023),
  (42, 617, NULL, 2024),
  (169, 618, 2018, 2015),
  (177, 618, 2022, 2018),
  (43, 618, NULL, 2022),
  (189, 619, 2018, 2014),
  (47, 619, 2019, 2018),
  (48, 619, 2021, 2019),
  (190, 619, 2024, 2021),
  (44, 619, NULL, 2024),
  (162, 620, 2021, 2020),
  (153, 620, 2023, 2021),
  (45, 620, NULL, 2023),
  (10, 621, 2013, 2011),
  (32, 621, 2016, 2013),
  (125, 621, 2020, 2016),
  (124, 621, 2021, 2020),
  (64, 621, 2023, 2021),
  (46, 621, NULL, 2023),
  (2, 622, 2015, 2012),
  (19, 622, 2019, 2015),
  (22, 622, 2020, 2019),
  (33, 622, 2022, 2020),
  (27, 622, 2024, 2022),
  (47, 622, NULL, 2024),
  (189, 623, 2018, 2014),
  (178, 623, 2019, 2018),
  (192, 623, 2021, 2019),
  (48, 623, NULL, 2021),
  (50, 624, 2015, 2014),
  (192, 624, 2017, 2015),
  (48, 624, 2020, 2017),
  (49, 624, NULL, 2020),
  (167, 625, 2017, 2015),
  (48, 625, 2020, 2017),
  (46, 625, 2022, 2020),
  (55, 625, 2023, 2022),
  (166, 625, 2024, 2023),
  (50, 625, NULL, 2024),
  (43, 626, 2020, 2017),
  (167, 626, 2021, 2020),
  (50, 626, 2022, 2021),
  (48, 626, 2023, 2022),
  (183, 626, 2024, 2023),
  (51, 626, NULL, 2024),
  (167, 627, 2016, 2012),
  (169, 627, 2017, 2016),
  (52, 627, NULL, 2017),
  (10, 628, 2017, 2016),
  (73, 628, 2019, 2017),
  (53, 628, NULL, 2019),
  (93, 629, 2015, 2013),
  (87, 629, 2018, 2015),
  (33, 629, 2022, 2018),
  (54, 629, NULL, 2022),
  (41, 630, 2010, 2007),
  (83, 630, 2014, 2010),
  (14, 630, 2015, 2014),
  (55, 630, NULL, 2015),
  (34, 631, 2016, 2012),
  (21, 631, 2017, 2016),
  (35, 631, 2019, 2017),
  (56, 631, NULL, 2019),
  (32, 632, 2016, 2015),
  (20, 632, 2018, 2016),
  (119, 632, 2021, 2018),
  (57, 632, NULL, 2021),
  (107, 633, 2009, 2007),
  (14, 633, 2012, 2009),
  (13, 633, 2016, 2012),
  (58, 633, NULL, 2016),
  (190, 634, 2009, 2006),
  (43, 634, 2013, 2009),
  (59, 634, NULL, 2013),
  (49, 635, 2016, 2012),
  (51, 635, 2017, 2016),
  (191, 635, 2019, 2017),
  (43, 635, 2022, 2019),
  (60, 635, NULL, 2022),
  (154, 636, 2008, 2007),
  (153, 636, 2010, 2008),
  (155, 636, 2013, 2010),
  (162, 636, 2017, 2013),
  (61, 636, NULL, 2017),
  (11, 637, 2008, 2006),
  (37, 637, 2011, 2008),
  (13, 637, 2015, 2011),
  (2, 637, 2016, 2015),
  (28, 637, 2018, 2016),
  (62, 637, NULL, 2018),
  (42, 638, 2013, 2010),
  (14, 638, 2017, 2013),
  (22, 638, 2018, 2017),
  (21, 638, 2020, 2018),
  (63, 638, NULL, 2020),
  (178, 639, 2012, 2008),
  (172, 639, 2013, 2012),
  (64, 639, NULL, 2013),
  (173, 640, 2019, 2018),
  (43, 640, 2021, 2019),
  (172, 640, 2024, 2021),
  (65, 640, NULL, 2024),
  (191, 641, 2012, 2010),
  (169, 641, 2015, 2012),
  (52, 641, 2019, 2015),
  (66, 641, NULL, 2019),
  (43, 642, 2012, 2009),
  (167, 642, 2016, 2012),
  (177, 642, 2017, 2016),
  (169, 642, 2019, 2017),
  (172, 642, 2022, 2019),
  (67, 642, NULL, 2022),
  (183, 643, 2021, 2017),
  (191, 643, 2022, 2021),
  (178, 643, 2024, 2022),
  (68, 643, NULL, 2024),
  (22, 644, 2016, 2015),
  (27, 644, 2018, 2016),
  (39, 644, 2021, 2018),
  (3, 644, 2024, 2021),
  (69, 644, NULL, 2024),
  (42, 645, 2014, 2012),
  (23, 645, 2017, 2014),
  (25, 645, 2021, 2017),
  (70, 645, NULL, 2021),
  (75, 646, 2022, 2020),
  (39, 646, 2023, 2022),
  (17, 646, 2024, 2023),
  (71, 646, NULL, 2024),
  (113, 647, 2019, 2015),
  (111, 647, 2020, 2019),
  (115, 647, 2022, 2020),
  (112, 647, 2024, 2022),
  (72, 647, NULL, 2024),
  (10, 648, 2007, 2006),
  (42, 648, 2009, 2007),
  (21, 648, 2012, 2009),
  (33, 648, 2016, 2012),
  (40, 648, 2017, 2016),
  (73, 648, NULL, 2017),
  (100, 649, 2012, 2010),
  (32, 649, 2015, 2012),
  (74, 649, NULL, 2015),
  (170, 650, 2019, 2016),
  (180, 650, 2023, 2019),
  (189, 650, 2024, 2023),
  (75, 650, NULL, 2024),
  (45, 651, 2022, 2018),
  (178, 651, 2023, 2022),
  (76, 651, NULL, 2023),
  (161, 652, 2012, 2011),
  (152, 652, 2014, 2012),
  (77, 652, NULL, 2014),
  (34, 653, 2014, 2012),
  (38, 653, 2017, 2014),
  (78, 653, NULL, 2017),
  (32, 654, 2013, 2010),
  (37, 654, 2017, 2013),
  (4, 654, 2018, 2017),
  (79, 654, NULL, 2018),
  (51, 655, 2016, 2012),
  (183, 655, 2017, 2016),
  (192, 655, 2019, 2017),
  (50, 655, 2022, 2019),
  (52, 655, 2024, 2022),
  (80, 655, NULL, 2024),
  (46, 656, 2009, 2008),
  (56, 656, 2011, 2009),
  (53, 656, 2014, 2011),
  (188, 656, 2018, 2014),
  (81, 656, NULL, 2018),
  (180, 657, 2013, 2011),
  (188, 657, 2016, 2013),
  (177, 657, 2020, 2016),
  (82, 657, NULL, 2020),
  (178, 658, 2014, 2011),
  (46, 658, 2018, 2014),
  (83, 658, NULL, 2018),
  (51, 659, 2015, 2011),
  (178, 659, 2016, 2015),
  (84, 659, NULL, 2016),
  (20, 660, 2011, 2010),
  (72, 660, 2013, 2011),
  (14, 660, 2016, 2013),
  (12, 660, 2020, 2016),
  (85, 660, NULL, 2020),
  (90, 661, 2018, 2016),
  (41, 661, 2021, 2018),
  (42, 661, 2022, 2021),
  (96, 661, 2023, 2022),
  (19, 661, 2024, 2023),
  (86, 661, NULL, 2024),
  (18, 662, 2012, 2009),
  (75, 662, 2016, 2012),
  (10, 662, 2017, 2016),
  (83, 662, 2019, 2017),
  (16, 662, 2022, 2019),
  (87, 662, NULL, 2022),
  (13, 663, 2020, 2019),
  (41, 663, 2021, 2020),
  (36, 663, 2022, 2021),
  (42, 663, 2023, 2022),
  (12, 663, 2024, 2023),
  (88, 663, NULL, 2024),
  (22, 664, 2019, 2018),
  (42, 664, 2021, 2019),
  (4, 664, 2022, 2021),
  (3, 664, 2023, 2022),
  (33, 664, 2024, 2023),
  (89, 664, NULL, 2024),
  (101, 665, 2022, 2020),
  (40, 665, 2023, 2022),
  (64, 665, 2024, 2023),
  (90, 665, NULL, 2024),
  (46, 666, 2020, 2018),
  (44, 666, 2021, 2020),
  (166, 666, 2022, 2021),
  (172, 666, 2023, 2022),
  (191, 666, 2024, 2023),
  (91, 666, NULL, 2024),
  (180, 667, 2015, 2011),
  (167, 667, 2016, 2015),
  (51, 667, 2018, 2016),
  (173, 667, 2021, 2018),
  (92, 667, NULL, 2021),
  (60, 668, 2020, 2019),
  (155, 668, 2021, 2020),
  (152, 668, 2022, 2021),
  (59, 668, 2023, 2022),
  (154, 668, 2024, 2023),
  (93, 668, NULL, 2024),
  (19, 669, 2020, 2019),
  (27, 669, 2021, 2020),
  (122, 669, 2022, 2021),
  (39, 669, 2023, 2022),
  (20, 669, 2024, 2023),
  (94, 669, NULL, 2024),
  (64, 670, 2010, 2007),
  (63, 670, 2014, 2010),
  (38, 670, 2015, 2014),
  (11, 670, 2017, 2015),
  (12, 670, 2020, 2017),
  (95, 670, NULL, 2020),
  (49, 671, 2023, 2019),
  (172, 671, 2024, 2023),
  (96, 671, NULL, 2024),
  (183, 672, 2020, 2019),
  (188, 672, 2022, 2020),
  (52, 672, 2024, 2022),
  (97, 672, NULL, 2024),
  (55, 673, 2008, 2006),
  (54, 673, 2011, 2008),
  (170, 673, 2015, 2011),
  (190, 673, 2016, 2015),
  (45, 673, 2018, 2016),
  (98, 673, NULL, 2018),
  (48, 674, 2020, 2019),
  (183, 674, 2021, 2020),
  (180, 674, 2022, 2021),
  (44, 674, 2023, 2022),
  (49, 674, 2024, 2023),
  (99, 674, NULL, 2024),
  (191, 675, 2018, 2014),
  (53, 675, 2019, 2018),
  (100, 675, NULL, 2019),
  (10, 676, 2010, 2009),
  (22, 676, 2012, 2010),
  (5, 676, 2015, 2012),
  (101, 676, NULL, 2015),
  (12, 677, 2011, 2009),
  (42, 677, 2014, 2011),
  (26, 677, 2018, 2014),
  (4, 677, 2019, 2018),
  (33, 677, 2021, 2019),
  (102, 677, NULL, 2021),
  (14, 678, 2014, 2011),
  (41, 678, 2018, 2014),
  (64, 678, 2019, 2018),
  (12, 678, 2021, 2019),
  (22, 678, 2024, 2021),
  (103, 678, NULL, 2024),
  (114, 679, 2014, 2010),
  (12, 679, 2015, 2014),
  (111, 679, 2017, 2015),
  (104, 679, NULL, 2017),
  (64, 680, 2019, 2018),
  (33, 680, 2021, 2019),
  (105, 680, NULL, 2021),
  (41, 681, 2010, 2008),
  (34, 681, 2013, 2010),
  (42, 681, 2017, 2013),
  (106, 681, NULL, 2017),
  (166, 682, 2012, 2009),
  (169, 682, 2016, 2012),
  (52, 682, 2017, 2016),
  (177, 682, 2019, 2017),
  (56, 682, 2022, 2019),
  (107, 682, NULL, 2022),
  (52, 683, 2021, 2018),
  (183, 683, 2022, 2021),
  (49, 683, 2023, 2022),
  (48, 683, 2024, 2023),
  (108, 683, NULL, 2024),
  (155, 684, 2016, 2015),
  (153, 684, 2018, 2016),
  (58, 684, 2021, 2018),
  (59, 684, 2024, 2021),
  (109, 684, NULL, 2024),
  (39, 685, 2014, 2012),
  (20, 685, 2017, 2014),
  (42, 685, 2021, 2017),
  (12, 685, 2022, 2021),
  (110, 685, NULL, 2022),
  (22, 686, 2011, 2008),
  (27, 686, 2015, 2011),
  (13, 686, 2016, 2015),
  (111, 686, NULL, 2016),
  (52, 687, 2016, 2012),
  (53, 687, 2017, 2016),
  (56, 687, 2019, 2017),
  (189, 687, 2022, 2019),
  (178, 687, 2024, 2022),
  (112, 687, NULL, 2024),
  (177, 688, 2020, 2019),
  (188, 688, 2021, 2020),
  (173, 688, 2022, 2021),
  (178, 688, 2023, 2022),
  (54, 688, 2024, 2023),
  (113, 688, NULL, 2024),
  (167, 689, 2020, 2018),
  (44, 689, 2023, 2020),
  (114, 689, NULL, 2023),
  (178, 690, 2012, 2009),
  (173, 690, 2016, 2012),
  (115, 690, NULL, 2016),
  (169, 691, 2017, 2013),
  (172, 691, 2018, 2017),
  (166, 691, 2020, 2018),
  (116, 691, NULL, 2020),
  (11, 692, 2013, 2012),
  (27, 692, 2015, 2013),
  (21, 692, 2018, 2015),
  (117, 692, NULL, 2018),
  (42, 693, 2011, 2009),
  (20, 693, 2014, 2011),
  (118, 693, NULL, 2014),
  (19, 694, 2018, 2015),
  (28, 694, 2021, 2018),
  (75, 694, 2022, 2021),
  (16, 694, 2023, 2022),
  (81, 694, 2024, 2023),
  (119, 694, NULL, 2024),
  (35, 695, 2012, 2008),
  (4, 695, 2013, 2012),
  (110, 695, 2015, 2013),
  (120, 695, NULL, 2015),
  (22, 696, 2018, 2017),
  (118, 696, 2020, 2018),
  (41, 696, 2022, 2020),
  (120, 696, 2023, 2022),
  (19, 696, 2024, 2023),
  (121, 696, NULL, 2024),
  (104, 697, 2009, 2007),
  (19, 697, 2012, 2009),
  (122, 697, NULL, 2012),
  (166, 698, 2014, 2011),
  (177, 698, 2018, 2014),
  (123, 698, NULL, 2018),
  (45, 699, 2011, 2007),
  (55, 699, 2012, 2011),
  (172, 699, 2014, 2012),
  (166, 699, 2017, 2014),
  (124, 699, NULL, 2017),
  (59, 700, 2021, 2020),
  (57, 700, 2023, 2021),
  (125, 700, NULL, 2023),
  (33, 701, 2017, 2015),
  (37, 701, 2020, 2017),
  (2, 701, 2022, 2020),
  (4, 701, 2023, 2022),
  (39, 701, 2024, 2023),
  (126, 701, NULL, 2024),
  (28, 702, 2017, 2014),
  (21, 702, 2021, 2017),
  (126, 702, 2022, 2021),
  (14, 702, 2024, 2022),
  (127, 702, NULL, 2024),
  (188, 703, 2010, 2006),
  (53, 703, 2011, 2010),
  (128, 703, NULL, 2011),
  (52, 704, 2014, 2013),
  (167, 704, 2016, 2014),
  (129, 704, NULL, 2016),
  (47, 705, 2020, 2019),
  (50, 705, 2021, 2020),
  (52, 705, 2022, 2021),
  (191, 705, 2023, 2022),
  (170, 705, 2024, 2023),
  (130, 705, NULL, 2024),
  (166, 706, 2016, 2013),
  (46, 706, 2020, 2016),
  (49, 706, 2021, 2020),
  (131, 706, NULL, 2021),
  (172, 707, 2017, 2013),
  (188, 707, 2018, 2017),
  (167, 707, 2020, 2018),
  (180, 707, 2023, 2020),
  (132, 707, NULL, 2023),
  (63, 708, 2012, 2011),
  (64, 708, 2014, 2012),
  (71, 708, 2017, 2014),
  (32, 708, 2021, 2017),
  (133, 708, NULL, 2021),
  (12, 709, 2013, 2011),
  (39, 709, 2016, 2013),
  (134, 709, NULL, 2016),
  (38, 710, 2020, 2017),
  (20, 710, 2023, 2020),
  (10, 710, 2024, 2023),
  (135, 710, NULL, 2024),
  (63, 711, 2016, 2012),
  (37, 711, 2017, 2016),
  (136, 711, NULL, 2017),
  (14, 712, 2012, 2011),
  (21, 712, 2014, 2012),
  (121, 712, 2017, 2014),
  (64, 712, 2021, 2017),
  (27, 712, 2022, 2021),
  (137, 712, NULL, 2022),
  (100, 713, 2020, 2018),
  (27, 713, 2023, 2020),
  (104, 713, 2024, 2023),
  (138, 713, NULL, 2024),
  (166, 714, 2022, 2019),
  (172, 714, 2023, 2022),
  (189, 714, 2024, 2023),
  (139, 714, NULL, 2024),
  (53, 715, 2013, 2009),
  (50, 715, 2014, 2013),
  (45, 715, 2016, 2014),
  (189, 715, 2019, 2016),
  (140, 715, NULL, 2019),
  (162, 716, 2017, 2016),
  (154, 716, 2019, 2017),
  (141, 716, NULL, 2019),
  (13, 717, 2009, 2007),
  (14, 717, 2012, 2009),
  (64, 717, 2016, 2012),
  (27, 717, 2017, 2016),
  (32, 717, 2019, 2017),
  (142, 717, NULL, 2019),
  (38, 718, 2011, 2008),
  (64, 718, 2015, 2011),
  (143, 718, NULL, 2015),
  (56, 719, 2016, 2012),
  (177, 719, 2017, 2016),
  (144, 719, NULL, 2017),
  (47, 720, 2008, 2007),
  (170, 720, 2010, 2008),
  (145, 720, NULL, 2010),
  (45, 721, 2012, 2010),
  (46, 721, 2015, 2012),
  (146, 721, NULL, 2015),
  (43, 722, 2012, 2009),
  (46, 722, 2016, 2012),
  (166, 722, 2017, 2016),
  (177, 722, 2019, 2017),
  (50, 722, 2022, 2019),
  (147, 722, NULL, 2022),
  (180, 723, 2022, 2018),
  (56, 723, 2023, 2022),
  (148, 723, NULL, 2023),
  (38, 724, 2009, 2008),
  (41, 724, 2011, 2009),
  (9, 724, 2014, 2011),
  (149, 724, NULL, 2014),
  (23, 725, 2019, 2017),
  (4, 725, 2022, 2019),
  (93, 725, 2023, 2022),
  (87, 725, 2024, 2023),
  (150, 725, NULL, 2024),
  (15, 726, 2019, 2016),
  (16, 726, 2023, 2019),
  (76, 726, 2024, 2023),
  (151, 726, NULL, 2024),
  (22, 727, 2016, 2012),
  (116, 727, 2017, 2016),
  (152, 727, NULL, 2017),
  (40, 728, 2013, 2012),
  (118, 728, 2015, 2013),
  (153, 728, NULL, 2015),
  (11, 729, 2011, 2009),
  (104, 729, 2014, 2011),
  (4, 729, 2018, 2014),
  (154, 729, NULL, 2018),
  (190, 730, 2015, 2012),
  (169, 730, 2019, 2015),
  (167, 730, 2020, 2019),
  (166, 730, 2022, 2020),
  (43, 730, 2024, 2022),
  (155, 730, NULL, 2024),
  (167, 731, 2019, 2015),
  (45, 731, 2020, 2019),
  (191, 731, 2022, 2020),
  (156, 731, NULL, 2022),
  (60, 732, 2011, 2010),
  (161, 732, 2013, 2011),
  (155, 732, 2016, 2013),
  (58, 732, 2020, 2016),
  (59, 732, 2021, 2020),
  (157, 732, NULL, 2021),
  (42, 733, 2019, 2017),
  (122, 733, 2022, 2019),
  (28, 733, 2023, 2022),
  (34, 733, 2024, 2023),
  (158, 733, NULL, 2024),
  (127, 734, 2011, 2008),
  (42, 734, 2015, 2011),
  (11, 734, 2016, 2015),
  (40, 734, 2018, 2016),
  (13, 734, 2021, 2018),
  (159, 734, NULL, 2021),
  (183, 735, 2020, 2019),
  (44, 735, 2021, 2020),
  (47, 735, 2022, 2021),
  (54, 735, 2023, 2022),
  (180, 735, 2024, 2023),
  (160, 735, NULL, 2024),
  (47, 736, 2019, 2018),
  (166, 736, 2021, 2019),
  (190, 736, 2022, 2021),
  (46, 736, 2023, 2022),
  (189, 736, 2024, 2023),
  (161, 736, NULL, 2024),
  (43, 737, 2020, 2019),
  (180, 737, 2021, 2020),
  (52, 737, 2022, 2021),
  (167, 737, 2023, 2022),
  (188, 737, 2024, 2023),
  (162, 737, NULL, 2024),
  (177, 738, 2022, 2020),
  (45, 738, 2023, 2022),
  (173, 738, 2024, 2023),
  (163, 738, NULL, 2024),
  (167, 739, 2021, 2020),
  (56, 739, 2022, 2021),
  (166, 739, 2023, 2022),
  (170, 739, 2024, 2023),
  (164, 739, NULL, 2024),
  (27, 740, 2009, 2008),
  (67, 740, 2011, 2009),
  (165, 740, NULL, 2011),
  (13, 741, 2016, 2014),
  (10, 741, 2019, 2016),
  (92, 741, 2023, 2019),
  (166, 741, NULL, 2023),
  (3, 742, 2009, 2006),
  (75, 742, 2013, 2009),
  (83, 742, 2014, 2013),
  (167, 742, NULL, 2014),
  (111, 743, 2019, 2015),
  (14, 743, 2020, 2019),
  (168, 743, NULL, 2020),
  (21, 744, 2008, 2007),
  (38, 744, 2010, 2008),
  (22, 744, 2013, 2010),
  (169, 744, NULL, 2013),
  (4, 745, 2015, 2013),
  (98, 745, 2018, 2015),
  (3, 745, 2022, 2018),
  (170, 745, NULL, 2022),
  (189, 746, 2018, 2015),
  (177, 746, 2022, 2018),
  (171, 746, NULL, 2022),
  (169, 747, 2010, 2006),
  (170, 747, 2011, 2010),
  (48, 747, 2013, 2011),
  (173, 747, 2016, 2013),
  (172, 747, NULL, 2016),
  (162, 748, 2009, 2008),
  (153, 748, 2011, 2009),
  (173, 748, NULL, 2011),
  (39, 749, 2020, 2018),
  (22, 749, 2021, 2020),
  (124, 749, 2022, 2021),
  (34, 749, 2023, 2022),
  (42, 749, 2024, 2023),
  (174, 749, NULL, 2024),
  (40, 750, 2021, 2019),
  (11, 750, 2022, 2021),
  (3, 750, 2023, 2022),
  (39, 750, 2024, 2023),
  (175, 750, NULL, 2024),
  (177, 751, 2011, 2007),
  (190, 751, 2012, 2011),
  (178, 751, 2014, 2012),
  (173, 751, 2017, 2014),
  (166, 751, 2021, 2017),
  (176, 751, NULL, 2021),
  (52, 752, 2020, 2019),
  (190, 752, 2022, 2020),
  (170, 752, 2024, 2022),
  (177, 752, NULL, 2024),
  (192, 753, 2018, 2016),
  (44, 753, 2021, 2018),
  (47, 753, 2022, 2021),
  (56, 753, 2023, 2022),
  (167, 753, 2024, 2023),
  (178, 753, NULL, 2024),
  (173, 754, 2020, 2019),
  (167, 754, 2021, 2020),
  (44, 754, 2022, 2021),
  (170, 754, 2023, 2022),
  (169, 754, 2024, 2023),
  (179, 754, NULL, 2024),
  (55, 755, 2020, 2016),
  (56, 755, 2021, 2020),
  (192, 755, 2023, 2021),
  (191, 755, 2024, 2023),
  (180, 755, NULL, 2024),
  (71, 756, 2021, 2020),
  (13, 756, 2023, 2021),
  (181, 756, NULL, 2023),
  (12, 757, 2016, 2014),
  (22, 757, 2019, 2016),
  (93, 757, 2023, 2019),
  (182, 757, NULL, 2023),
  (28, 758, 2015, 2012),
  (11, 758, 2019, 2015),
  (37, 758, 2020, 2019),
  (64, 758, 2022, 2020),
  (4, 758, 2024, 2022),
  (183, 758, NULL, 2024),
  (111, 759, 2021, 2020),
  (35, 759, 2022, 2021),
  (63, 759, 2023, 2022),
  (34, 759, 2024, 2023),
  (184, 759, NULL, 2024),
  (121, 760, 2018, 2017),
  (34, 760, 2020, 2018),
  (3, 760, 2023, 2020),
  (37, 760, 2024, 2023),
  (185, 760, NULL, 2024),
  (4, 761, 2017, 2015),
  (13, 761, 2020, 2017),
  (186, 761, NULL, 2020),
  (50, 762, 2013, 2010),
  (51, 762, 2017, 2013),
  (53, 762, 2018, 2017),
  (46, 762, 2020, 2018),
  (187, 762, NULL, 2020),
  (56, 763, 2012, 2008),
  (190, 763, 2013, 2012),
  (188, 763, NULL, 2013),
  (59, 764, 2017, 2016),
  (162, 764, 2019, 2017),
  (161, 764, 2022, 2019),
  (155, 764, 2024, 2022),
  (189, 764, NULL, 2024),
  (40, 765, 2017, 2015),
  (32, 765, 2020, 2017),
  (27, 765, 2023, 2020),
  (64, 765, 2024, 2023),
  (190, 765, NULL, 2024),
  (41, 766, 2015, 2012),
  (64, 766, 2019, 2015),
  (127, 766, 2020, 2019),
  (10, 766, 2022, 2020),
  (191, 766, NULL, 2022),
  (50, 767, 2021, 2017),
  (167, 767, 2022, 2021),
  (192, 767, NULL, 2022),
  (172, 768, 2019, 2018),
  (183, 768, 2021, 2019),
  (191, 768, 2022, 2021),
  (48, 768, 2023, 2022),
  (167, 768, 2024, 2023),
  (2, 768, NULL, 2024),
  (188, 769, 2009, 2007),
  (167, 769, 2012, 2009),
  (54, 769, 2016, 2012),
  (3, 769, NULL, 2016),
  (183, 770, 2016, 2013),
  (166, 770, 2020, 2016),
  (167, 770, 2021, 2020),
  (45, 770, 2023, 2021),
  (43, 770, 2024, 2023),
  (4, 770, NULL, 2024),
  (177, 771, 2014, 2010),
  (167, 771, 2015, 2014),
  (189, 771, 2017, 2015),
  (192, 771, 2020, 2017),
  (191, 771, 2024, 2020),
  (5, 771, NULL, 2024),
  (66, 772, 2007, 2006),
  (22, 772, 2009, 2007),
  (19, 772, 2012, 2009),
  (37, 772, 2016, 2012),
  (64, 772, 2017, 2016),
  (6, 772, NULL, 2017),
  (33, 773, 2017, 2015),
  (92, 773, 2020, 2017),
  (94, 773, 2024, 2020),
  (7, 773, NULL, 2024),
  (63, 774, 2012, 2009),
  (12, 774, 2016, 2012),
  (13, 774, 2017, 2016),
  (8, 774, NULL, 2017),
  (114, 775, 2016, 2012),
  (14, 775, 2017, 2016),
  (27, 775, 2019, 2017),
  (63, 775, 2022, 2019),
  (9, 775, NULL, 2022),
  (34, 776, 2007, 2006),
  (32, 776, 2009, 2007),
  (121, 776, 2012, 2009),
  (10, 776, NULL, 2012),
  (64, 777, 2013, 2011),
  (2, 777, 2016, 2013),
  (42, 777, 2020, 2016),
  (31, 777, 2021, 2020),
  (102, 777, 2023, 2021),
  (11, 777, NULL, 2023),
  (166, 778, 2012, 2009),
  (44, 778, 2016, 2012),
  (189, 778, 2017, 2016),
  (12, 778, NULL, 2017),
  (53, 779, 2016, 2012),
  (169, 779, 2017, 2016),
  (173, 779, 2019, 2017),
  (13, 779, NULL, 2019),
  (59, 780, 2012, 2011),
  (155, 780, 2014, 2012),
  (154, 780, 2017, 2014),
  (14, 780, NULL, 2017),
  (33, 781, 2009, 2007),
  (42, 781, 2012, 2009),
  (10, 781, 2016, 2012),
  (15, 781, NULL, 2016),
  (37, 782, 2009, 2006),
  (2, 782, 2013, 2009),
  (19, 782, 2014, 2013),
  (11, 782, 2016, 2014),
  (129, 782, 2019, 2016),
  (16, 782, NULL, 2019),
  (43, 783, 2016, 2012),
  (54, 783, 2017, 2016),
  (49, 783, 2019, 2017),
  (192, 783, 2022, 2019),
  (17, 783, NULL, 2022),
  (55, 784, 2010, 2009),
  (177, 784, 2012, 2010),
  (18, 784, NULL, 2012),
  (46, 785, 2009, 2007),
  (178, 785, 2012, 2009),
  (172, 785, 2016, 2012),
  (19, 785, NULL, 2016),
  (169, 786, 2012, 2009),
  (180, 786, 2016, 2012),
  (170, 786, 2017, 2016),
  (47, 786, 2019, 2017),
  (173, 786, 2022, 2019),
  (20, 786, NULL, 2022),
  (189, 787, 2019, 2015),
  (192, 787, 2020, 2019),
  (167, 787, 2022, 2020),
  (21, 787, NULL, 2022),
  (40, 788, 2012, 2011),
  (65, 788, 2014, 2012),
  (4, 788, 2017, 2014),
  (10, 788, 2021, 2017),
  (22, 788, NULL, 2021),
  (20, 789, 2015, 2013),
  (4, 789, 2018, 2015),
  (11, 789, 2022, 2018),
  (94, 789, 2023, 2022),
  (3, 789, 2024, 2023),
  (23, 789, NULL, 2024),
  (64, 790, 2016, 2013),
  (22, 790, 2020, 2016),
  (33, 790, 2021, 2020),
  (13, 790, 2023, 2021),
  (85, 790, 2024, 2023),
  (24, 790, NULL, 2024),
  (32, 791, 2013, 2009),
  (11, 791, 2014, 2013),
  (25, 791, NULL, 2014),
  (22, 792, 2013, 2012),
  (34, 792, 2015, 2013),
  (26, 792, NULL, 2015),
  (102, 793, 2016, 2014),
  (42, 793, 2019, 2016),
  (27, 793, NULL, 2019),
  (56, 794, 2016, 2013),
  (169, 794, 2020, 2016),
  (48, 794, 2021, 2020),
  (28, 794, NULL, 2021),
  (169, 795, 2023, 2019),
  (188, 795, 2024, 2023),
  (29, 795, NULL, 2024),
  (59, 796, 2012, 2011),
  (153, 796, 2014, 2012),
  (152, 796, 2017, 2014),
  (58, 796, 2021, 2017),
  (154, 796, 2022, 2021),
  (30, 796, NULL, 2022),
  (2, 797, 2021, 2019),
  (37, 797, 2022, 2021),
  (4, 797, 2023, 2022),
  (20, 797, 2024, 2023),
  (31, 797, NULL, 2024),
  (22, 798, 2017, 2014),
  (2, 798, 2021, 2017),
  (27, 798, 2022, 2021),
  (38, 798, 2024, 2022),
  (32, 798, NULL, 2024),
  (192, 799, 2015, 2011),
  (52, 799, 2016, 2015),
  (53, 799, 2018, 2016),
  (55, 799, 2021, 2018),
  (178, 799, 2024, 2021),
  (33, 799, NULL, 2024),
  (47, 800, 2015, 2014),
  (172, 800, 2017, 2015),
  (191, 800, 2020, 2017),
  (34, 800, NULL, 2020),
  (53, 801, 2020, 2018),
  (50, 801, 2023, 2020),
  (35, 801, NULL, 2023),
  (183, 802, 2010, 2007),
  (44, 802, 2014, 2010),
  (173, 802, 2015, 2014),
  (177, 802, 2017, 2015),
  (43, 802, 2020, 2017),
  (36, 802, NULL, 2020),
  (55, 803, 2019, 2015),
  (169, 803, 2020, 2019),
  (183, 803, 2022, 2020),
  (37, 803, NULL, 2022),
  (11, 804, 2011, 2010),
  (12, 804, 2013, 2011),
  (38, 804, NULL, 2013),
  (20, 805, 2020, 2019),
  (22, 805, 2021, 2020),
  (2, 805, 2022, 2021),
  (96, 805, 2023, 2022),
  (33, 805, 2024, 2023),
  (39, 805, NULL, 2024),
  (78, 806, 2015, 2012),
  (21, 806, 2019, 2015),
  (10, 806, 2020, 2019),
  (18, 806, 2022, 2020),
  (82, 806, 2024, 2022),
  (40, 806, NULL, 2024),
  (2, 807, 2013, 2009),
  (63, 807, 2014, 2013),
  (36, 807, 2016, 2014),
  (40, 807, 2019, 2016),
  (22, 807, 2023, 2019),
  (41, 807, NULL, 2023),
  (121, 808, 2020, 2019),
  (2, 808, 2022, 2020),
  (42, 808, NULL, 2022),
  (10, 809, 2009, 2007),
  (106, 809, 2012, 2009),
  (43, 809, NULL, 2012),
  (52, 810, 2019, 2016),
  (172, 810, 2022, 2019),
  (192, 810, 2023, 2022),
  (170, 810, 2024, 2023),
  (44, 810, NULL, 2024),
  (47, 811, 2019, 2015),
  (170, 811, 2020, 2019),
  (56, 811, 2022, 2020),
  (55, 811, 2024, 2022),
  (45, 811, NULL, 2024),
  (152, 812, 2019, 2018),
  (60, 812, 2021, 2019),
  (57, 812, 2024, 2021),
  (46, 812, NULL, 2024),
  (63, 813, 2012, 2010),
  (11, 813, 2015, 2012),
  (47, 813, NULL, 2015),
  (127, 814, 2013, 2010),
  (13, 814, 2017, 2013),
  (48, 814, NULL, 2017),
  (178, 815, 2018, 2014),
  (48, 815, 2019, 2018),
  (49, 815, NULL, 2019),
  (192, 816, 2018, 2017),
  (178, 816, 2020, 2018),
  (50, 816, NULL, 2020),
  (54, 817, 2011, 2009),
  (53, 817, 2014, 2011),
  (183, 817, 2018, 2014),
  (48, 817, 2019, 2018),
  (51, 817, NULL, 2019),
  (49, 818, 2012, 2009),
  (169, 818, 2016, 2012),
  (52, 818, NULL, 2016),
  (51, 819, 2012, 2008),
  (54, 819, 2013, 2012),
  (192, 819, 2015, 2013),
  (178, 819, 2018, 2015),
  (169, 819, 2022, 2018),
  (53, 819, NULL, 2022),
  (39, 820, 2019, 2018),
  (14, 820, 2021, 2019),
  (4, 820, 2022, 2021),
  (21, 820, 2023, 2022),
  (64, 820, 2024, 2023),
  (54, 820, NULL, 2024),
  (34, 821, 2010, 2008),
  (64, 821, 2013, 2010),
  (24, 821, 2017, 2013),
  (92, 821, 2018, 2017),
  (89, 821, 2020, 2018),
  (55, 821, NULL, 2020),
  (75, 822, 2021, 2018),
  (18, 822, 2022, 2021),
  (77, 822, 2023, 2022),
  (38, 822, 2024, 2023),
  (56, 822, NULL, 2024),
  (64, 823, 2014, 2010),
  (38, 823, 2015, 2014),
  (36, 823, 2017, 2015),
  (22, 823, 2020, 2017),
  (57, 823, NULL, 2020),
  (120, 824, 2007, 2006),
  (2, 824, 2009, 2007),
  (27, 824, 2012, 2009),
  (64, 824, 2016, 2012),
  (58, 824, NULL, 2016),
  (64, 825, 2008, 2006),
  (101, 825, 2011, 2008),
  (59, 825, NULL, 2011),
  (166, 826, 2019, 2016),
  (55, 826, 2023, 2019),
  (178, 826, 2024, 2023),
  (60, 826, NULL, 2024),
  (177, 827, 2021, 2018),
  (54, 827, 2022, 2021),
  (56, 827, 2023, 2022),
  (43, 827, 2024, 2023),
  (61, 827, NULL, 2024),
  (60, 828, 2007, 2006),
  (161, 828, 2009, 2007),
  (152, 828, 2012, 2009),
  (62, 828, NULL, 2012),
  (10, 829, 2019, 2017),
  (41, 829, 2022, 2019),
  (20, 829, 2023, 2022),
  (22, 829, 2024, 2023),
  (63, 829, NULL, 2024),
  (11, 830, 2014, 2011),
  (40, 830, 2018, 2014),
  (38, 830, 2019, 2018),
  (64, 830, NULL, 2019),
  (169, 831, 2022, 2018),
  (55, 831, 2023, 2022),
  (43, 831, 2024, 2023),
  (65, 831, NULL, 2024),
  (188, 832, 2009, 2008),
  (166, 832, 2011, 2009),
  (51, 832, 2014, 2011),
  (66, 832, NULL, 2014),
  (47, 833, 2013, 2011),
  (188, 833, 2016, 2013),
  (51, 833, 2020, 2016),
  (166, 833, 2021, 2020),
  (67, 833, NULL, 2021),
  (49, 834, 2013, 2010),
  (170, 834, 2017, 2013),
  (166, 834, 2018, 2017),
  (177, 834, 2020, 2018),
  (68, 834, NULL, 2020),
  (180, 835, 2014, 2010),
  (189, 835, 2015, 2014),
  (170, 835, 2017, 2015),
  (55, 835, 2020, 2017),
  (69, 835, NULL, 2020),
  (9, 836, 2010, 2009),
  (32, 836, 2012, 2010),
  (40, 836, 2015, 2012),
  (70, 836, NULL, 2015),
  (33, 837, 2012, 2010),
  (42, 837, 2015, 2012),
  (3, 837, 2019, 2015),
  (24, 837, 2020, 2019),
  (14, 837, 2022, 2020),
  (71, 837, NULL, 2022),
  (82, 838, 2020, 2017),
  (3, 838, 2022, 2020),
  (84, 838, 2023, 2022),
  (4, 838, 2024, 2023),
  (72, 838, NULL, 2024),
  (34, 839, 2023, 2020),
  (35, 839, 2024, 2023),
  (73, 839, NULL, 2024),
  (121, 840, 2020, 2019),
  (119, 840, 2022, 2020),
  (13, 840, 2023, 2022),
  (21, 840, 2024, 2023),
  (74, 840, NULL, 2024),
  (21, 841, 2009, 2007),
  (29, 841, 2012, 2009),
  (33, 841, 2016, 2012),
  (75, 841, NULL, 2016),
  (45, 842, 2017, 2014),
  (44, 842, 2021, 2017),
  (178, 842, 2022, 2021),
  (50, 842, 2024, 2022),
  (76, 842, NULL, 2024),
  (192, 843, 2013, 2009),
  (172, 843, 2014, 2013),
  (173, 843, 2016, 2014),
  (55, 843, 2019, 2016),
  (178, 843, 2023, 2019),
  (77, 843, NULL, 2023),
  (60, 844, 2014, 2013),
  (58, 844, 2016, 2014),
  (162, 844, 2019, 2016),
  (57, 844, 2023, 2019),
  (153, 844, 2024, 2023),
  (78, 844, NULL, 2024),
  (123, 845, 2019, 2017),
  (28, 845, 2022, 2019),
  (38, 845, 2024, 2022),
  (79, 845, NULL, 2024),
  (13, 846, 2012, 2009),
  (28, 846, 2016, 2012),
  (80, 846, NULL, 2016),
  (188, 847, 2020, 2019),
  (170, 847, 2021, 2020),
  (169, 847, 2022, 2021),
  (51, 847, 2023, 2022),
  (180, 847, 2024, 2023),
  (81, 847, NULL, 2024),
  (45, 848, 2008, 2007),
  (52, 848, 2010, 2008),
  (49, 848, 2013, 2010),
  (180, 848, 2017, 2013),
  (82, 848, NULL, 2017),
  (49, 849, 2010, 2008),
  (48, 849, 2013, 2010),
  (56, 849, 2017, 2013),
  (170, 849, 2018, 2017),
  (83, 849, NULL, 2018),
  (180, 850, 2017, 2014),
  (166, 850, 2021, 2017),
  (177, 850, 2022, 2021),
  (84, 850, NULL, 2022),
  (191, 851, 2015, 2011),
  (190, 851, 2016, 2015),
  (183, 851, 2018, 2016),
  (54, 851, 2021, 2018),
  (85, 851, NULL, 2021),
  (38, 852, 2011, 2010),
  (5, 852, 2013, 2011),
  (66, 852, 2016, 2013),
  (67, 852, 2020, 2016),
  (86, 852, NULL, 2020),
  (27, 853, 2020, 2018),
  (25, 853, 2021, 2020),
  (40, 853, 2022, 2021),
  (26, 853, 2023, 2022),
  (64, 853, 2024, 2023),
  (87, 853, NULL, 2024),
  (75, 854, 2015, 2012),
  (17, 854, 2019, 2015),
  (10, 854, 2020, 2019),
  (82, 854, 2022, 2020),
  (15, 854, 2024, 2022),
  (88, 854, NULL, 2024),
  (13, 855, 2011, 2007),
  (20, 855, 2012, 2011),
  (41, 855, 2014, 2012),
  (4, 855, 2017, 2014),
  (14, 855, 2021, 2017),
  (89, 855, NULL, 2021),
  (42, 856, 2008, 2007),
  (34, 856, 2010, 2008),
  (14, 856, 2013, 2010),
  (90, 856, NULL, 2013),
  (98, 857, 2017, 2015),
  (21, 857, 2020, 2017),
  (91, 857, NULL, 2020),
  (55, 858, 2020, 2018),
  (188, 858, 2021, 2020),
  (44, 858, 2022, 2021),
  (47, 858, 2023, 2022),
  (48, 858, 2024, 2023),
  (92, 858, NULL, 2024),
  (190, 859, 2011, 2007),
  (54, 859, 2012, 2011),
  (172, 859, 2014, 2012),
  (191, 859, 2017, 2014),
  (189, 859, 2021, 2017),
  (93, 859, NULL, 2021),
  (153, 860, 2013, 2012),
  (59, 860, 2015, 2013),
  (152, 860, 2018, 2015),
  (58, 860, 2022, 2018),
  (94, 860, NULL, 2022),
  (63, 861, 2018, 2016),
  (64, 861, 2021, 2018),
  (28, 861, 2024, 2021),
  (95, 861, NULL, 2024),
  (21, 862, 2009, 2006),
  (129, 862, 2013, 2009),
  (27, 862, 2014, 2013),
  (96, 862, NULL, 2014),
  (53, 863, 2021, 2017),
  (169, 863, 2022, 2021),
  (97, 863, NULL, 2022),
  (52, 864, 2015, 2014),
  (55, 864, 2017, 2015),
  (54, 864, 2020, 2017),
  (98, 864, NULL, 2020),
  (43, 865, 2020, 2018),
  (177, 865, 2021, 2020),
  (167, 865, 2022, 2021),
  (52, 865, 2023, 2022),
  (180, 865, 2024, 2023),
  (99, 865, NULL, 2024),
  (180, 866, 2010, 2007),
  (49, 866, 2014, 2010),
  (178, 866, 2015, 2014),
  (100, 866, NULL, 2015),
  (183, 867, 2010, 2006),
  (180, 867, 2011, 2010),
  (54, 867, 2013, 2011),
  (170, 867, 2016, 2013),
  (53, 867, 2020, 2016),
  (101, 867, NULL, 2020),
  (37, 868, 2009, 2008),
  (5, 868, 2011, 2009),
  (102, 868, NULL, 2011),
  (4, 869, 2009, 2007),
  (25, 869, 2012, 2009),
  (103, 869, NULL, 2012),
  (34, 870, 2009, 2006),
  (21, 870, 2013, 2009),
  (80, 870, 2014, 2013),
  (104, 870, NULL, 2014),
  (35, 871, 2020, 2018),
  (110, 871, 2021, 2020),
  (11, 871, 2022, 2021),
  (10, 871, 2023, 2022),
  (34, 871, 2024, 2023),
  (105, 871, NULL, 2024),
  (39, 872, 2011, 2010),
  (42, 872, 2013, 2011),
  (63, 872, 2016, 2013),
  (12, 872, 2020, 2016),
  (106, 872, NULL, 2020),
  (100, 873, 2016, 2014),
  (10, 873, 2019, 2016),
  (107, 873, NULL, 2019),
  (52, 874, 2009, 2006),
  (177, 874, 2013, 2009),
  (166, 874, 2014, 2013),
  (46, 874, 2016, 2014),
  (108, 874, NULL, 2016),
  (51, 875, 2021, 2017),
  (56, 875, 2022, 2021),
  (191, 875, 2023, 2022),
  (177, 875, 2024, 2023),
  (109, 875, NULL, 2024),
  (57, 876, 2014, 2013),
  (161, 876, 2016, 2014),
  (153, 876, 2019, 2016),
  (60, 876, 2023, 2019),
  (110, 876, NULL, 2023),
  (41, 877, 2022, 2020),
  (21, 877, 2023, 2022),
  (125, 877, 2024, 2023),
  (111, 877, NULL, 2024),
  (38, 878, 2022, 2019),
  (14, 878, 2024, 2022),
  (112, 878, NULL, 2024),
  (192, 879, 2022, 2018),
  (47, 879, 2023, 2022),
  (43, 879, 2024, 2023),
  (113, 879, NULL, 2024),
  (167, 880, 2011, 2010),
  (170, 880, 2013, 2011),
  (178, 880, 2016, 2013),
  (192, 880, 2020, 2016),
  (114, 880, NULL, 2020),
  (172, 881, 2019, 2017),
  (56, 881, 2021, 2019),
  (47, 881, 2022, 2021),
  (55, 881, 2023, 2022),
  (188, 881, 2024, 2023),
  (115, 881, NULL, 2024),
  (44, 882, 2019, 2016),
  (48, 882, 2023, 2019),
  (169, 882, 2024, 2023),
  (116, 882, NULL, 2024),
  (173, 883, 2018, 2014),
  (189, 883, 2019, 2018),
  (188, 883, 2021, 2019),
  (54, 883, 2023, 2021),
  (191, 883, 2024, 2023),
  (117, 883, NULL, 2024),
  (32, 884, 2016, 2015),
  (6, 884, 2018, 2016),
  (118, 884, NULL, 2018),
  (10, 885, 2016, 2014),
  (40, 885, 2019, 2016),
  (119, 885, NULL, 2019),
  (16, 886, 2021, 2018),
  (81, 886, 2022, 2021),
  (37, 886, 2023, 2022),
  (39, 886, 2024, 2023),
  (120, 886, NULL, 2024),
  (4, 887, 2022, 2019),
  (11, 887, 2023, 2022),
  (109, 887, 2024, 2023),
  (121, 887, NULL, 2024),
  (28, 888, 2017, 2016),
  (21, 888, 2019, 2017),
  (13, 888, 2022, 2019),
  (22, 888, 2024, 2022),
  (122, 888, NULL, 2024),
  (14, 889, 2017, 2015),
  (28, 889, 2020, 2017),
  (104, 889, 2022, 2020),
  (100, 889, 2023, 2022),
  (11, 889, 2024, 2023),
  (123, 889, NULL, 2024),
  (192, 890, 2021, 2018),
  (43, 890, 2024, 2021),
  (124, 890, NULL, 2024),
  (169, 891, 2015, 2011),
  (45, 891, 2016, 2015),
  (56, 891, 2018, 2016),
  (192, 891, 2021, 2018),
  (48, 891, 2024, 2021),
  (125, 891, NULL, 2024),
  (155, 892, 2011, 2010),
  (58, 892, 2013, 2011),
  (60, 892, 2016, 2013),
  (162, 892, 2020, 2016),
  (59, 892, 2021, 2020),
  (126, 892, NULL, 2021),
  (124, 893, 2016, 2014),
  (64, 893, 2019, 2016),
  (127, 893, NULL, 2019),
  (19, 894, 2014, 2011),
  (32, 894, 2018, 2014),
  (63, 894, 2019, 2018),
  (12, 894, 2021, 2019),
  (40, 894, 2024, 2021),
  (128, 894, NULL, 2024),
  (170, 895, 2016, 2012),
  (166, 895, 2017, 2016),
  (129, 895, NULL, 2017),
  (167, 896, 2009, 2008),
  (190, 896, 2011, 2009),
  (56, 896, 2014, 2011),
  (130, 896, NULL, 2014),
  (172, 897, 2011, 2009),
  (56, 897, 2014, 2011),
  (52, 897, 2018, 2014),
  (131, 897, NULL, 2018),
  (46, 898, 2010, 2007),
  (173, 898, 2014, 2010),
  (132, 898, NULL, 2014),
  (172, 899, 2012, 2008),
  (54, 899, 2013, 2012),
  (53, 899, 2015, 2013),
  (133, 899, NULL, 2015),
  (2, 900, 2011, 2010),
  (19, 900, 2013, 2011),
  (38, 900, 2016, 2013),
  (69, 900, 2020, 2016),
  (6, 900, 2021, 2020),
  (134, 900, NULL, 2021),
  (91, 901, 2008, 2006),
  (93, 901, 2011, 2008),
  (88, 901, 2015, 2011),
  (94, 901, 2016, 2015),
  (135, 901, NULL, 2016),
  (76, 902, 2022, 2019),
  (19, 902, 2023, 2022),
  (12, 902, 2024, 2023),
  (136, 902, NULL, 2024),
  (2, 903, 2020, 2016),
  (4, 903, 2021, 2020),
  (34, 903, 2022, 2021),
  (115, 903, 2023, 2022),
  (22, 903, 2024, 2023),
  (137, 903, NULL, 2024),
  (37, 904, 2019, 2018),
  (13, 904, 2021, 2019),
  (22, 904, 2024, 2021),
  (138, 904, NULL, 2024),
  (22, 905, 2008, 2006),
  (107, 905, 2011, 2008),
  (33, 905, 2015, 2011),
  (101, 905, 2016, 2015),
  (139, 905, NULL, 2016),
  (44, 906, 2009, 2006),
  (172, 906, 2013, 2009),
  (192, 906, 2014, 2013),
  (140, 906, NULL, 2014),
  (44, 907, 2021, 2019),
  (188, 907, 2022, 2021),
  (52, 907, 2023, 2022),
  (169, 907, 2024, 2023),
  (141, 907, NULL, 2024),
  (153, 908, 2020, 2019),
  (58, 908, 2022, 2020),
  (142, 908, NULL, 2022),
  (122, 909, 2018, 2016),
  (123, 909, 2021, 2018),
  (2, 909, 2023, 2021),
  (10, 909, 2024, 2023),
  (143, 909, NULL, 2024),
  (64, 910, 2009, 2006),
  (13, 910, 2013, 2009),
  (11, 910, 2014, 2013),
  (39, 910, 2016, 2014),
  (144, 910, NULL, 2016),
  (55, 911, 2020, 2016),
  (180, 911, 2021, 2020),
  (178, 911, 2023, 2021),
  (169, 911, 2024, 2023),
  (145, 911, NULL, 2024),
  (192, 912, 2008, 2007),
  (172, 912, 2010, 2008),
  (49, 912, 2013, 2010),
  (146, 912, NULL, 2013),
  (50, 913, 2009, 2007),
  (191, 913, 2012, 2009),
  (180, 913, 2016, 2012),
  (170, 913, 2017, 2016),
  (147, 913, NULL, 2017),
  (47, 914, 2022, 2020),
  (43, 914, 2023, 2022),
  (172, 914, 2024, 2023),
  (148, 914, NULL, 2024),
  (183, 915, 2013, 2009),
  (170, 915, 2014, 2013),
  (189, 915, 2016, 2014),
  (53, 915, 2019, 2016),
  (149, 915, NULL, 2019),
  (14, 916, 2015, 2014),
  (27, 916, 2017, 2015),
  (8, 916, 2020, 2017),
  (20, 916, 2023, 2020),
  (33, 916, 2024, 2023),
  (150, 916, NULL, 2024),
  (22, 917, 2010, 2008),
  (13, 917, 2013, 2010),
  (151, 917, NULL, 2013),
  (19, 918, 2014, 2011),
  (16, 918, 2018, 2014),
  (38, 918, 2019, 2018),
  (80, 918, 2021, 2019),
  (37, 918, 2024, 2021),
  (152, 918, NULL, 2024),
  (32, 919, 2011, 2007),
  (108, 919, 2012, 2011),
  (21, 919, 2014, 2012),
  (113, 919, 2017, 2014),
  (153, 919, NULL, 2017),
  (11, 920, 2007, 2006),
  (27, 920, 2009, 2007),
  (12, 920, 2012, 2009),
  (3, 920, 2016, 2012),
  (154, 920, NULL, 2016),
  (13, 921, 2017, 2015),
  (107, 921, 2020, 2017),
  (20, 921, 2022, 2020),
  (28, 921, 2023, 2022),
  (42, 921, 2024, 2023),
  (155, 921, NULL, 2024),
  (177, 922, 2020, 2017),
  (46, 922, 2021, 2020),
  (50, 922, 2022, 2021),
  (183, 922, 2023, 2022),
  (188, 922, 2024, 2023),
  (156, 922, NULL, 2024),
  (183, 923, 2020, 2016),
  (188, 923, 2021, 2020),
  (157, 923, NULL, 2021),
  (161, 924, 2020, 2019),
  (58, 924, 2022, 2020),
  (57, 924, 2024, 2022),
  (158, 924, NULL, 2024),
  (3, 925, 2014, 2012),
  (22, 925, 2017, 2014),
  (33, 925, 2021, 2017),
  (14, 925, 2022, 2021),
  (159, 925, NULL, 2022),
  (42, 926, 2014, 2011),
  (127, 926, 2018, 2014),
  (129, 926, 2019, 2018),
  (160, 926, NULL, 2019),
  (180, 927, 2018, 2014),
  (170, 927, 2019, 2018),
  (161, 927, NULL, 2019),
  (188, 928, 2011, 2010),
  (167, 928, 2013, 2011),
  (49, 928, 2016, 2013),
  (162, 928, NULL, 2016),
  (49, 929, 2013, 2011),
  (189, 929, 2016, 2013),
  (46, 929, 2020, 2016),
  (163, 929, NULL, 2020),
  (44, 930, 2019, 2016),
  (47, 930, 2023, 2019),
  (43, 930, 2024, 2023),
  (164, 930, NULL, 2024),
  (192, 931, 2014, 2010),
  (56, 931, 2015, 2014),
  (180, 931, 2017, 2015),
  (165, 931, NULL, 2017),
  (67, 932, 2020, 2019),
  (65, 932, 2022, 2020),
  (71, 932, 2024, 2022),
  (166, 932, NULL, 2024),
  (94, 933, 2020, 2018),
  (87, 933, 2023, 2020),
  (10, 933, 2024, 2023),
  (167, 933, NULL, 2024),
  (80, 934, 2015, 2012),
  (82, 934, 2019, 2015),
  (168, 934, NULL, 2019),
  (41, 935, 2018, 2014),
  (14, 935, 2019, 2018),
  (4, 935, 2021, 2019),
  (112, 935, 2024, 2021),
  (169, 935, NULL, 2024),
  (118, 936, 2008, 2007),
  (21, 936, 2010, 2008),
  (2, 936, 2013, 2010),
  (170, 936, NULL, 2013),
  (31, 937, 2014, 2012),
  (2, 937, 2017, 2014),
  (101, 937, 2021, 2017),
  (10, 937, 2022, 2021),
  (99, 937, 2024, 2022),
  (171, 937, NULL, 2024),
  (52, 938, 2020, 2018),
  (189, 938, 2021, 2020),
  (166, 938, 2022, 2021),
  (169, 938, 2023, 2022),
  (170, 938, 2024, 2023),
  (172, 938, NULL, 2024),
  (189, 939, 2014, 2010),
  (50, 939, 2015, 2014),
  (51, 939, 2017, 2015),
  (192, 939, 2020, 2017),
  (173, 939, NULL, 2020),
  (155, 940, 2010, 2009),
  (58, 940, 2012, 2010),
  (152, 940, 2015, 2012),
  (174, 940, NULL, 2015),
  (33, 941, 2020, 2019),
  (122, 941, 2021, 2020),
  (39, 941, 2022, 2021),
  (10, 941, 2023, 2022),
  (123, 941, 2024, 2023),
  (175, 941, NULL, 2024),
  (21, 942, 2014, 2011),
  (4, 942, 2018, 2014),
  (34, 942, 2019, 2018),
  (20, 942, 2021, 2019),
  (176, 942, NULL, 2021),
  (178, 943, 2021, 2017),
  (56, 943, 2022, 2021),
  (177, 943, NULL, 2022),
  (56, 944, 2007, 2006),
  (191, 944, 2009, 2007),
  (47, 944, 2012, 2009),
  (50, 944, 2016, 2012),
  (178, 944, NULL, 2016),
  (170, 945, 2011, 2009),
  (49, 945, 2014, 2011),
  (56, 945, 2018, 2014),
  (169, 945, 2019, 2018),
  (179, 945, NULL, 2019),
  (178, 946, 2022, 2019),
  (45, 946, 2023, 2022),
  (47, 946, 2024, 2023),
  (180, 946, NULL, 2024),
  (54, 947, 2016, 2012),
  (189, 947, 2017, 2016),
  (183, 947, 2019, 2017),
  (181, 947, NULL, 2019),
  (22, 948, 2020, 2019),
  (19, 948, 2022, 2020),
  (12, 948, 2023, 2022),
  (72, 948, 2024, 2023),
  (182, 948, NULL, 2024),
  (34, 949, 2017, 2015),
  (92, 949, 2020, 2017),
  (183, 949, NULL, 2020),
  (63, 950, 2014, 2011),
  (27, 950, 2018, 2014),
  (39, 950, 2019, 2018),
  (28, 950, 2021, 2019),
  (42, 950, 2024, 2021),
  (184, 950, NULL, 2024),
  (10, 951, 2022, 2020),
  (111, 951, 2023, 2022),
  (35, 951, 2024, 2023),
  (185, 951, NULL, 2024),
  (63, 952, 2018, 2017),
  (11, 952, 2020, 2018),
  (118, 952, 2022, 2020),
  (13, 952, 2023, 2022),
  (10, 952, 2024, 2023),
  (186, 952, NULL, 2024),
  (97, 953, 2009, 2007),
  (14, 953, 2012, 2009),
  (187, 953, NULL, 2012),
  (52, 954, 2010, 2007),
  (50, 954, 2014, 2010),
  (47, 954, 2015, 2014),
  (43, 954, 2017, 2015),
  (188, 954, NULL, 2017),
  (172, 955, 2014, 2010),
  (50, 955, 2015, 2014),
  (45, 955, 2017, 2015),
  (170, 955, 2020, 2017),
  (189, 955, NULL, 2020),
  (154, 956, 2013, 2012),
  (58, 956, 2015, 2013),
  (190, 956, NULL, 2015),
  (34, 957, 2012, 2010),
  (33, 957, 2015, 2012),
  (28, 957, 2019, 2015),
  (122, 957, 2020, 2019),
  (191, 957, NULL, 2020),
  (12, 958, 2010, 2007),
  (19, 958, 2014, 2010),
  (64, 958, 2015, 2014),
  (3, 958, 2017, 2015),
  (10, 958, 2020, 2017),
  (192, 958, NULL, 2020),
  (191, 959, 2011, 2007),
  (170, 959, 2012, 2011),
  (169, 959, 2014, 2012),
  (52, 959, 2017, 2014),
  (2, 959, NULL, 2017),
  (180, 960, 2019, 2018),
  (46, 960, 2021, 2019),
  (169, 960, 2023, 2021),
  (172, 960, 2024, 2023),
  (3, 960, NULL, 2024),
  (191, 961, 2022, 2020),
  (166, 961, 2024, 2022),
  (4, 961, NULL, 2024),
  (167, 962, 2018, 2015),
  (45, 962, 2022, 2018),
  (180, 962, 2023, 2022),
  (5, 962, NULL, 2023),
  (183, 963, 2022, 2019),
  (53, 963, 2023, 2022),
  (188, 963, 2024, 2023),
  (6, 963, NULL, 2024),
  (8, 964, 2013, 2012),
  (37, 964, 2015, 2013),
  (71, 964, 2018, 2015),
  (74, 964, 2022, 2018),
  (7, 964, NULL, 2022),
  (92, 965, 2020, 2018),
  (12, 965, 2021, 2020),
  (21, 965, 2022, 2021),
  (63, 965, 2023, 2022),
  (89, 965, 2024, 2023),
  (8, 965, NULL, 2024),
  (75, 966, 2012, 2009),
  (32, 966, 2016, 2012),
  (9, 966, NULL, 2016),
  (27, 967, 2015, 2011),
  (37, 967, 2016, 2015),
  (39, 967, 2018, 2016),
  (10, 967, NULL, 2018),
  (33, 968, 2007, 2006),
  (41, 968, 2009, 2007),
  (11, 968, NULL, 2009),
  (29, 969, 2010, 2008),
  (42, 969, 2013, 2010),
  (19, 969, 2017, 2013),
  (10, 969, 2018, 2017),
  (41, 969, 2020, 2018),
  (12, 969, NULL, 2020),
  (188, 970, 2013, 2010),
  (54, 970, 2017, 2013),
  (48, 970, 2018, 2017),
  (13, 970, NULL, 2018),
  (50, 971, 2017, 2013),
  (177, 971, 2018, 2017),
  (52, 971, 2020, 2018),
  (14, 971, NULL, 2020),
  (153, 972, 2017, 2016),
  (57, 972, 2019, 2017),
  (58, 972, 2022, 2019),
  (60, 972, 2024, 2022),
  (15, 972, NULL, 2024),
  (33, 973, 2019, 2017),
  (34, 973, 2022, 2019),
  (21, 973, 2023, 2022),
  (32, 973, 2024, 2023),
  (16, 973, NULL, 2024),
  (40, 974, 2013, 2010),
  (13, 974, 2017, 2013),
  (17, 974, NULL, 2017),
  (192, 975, 2019, 2015),
  (53, 975, 2020, 2019),
  (170, 975, 2022, 2020),
  (47, 975, 2024, 2022),
  (18, 975, NULL, 2024),
  (51, 976, 2009, 2008),
  (45, 976, 2011, 2009),
  (44, 976, 2014, 2011),
  (47, 976, 2018, 2014),
  (180, 976, 2019, 2018),
  (19, 976, NULL, 2019),
  (183, 977, 2018, 2016),
  (43, 977, 2021, 2018),
  (20, 977, NULL, 2021),
  (173, 978, 2020, 2017),
  (183, 978, 2024, 2020),
  (21, 978, NULL, 2024),
  (55, 979, 2018, 2014),
  (167, 979, 2019, 2018),
  (56, 979, 2021, 2019),
  (22, 979, NULL, 2021),
  (41, 980, 2016, 2015),
  (73, 980, 2018, 2016),
  (23, 980, NULL, 2018),
  (21, 981, 2020, 2018),
  (37, 981, 2021, 2020),
  (34, 981, 2022, 2021),
  (26, 981, 2023, 2022),
  (14, 981, 2024, 2023),
  (24, 981, NULL, 2024),
  (13, 982, 2016, 2013),
  (86, 982, 2020, 2016),
  (42, 982, 2021, 2020),
  (85, 982, 2023, 2021),
  (25, 982, NULL, 2023),
  (20, 983, 2020, 2016),
  (32, 983, 2021, 2020),
  (4, 983, 2023, 2021),
  (26, 983, NULL, 2023),
  (11, 984, 2019, 2018),
  (64, 984, 2021, 2019),
  (13, 984, 2024, 2021),
  (27, 984, NULL, 2024),
  (103, 985, 2009, 2007),
  (63, 985, 2012, 2009),
  (28, 985, NULL, 2012),
  (189, 986, 2020, 2017),
  (177, 986, 2024, 2020),
  (29, 986, NULL, 2024),
  (44, 987, 2015, 2011),
  (48, 987, 2016, 2015),
  (46, 987, 2018, 2016),
  (169, 987, 2021, 2018),
  (30, 987, NULL, 2021),
  (60, 988, 2020, 2019),
  (161, 988, 2022, 2020),
  (31, 988, NULL, 2022),
  (27, 989, 2019, 2017),
  (12, 989, 2022, 2019),
  (32, 989, NULL, 2022),
  (2, 990, 2015, 2012),
  (10, 990, 2019, 2015),
  (22, 990, 2020, 2019),
  (33, 990, NULL, 2020),
  (172, 991, 2012, 2008),
  (52, 991, 2013, 2012),
  (34, 991, NULL, 2013),
  (54, 992, 2016, 2015),
  (53, 992, 2018, 2016),
  (35, 992, NULL, 2018),
  (55, 993, 2013, 2011),
  (47, 993, 2016, 2013),
  (48, 993, 2020, 2016),
  (36, 993, NULL, 2020),
  (183, 994, 2010, 2007),
  (172, 994, 2014, 2010),
  (178, 994, 2015, 2014),
  (37, 994, NULL, 2015),
  (56, 995, 2012, 2008),
  (53, 995, 2013, 2012),
  (51, 995, 2015, 2013),
  (169, 995, 2018, 2015),
  (38, 995, NULL, 2018),
  (14, 996, 2020, 2019),
  (28, 996, 2022, 2020),
  (39, 996, NULL, 2022),
  (95, 997, 2008, 2006),
  (2, 997, 2011, 2008),
  (20, 997, 2015, 2011),
  (63, 997, 2016, 2015),
  (40, 997, NULL, 2016),
  (81, 998, 2019, 2016),
  (80, 998, 2023, 2019),
  (76, 998, 2024, 2023),
  (41, 998, NULL, 2024),
  (39, 999, 2013, 2009),
  (32, 999, 2014, 2013),
  (42, 999, NULL, 2014),
  (10, 1000, 2009, 2008),
  (120, 1000, 2011, 2009),
  (43, 1000, NULL, 2011),
  (103, 1001, 2012, 2010),
  (34, 1001, 2015, 2012),
  (44, 1001, NULL, 2015),
  (177, 1002, 2014, 2011),
  (183, 1002, 2018, 2014),
  (45, 1002, NULL, 2018),
  (192, 1003, 2011, 2007),
  (189, 1003, 2012, 2011),
  (46, 1003, NULL, 2012),
  (60, 1004, 2017, 2016),
  (161, 1004, 2019, 2017),
  (59, 1004, 2022, 2019),
  (47, 1004, NULL, 2022),
  (12, 1005, 2012, 2010),
  (42, 1005, 2015, 2012),
  (48, 1005, NULL, 2015),
  (10, 1006, 2013, 2010),
  (42, 1006, 2017, 2013),
  (13, 1006, 2018, 2017),
  (49, 1006, NULL, 2018),
  (53, 1007, 2019, 2015),
  (51, 1007, 2020, 2019),
  (192, 1007, 2022, 2020),
  (50, 1007, NULL, 2022),
  (189, 1008, 2013, 2012),
  (50, 1008, 2015, 2013),
  (51, 1008, NULL, 2015),
  (180, 1009, 2021, 2019),
  (44, 1009, 2023, 2021),
  (50, 1009, 2024, 2023),
  (52, 1009, NULL, 2024),
  (48, 1010, 2012, 2009),
  (178, 1010, 2016, 2012),
  (44, 1010, 2017, 2016),
  (177, 1010, 2019, 2017),
  (53, 1010, NULL, 2019),
  (55, 1011, 2020, 2017),
  (190, 1011, 2021, 2020),
  (167, 1011, 2022, 2021),
  (189, 1011, 2023, 2022),
  (53, 1011, 2024, 2023),
  (54, 1011, NULL, 2024),
  (38, 1012, 2008, 2007),
  (69, 1012, 2010, 2008),
  (5, 1012, 2013, 2010),
  (3, 1012, 2017, 2013),
  (34, 1012, 2018, 2017),
  (55, 1012, NULL, 2018),
  (20, 1013, 2019, 2017),
  (23, 1013, 2022, 2019),
  (56, 1013, NULL, 2022),
  (32, 1014, 2016, 2013),
  (4, 1014, 2020, 2016),
  (17, 1014, 2021, 2020),
  (41, 1014, 2023, 2021),
  (57, 1014, NULL, 2023),
  (41, 1015, 2021, 2017),
  (108, 1015, 2022, 2021),
  (110, 1015, 2023, 2022),
  (10, 1015, 2024, 2023),
  (58, 1015, NULL, 2024),
  (39, 1016, 2008, 2007),
  (19, 1016, 2010, 2008),
  (59, 1016, NULL, 2010),
  (63, 1017, 2012, 2010),
  (10, 1017, 2015, 2012),
  (14, 1017, 2019, 2015),
  (60, 1017, NULL, 2019),
  (55, 1018, 2009, 2006),
  (47, 1018, 2013, 2009),
  (189, 1018, 2014, 2013),
  (61, 1018, NULL, 2014),
  (190, 1019, 2021, 2017),
  (188, 1019, 2022, 2021),
  (170, 1019, 2023, 2022),
  (49, 1019, 2024, 2023),
  (62, 1019, NULL, 2024),
  (154, 1020, 2014, 2013),
  (155, 1020, 2016, 2014),
  (153, 1020, 2019, 2016),
  (162, 1020, 2023, 2019),
  (63, 1020, NULL, 2023),
  (19, 1021, 2016, 2014),
  (37, 1021, 2019, 2016),
  (64, 1021, NULL, 2019),
  (38, 1022, 2020, 2018),
  (14, 1022, 2021, 2020),
  (33, 1022, 2022, 2021),
  (11, 1022, 2023, 2022),
  (20, 1022, 2024, 2023),
  (65, 1022, NULL, 2024),
  (172, 1023, 2010, 2006),
  (51, 1023, 2011, 2010),
  (167, 1023, 2013, 2011),
  (49, 1023, 2016, 2013),
  (66, 1023, NULL, 2016),
  (47, 1024, 2011, 2010),
  (167, 1024, 2013, 2011),
  (67, 1024, NULL, 2013),
  (48, 1025, 2021, 2020),
  (55, 1025, 2022, 2021),
  (49, 1025, 2023, 2022),
  (47, 1025, 2024, 2023),
  (68, 1025, NULL, 2024),
  (169, 1026, 2010, 2007),
  (43, 1026, 2014, 2010),
  (177, 1026, 2015, 2014),
  (69, 1026, NULL, 2015),
  (189, 1027, 2015, 2011),
  (56, 1027, 2016, 2015),
  (51, 1027, 2018, 2016),
  (70, 1027, NULL, 2018),
  (63, 1028, 2014, 2013),
  (27, 1028, 2016, 2014),
  (71, 1028, NULL, 2016),
  (28, 1029, 2017, 2015),
  (23, 1029, 2020, 2017),
  (32, 1029, 2023, 2020),
  (95, 1029, 2024, 2023),
  (72, 1029, NULL, 2024),
  (85, 1030, 2018, 2015),
  (80, 1030, 2022, 2018),
  (73, 1030, NULL, 2022),
  (35, 1031, 2020, 2019),
  (38, 1031, 2021, 2020),
  (39, 1031, 2022, 2021),
  (64, 1031, 2023, 2022),
  (4, 1031, 2024, 2023),
  (74, 1031, NULL, 2024),
  (119, 1032, 2017, 2016),
  (3, 1032, 2019, 2017),
  (75, 1032, NULL, 2019),
  (31, 1033, 2015, 2013),
  (100, 1033, 2018, 2015),
  (76, 1033, NULL, 2018),
  (166, 1034, 2012, 2009),
  (190, 1034, 2016, 2012),
  (167, 1034, 2017, 2016),
  (191, 1034, 2019, 2017),
  (49, 1034, 2022, 2019),
  (77, 1034, NULL, 2022),
  (43, 1035, 2013, 2009),
  (166, 1035, 2014, 2013),
  (177, 1035, 2016, 2014),
  (78, 1035, NULL, 2016),
  (58, 1036, 2008, 2007),
  (154, 1036, 2010, 2008),
  (59, 1036, 2013, 2010),
  (79, 1036, NULL, 2013),
  (20, 1037, 2018, 2016),
  (122, 1037, 2021, 2018),
  (12, 1037, 2024, 2021),
  (80, 1037, NULL, 2024),
  (33, 1038, 2016, 2013),
  (38, 1038, 2020, 2016),
  (81, 1038, NULL, 2020),
  (167, 1039, 2020, 2016),
  (178, 1039, 2021, 2020),
  (49, 1039, 2022, 2021),
  (45, 1039, 2023, 2022),
  (191, 1039, 2024, 2023),
  (82, 1039, NULL, 2024),
  (43, 1040, 2009, 2008),
  (53, 1040, 2011, 2009),
  (52, 1040, 2014, 2011),
  (180, 1040, 2018, 2014),
  (48, 1040, 2019, 2018),
  (83, 1040, NULL, 2019),
  (188, 1041, 2017, 2015),
  (172, 1041, 2020, 2017),
  (84, 1041, NULL, 2020),
  (49, 1042, 2020, 2017),
  (183, 1042, 2024, 2020),
  (85, 1042, NULL, 2024),
  (192, 1043, 2015, 2011),
  (190, 1043, 2016, 2015),
  (55, 1043, 2018, 2016),
  (172, 1043, 2021, 2018),
  (51, 1043, 2024, 2021),
  (86, 1043, NULL, 2024),
  (64, 1044, 2007, 2006),
  (33, 1044, 2009, 2007),
  (34, 1044, 2012, 2009),
  (28, 1044, 2016, 2012),
  (19, 1044, 2017, 2016),
  (87, 1044, NULL, 2017),
  (33, 1045, 2012, 2010),
  (95, 1045, 2015, 2012),
  (88, 1045, NULL, 2015),
  (81, 1046, 2010, 2007),
  (76, 1046, 2014, 2010),
  (89, 1046, NULL, 2014),
  (10, 1047, 2022, 2020),
  (22, 1047, 2023, 2022),
  (40, 1047, 2024, 2023),
  (90, 1047, NULL, 2024),
  (28, 1048, 2010, 2009),
  (41, 1048, 2012, 2010),
  (64, 1048, 2015, 2012),
  (119, 1048, 2019, 2015),
  (37, 1048, 2020, 2019),
  (91, 1048, NULL, 2020),
  (102, 1049, 2022, 2020),
  (30, 1049, 2023, 2022),
  (99, 1049, 2024, 2023),
  (92, 1049, NULL, 2024),
  (169, 1050, 2011, 2008),
  (166, 1050, 2015, 2011),
  (178, 1050, 2016, 2015),
  (45, 1050, 2018, 2016),
  (46, 1050, 2021, 2018),
  (93, 1050, NULL, 2021),
  (178, 1051, 2016, 2012),
  (51, 1051, 2017, 2016),
  (191, 1051, 2019, 2017),
  (180, 1051, 2022, 2019),
  (94, 1051, NULL, 2022),
  (162, 1052, 2017, 2016),
  (58, 1052, 2019, 2017),
  (155, 1052, 2022, 2019),
  (161, 1052, 2024, 2022),
  (95, 1052, NULL, 2024),
  (37, 1053, 2017, 2015),
  (10, 1053, 2020, 2017),
  (2, 1053, 2022, 2020),
  (14, 1053, 2023, 2022),
  (20, 1053, 2024, 2023),
  (96, 1053, NULL, 2024),
  (10, 1054, 2014, 2011),
  (37, 1054, 2018, 2014),
  (64, 1054, 2019, 2018),
  (42, 1054, 2021, 2019),
  (97, 1054, NULL, 2021),
  (47, 1055, 2011, 2007),
  (44, 1055, 2012, 2011),
  (98, 1055, NULL, 2012),
  (48, 1056, 2013, 2012),
  (173, 1056, 2015, 2013),
  (53, 1056, 2018, 2015),
  (50, 1056, 2022, 2018),
  (169, 1056, 2023, 2022),
  (99, 1056, NULL, 2023),
  (46, 1057, 2010, 2008),
  (54, 1057, 2013, 2010),
  (100, 1057, NULL, 2013),
  (166, 1058, 2011, 2008),
  (173, 1058, 2015, 2011),
  (180, 1058, 2016, 2015),
  (172, 1058, 2018, 2016),
  (178, 1058, 2021, 2018),
  (101, 1058, NULL, 2021),
  (167, 1059, 2017, 2013),
  (180, 1059, 2018, 2017),
  (170, 1059, 2020, 2018),
  (102, 1059, NULL, 2020),
  (12, 1060, 2010, 2009),
  (34, 1060, 2012, 2010),
  (64, 1060, 2015, 2012),
  (8, 1060, 2019, 2015),
  (69, 1060, 2020, 2019),
  (103, 1060, NULL, 2020),
  (19, 1061, 2017, 2015),
  (87, 1061, 2020, 2017),
  (91, 1061, 2023, 2020),
  (88, 1061, 2024, 2023),
  (104, 1061, NULL, 2024),
  (11, 1062, 2017, 2014),
  (77, 1062, 2021, 2017),
  (105, 1062, NULL, 2021),
  (35, 1063, 2010, 2006),
  (39, 1063, 2011, 2010),
  (40, 1063, 2013, 2011),
  (36, 1063, 2016, 2013),
  (108, 1063, 2020, 2016),
  (106, 1063, NULL, 2020),
  (27, 1064, 2013, 2012),
  (41, 1064, 2015, 2013),
  (13, 1064, 2018, 2015),
  (107, 1064, NULL, 2018),
  (28, 1065, 2021, 2020),
  (37, 1065, 2022, 2021),
  (30, 1065, 2023, 2022),
  (105, 1065, 2024, 2023),
  (108, 1065, NULL, 2024),
  (43, 1066, 2012, 2009),
  (48, 1066, 2016, 2012),
  (183, 1066, 2017, 2016),
  (189, 1066, 2019, 2017),
  (53, 1066, 2022, 2019),
  (109, 1066, NULL, 2022),
  (54, 1067, 2020, 2016),
  (48, 1067, 2021, 2020),
  (45, 1067, 2022, 2021),
  (55, 1067, 2023, 2022),
  (173, 1067, 2024, 2023),
  (110, 1067, NULL, 2024),
  (154, 1068, 2012, 2011),
  (161, 1068, 2014, 2012),
  (152, 1068, 2017, 2014),
  (111, 1068, NULL, 2017),
  (3, 1069, 2020, 2018),
  (21, 1069, 2021, 2020),
  (2, 1069, 2022, 2021),
  (34, 1069, 2023, 2022),
  (39, 1069, 2024, 2023),
  (112, 1069, NULL, 2024),
  (39, 1070, 2023, 2020),
  (27, 1070, 2024, 2023),
  (113, 1070, NULL, 2024),
  (53, 1071, 2013, 2009),
  (189, 1071, 2014, 2013),
  (114, 1071, NULL, 2014),
  (169, 1072, 2016, 2015),
  (44, 1072, 2018, 2016),
  (115, 1072, NULL, 2018),
  (43, 1073, 2021, 2020),
  (166, 1073, 2022, 2021),
  (46, 1073, 2023, 2022),
  (190, 1073, 2024, 2023),
  (116, 1073, NULL, 2024),
  (170, 1074, 2010, 2007),
  (50, 1074, 2014, 2010),
  (117, 1074, NULL, 2014),
  (55, 1075, 2010, 2006),
  (190, 1075, 2011, 2010),
  (118, 1075, NULL, 2011),
  (66, 1076, 2015, 2014),
  (10, 1076, 2017, 2015),
  (69, 1076, 2020, 2017),
  (119, 1076, NULL, 2020),
  (10, 1077, 2008, 2006),
  (4, 1077, 2011, 2008),
  (120, 1077, NULL, 2011),
  (4, 1078, 2012, 2009),
  (13, 1078, 2016, 2012),
  (33, 1078, 2017, 2016),
  (28, 1078, 2019, 2017),
  (39, 1078, 2022, 2019),
  (121, 1078, NULL, 2022),
  (20, 1079, 2017, 2013),
  (28, 1079, 2018, 2017),
  (42, 1079, 2020, 2018),
  (122, 1079, NULL, 2020),
  (42, 1080, 2018, 2017),
  (12, 1080, 2020, 2018),
  (14, 1080, 2023, 2020),
  (123, 1080, NULL, 2023),
  (101, 1081, 2017, 2015),
  (11, 1081, 2020, 2017),
  (21, 1081, 2024, 2020),
  (124, 1081, NULL, 2024),
  (190, 1082, 2022, 2019),
  (178, 1082, 2023, 2022),
  (50, 1082, 2024, 2023),
  (125, 1082, NULL, 2024),
  (170, 1083, 2014, 2010),
  (177, 1083, 2015, 2014),
  (167, 1083, 2017, 2015),
  (126, 1083, NULL, 2017),
  (153, 1084, 2010, 2009),
  (59, 1084, 2012, 2010),
  (155, 1084, 2015, 2012),
  (127, 1084, NULL, 2015),
  (124, 1085, 2016, 2014),
  (3, 1085, 2019, 2016),
  (128, 1085, NULL, 2019),
  (64, 1086, 2011, 2008),
  (10, 1086, 2015, 2011),
  (41, 1086, 2016, 2015),
  (2, 1086, 2018, 2016),
  (3, 1086, 2021, 2018),
  (129, 1086, NULL, 2021),
  (49, 1087, 2012, 2008),
  (50, 1087, 2013, 2012),
  (192, 1087, 2015, 2013),
  (130, 1087, NULL, 2015),
  (191, 1088, 2012, 2011),
  (172, 1088, 2014, 2012),
  (131, 1088, NULL, 2014),
  (192, 1089, 2008, 2006),
  (167, 1089, 2011, 2008),
  (44, 1089, 2015, 2011),
  (189, 1089, 2016, 2015),
  (132, 1089, NULL, 2016),
  (47, 1090, 2021, 2018),
  (169, 1090, 2023, 2021),
  (45, 1090, 2024, 2023),
  (133, 1090, NULL, 2024),
  (180, 1091, 2021, 2017),
  (169, 1091, 2022, 2021),
  (170, 1091, 2024, 2022),
  (134, 1091, NULL, 2024),
  (34, 1092, 2017, 2016),
  (69, 1092, 2019, 2017),
  (37, 1092, 2022, 2019),
  (135, 1092, NULL, 2022),
  (38, 1093, 2021, 2019),
  (24, 1093, 2024, 2021),
  (136, 1093, NULL, 2024),
  (76, 1094, 2015, 2012),
  (15, 1094, 2019, 2015),
  (22, 1094, 2020, 2019),
  (137, 1094, NULL, 2020),
  (114, 1095, 2014, 2010),
  (27, 1095, 2015, 2014),
  (117, 1095, 2017, 2015),
  (41, 1095, 2020, 2017),
  (42, 1095, 2024, 2020),
  (138, 1095, NULL, 2024),
  (21, 1096, 2012, 2011),
  (64, 1096, 2014, 2012),
  (4, 1096, 2017, 2014),
  (139, 1096, NULL, 2017),
  (20, 1097, 2009, 2007),
  (22, 1097, 2012, 2009),
  (19, 1097, 2016, 2012),
  (140, 1097, NULL, 2016),
  (192, 1098, 2013, 2010),
  (189, 1098, 2017, 2013),
  (177, 1098, 2018, 2017),
  (141, 1098, NULL, 2018),
  (54, 1099, 2018, 2014),
  (167, 1099, 2019, 2018),
  (180, 1099, 2021, 2019),
  (142, 1099, NULL, 2021),
  (154, 1100, 2015, 2014),
  (152, 1100, 2017, 2015),
  (153, 1100, 2020, 2017),
  (143, 1100, NULL, 2020),
  (33, 1101, 2011, 2009),
  (39, 1101, 2014, 2011),
  (21, 1101, 2018, 2014),
  (13, 1101, 2019, 2018),
  (144, 1101, NULL, 2019),
  (129, 1102, 2021, 2020),
  (27, 1102, 2022, 2021),
  (21, 1102, 2023, 2022),
  (41, 1102, 2024, 2023),
  (145, 1102, NULL, 2024),
  (50, 1103, 2020, 2016),
  (169, 1103, 2021, 2020),
  (146, 1103, NULL, 2021),
  (167, 1104, 2007, 2006),
  (177, 1104, 2009, 2007),
  (45, 1104, 2012, 2009),
  (52, 1104, 2016, 2012),
  (48, 1104, 2017, 2016),
  (147, 1104, NULL, 2017),
  (46, 1105, 2020, 2018),
  (56, 1105, 2022, 2020),
  (191, 1105, 2023, 2022),
  (50, 1105, 2024, 2023),
  (148, 1105, NULL, 2024),
  (167, 1106, 2023, 2020),
  (45, 1106, 2024, 2023),
  (149, 1106, NULL, 2024),
  (51, 1107, 2015, 2011),
  (178, 1107, 2016, 2015),
  (192, 1107, 2018, 2016),
  (54, 1107, 2021, 2018),
  (150, 1107, NULL, 2021),
  (65, 1108, 2011, 2010),
  (40, 1108, 2013, 2011),
  (151, 1108, NULL, 2013),
  (87, 1109, 2011, 2009),
  (41, 1109, 2014, 2011),
  (11, 1109, 2018, 2014),
  (152, 1109, NULL, 2018),
  (79, 1110, 2011, 2008),
  (80, 1110, 2015, 2011),
  (84, 1110, 2016, 2015),
  (153, 1110, NULL, 2016),
  (36, 1111, 2017, 2013),
  (41, 1111, 2018, 2017),
  (111, 1111, 2020, 2018),
  (33, 1111, 2023, 2020),
  (154, 1111, NULL, 2023),
  (121, 1112, 2007, 2006),
  (32, 1112, 2009, 2007),
  (28, 1112, 2012, 2009),
  (42, 1112, 2016, 2012),
  (33, 1112, 2017, 2016),
  (155, 1112, NULL, 2017),
  (19, 1113, 2017, 2015),
  (28, 1113, 2020, 2017),
  (21, 1113, 2022, 2020),
  (29, 1113, 2023, 2022),
  (103, 1113, 2024, 2023),
  (156, 1113, NULL, 2024),
  (180, 1114, 2022, 2019),
  (45, 1114, 2023, 2022),
  (53, 1114, 2024, 2023),
  (157, 1114, NULL, 2024),
  (56, 1115, 2015, 2011),
  (180, 1115, 2016, 2015),
  (55, 1115, 2018, 2016),
  (158, 1115, NULL, 2018),
  (58, 1116, 2021, 2020),
  (57, 1116, 2023, 2021),
  (159, 1116, NULL, 2023),
  (27, 1117, 2008, 2006),
  (123, 1117, 2011, 2008),
  (19, 1117, 2015, 2011),
  (160, 1117, NULL, 2015),
  (21, 1118, 2020, 2017),
  (32, 1118, 2023, 2020),
  (63, 1118, 2024, 2023),
  (161, 1118, NULL, 2024),
  (180, 1119, 2020, 2016),
  (45, 1119, 2021, 2020),
  (162, 1119, NULL, 2021),
  (55, 1120, 2009, 2008),
  (170, 1120, 2011, 2009),
  (188, 1120, 2014, 2011),
  (44, 1120, 2018, 2014),
  (163, 1120, NULL, 2018),
  (189, 1121, 2010, 2008),
  (48, 1121, 2013, 2010),
  (54, 1121, 2017, 2013),
  (49, 1121, 2018, 2017),
  (173, 1121, 2020, 2018),
  (164, 1121, NULL, 2020),
  (47, 1122, 2021, 2019),
  (43, 1122, 2022, 2021),
  (50, 1122, 2023, 2022),
  (48, 1122, 2024, 2023),
  (165, 1122, NULL, 2024),
  (170, 1123, 2016, 2012),
  (55, 1123, 2017, 2016),
  (192, 1123, 2019, 2017),
  (166, 1123, NULL, 2019),
  (64, 1124, 2011, 2010),
  (28, 1124, 2013, 2011),
  (74, 1124, 2016, 2013),
  (20, 1124, 2020, 2016),
  (66, 1124, 2021, 2020),
  (167, 1124, NULL, 2021),
  (91, 1125, 2019, 2017),
  (25, 1125, 2021, 2019),
  (90, 1125, 2022, 2021),
  (42, 1125, 2023, 2022),
  (20, 1125, 2024, 2023),
  (168, 1125, NULL, 2024),
  (19, 1126, 2019, 2016),
  (28, 1126, 2022, 2019),
  (76, 1126, 2023, 2022),
  (86, 1126, 2024, 2023),
  (169, 1126, NULL, 2024),
  (64, 1127, 2022, 2019),
  (28, 1127, 2023, 2022),
  (33, 1127, 2024, 2023),
  (170, 1127, NULL, 2024),
  (40, 1128, 2008, 2007),
  (10, 1128, 2010, 2008),
  (171, 1128, NULL, 2010),
  (39, 1129, 2021, 2019),
  (41, 1129, 2022, 2021),
  (11, 1129, 2023, 2022),
  (28, 1129, 2024, 2023),
  (172, 1129, NULL, 2024),
  (47, 1130, 2021, 2018),
  (50, 1130, 2022, 2021),
  (44, 1130, 2023, 2022),
  (170, 1130, 2024, 2023),
  (173, 1130, NULL, 2024),
  (173, 1131, 2011, 2007),
  (54, 1131, 2012, 2011),
  (48, 1131, 2014, 2012),
  (190, 1131, 2017, 2014),
  (52, 1131, 2021, 2017),
  (174, 1131, NULL, 2021),
  (57, 1132, 2013, 2012),
  (154, 1132, 2015, 2013),
  (153, 1132, 2018, 2015),
  (161, 1132, 2022, 2018),
  (175, 1132, NULL, 2022),
  (10, 1133, 2016, 2014),
  (4, 1133, 2019, 2016),
  (32, 1133, 2023, 2019),
  (14, 1133, 2024, 2023),
  (176, 1133, NULL, 2024),
  (14, 1134, 2022, 2020),
  (40, 1134, 2023, 2022),
  (22, 1134, 2024, 2023),
  (177, 1134, NULL, 2024),
  (47, 1135, 2014, 2010),
  (173, 1135, 2015, 2014),
  (178, 1135, NULL, 2015),
  (190, 1136, 2013, 2012),
  (56, 1136, 2015, 2013),
  (172, 1136, 2018, 2015),
  (178, 1136, 2022, 2018),
  (191, 1136, 2023, 2022),
  (179, 1136, NULL, 2023),
  (166, 1137, 2011, 2009),
  (43, 1137, 2014, 2011),
  (180, 1137, NULL, 2014),
  (169, 1138, 2017, 2014),
  (178, 1138, 2021, 2017),
  (172, 1138, 2022, 2021),
  (177, 1138, 2024, 2022),
  (181, 1138, NULL, 2024),
  (190, 1139, 2016, 2012),
  (169, 1139, 2017, 2016),
  (188, 1139, 2019, 2017),
  (182, 1139, NULL, 2019),
  (33, 1140, 2012, 2011),
  (68, 1140, 2014, 2012),
  (183, 1140, NULL, 2014),
  (27, 1141, 2016, 2014),
  (96, 1141, 2019, 2016),
  (37, 1141, 2023, 2019),
  (184, 1141, NULL, 2023),
  (27, 1142, 2013, 2010),
  (18, 1142, 2017, 2013),
  (86, 1142, 2018, 2017),
  (37, 1142, 2020, 2018),
  (185, 1142, NULL, 2020),
  (115, 1143, 2020, 2019),
  (108, 1143, 2021, 2020),
  (109, 1143, 2022, 2021),
  (37, 1143, 2023, 2022),
  (112, 1143, 2024, 2023),
  (186, 1143, NULL, 2024),
  (121, 1144, 2012, 2011),
  (41, 1144, 2014, 2012),
  (120, 1144, 2017, 2014),
  (187, 1144, NULL, 2017),
  (34, 1145, 2012, 2010),
  (33, 1145, 2015, 2012),
  (29, 1145, 2019, 2015),
  (19, 1145, 2020, 2019),
  (21, 1145, 2022, 2020),
  (188, 1145, NULL, 2022),
  (53, 1146, 2018, 2015),
  (48, 1146, 2022, 2018),
  (189, 1146, NULL, 2022),
  (47, 1147, 2021, 2020),
  (55, 1147, 2022, 2021),
  (48, 1147, 2023, 2022),
  (46, 1147, 2024, 2023),
  (190, 1147, NULL, 2024),
  (155, 1148, 2009, 2008),
  (59, 1148, 2011, 2009),
  (154, 1148, 2014, 2011),
  (57, 1148, 2018, 2014),
  (191, 1148, NULL, 2018),
  (125, 1149, 2021, 2019),
  (33, 1149, 2023, 2021),
  (28, 1149, 2024, 2023),
  (192, 1149, NULL, 2024),
  (28, 1150, 2015, 2012),
  (34, 1150, 2019, 2015),
  (20, 1150, 2020, 2019),
  (63, 1150, 2022, 2020),
  (13, 1150, 2024, 2022),
  (2, 1150, NULL, 2024),
  (190, 1151, 2012, 2008),
  (170, 1151, 2013, 2012),
  (43, 1151, 2015, 2013),
  (178, 1151, 2018, 2015),
  (50, 1151, 2022, 2018),
  (3, 1151, NULL, 2022),
  (46, 1152, 2014, 2013),
  (54, 1152, 2016, 2014),
  (189, 1152, 2019, 2016),
  (47, 1152, 2023, 2019),
  (4, 1152, NULL, 2023),
  (180, 1153, 2018, 2016),
  (173, 1153, 2021, 2018),
  (47, 1153, 2023, 2021),
  (177, 1153, 2024, 2023),
  (5, 1153, NULL, 2024),
  (44, 1154, 2015, 2012),
  (173, 1154, 2019, 2015),
  (48, 1154, 2020, 2019),
  (50, 1154, 2022, 2020),
  (6, 1154, NULL, 2022),
  (177, 1155, 2017, 2013),
  (178, 1155, 2018, 2017),
  (180, 1155, 2020, 2018),
  (173, 1155, 2023, 2020),
  (7, 1155, NULL, 2023);

-- ============================================================
-- RESUMEN DE BALANCE
-- ============================================================
-- Jugadores por posicion: 1: 93, 2: 95, 3: 95, 4: 96, 6: 107, 5: 124, 8: 162, 10: 166, 7: 132, 11: 156, 9: 163
-- Paises principales: Argentina: 114, Brasil: 87, España: 86, Inglaterra: 77, Francia: 73, Italia: 70, Países Bajos: 66, Portugal: 64, Alemania: 62, Uruguay: 61, Bélgica: 59, México: 58, Colombia: 55, Ecuador: 51
-- FIN DEL SCRIPT


-- Jugadores adicionales (con corrección de apellidos y trayectoria completa)
INSERT INTO Jugadores (id_jugador, pais, posicion, dorsal_equipo, dorsal_seleccion, valor_mercado, nombre, apellido, id_equipo) VALUES
  (1156, 'Francia', '4', 9, 24, 500000, 'Nicolás', 'Ibáñez', 59),
  (1157, 'Colombia', '8', 29, 19, 2500000, 'Fabián', 'Sosa', 58),
  (1158, 'Italia', '5', 17, 26, 500000, 'Maximiliano', 'Cabrera', 156),
  (1159, 'España', '2', 18, 15, 15000000, 'Emilio', 'Aguirre', 99),
  (1160, 'Colombia', '4', 21, 25, 25000000, 'Maximiliano', 'Ledesma', 177),
  (1161, 'España', '7', 17, 24, 8000000, 'Gonzalo', 'Villalba', 139),
  (1162, 'Brasil', '8', 30, 17, 2500000, 'Agustín', 'Salinas', 99),
  (1163, 'Uruguay', '7', 20, 21, 8000000, 'Gonzalo', 'Herrera', 29),
  (1164, 'Chile', '2', 32, 3, 25000000, 'Mateo', 'Cardozo', 23),
  (1165, 'Colombia', '10', 16, 8, 500000, 'Cristóbal', 'Colombo', 32),
  (1166, 'Italia', '2', 16, 9, 15000000, 'Bruno', 'Ferreyra', 133),
  (1167, 'Portugal', '10', 4, 22, 15000000, 'Cristóbal', 'Ferrari', 188),
  (1168, 'Uruguay', '6', 16, 3, 5000000, 'Facundo', 'Ferrari', 120),
  (1169, 'España', '8', 11, 13, 500000, 'Ismael', 'Vidal', 17),
  (1170, 'Colombia', '1', 4, 2, 8000000, 'Mateo', 'Bravo', 82),
  (1171, 'Chile', '4', 3, 20, 500000, 'Maximiliano', 'Cabrera', 150),
  (1172, 'Argentina', '10', 7, 3, 8000000, 'Tomás', 'Aguirre', 161),
  (1173, 'Brasil', '3', 8, 4, 15000000, 'Fabián', 'Acosta', 69),
  (1174, 'Francia', '1', 22, 25, 1000000, 'Bruno', 'Ferrari', 2),
  (1175, 'Argentina', '6', 3, 12, 1000000, 'Agustín', 'Villalba', 95);

-- Datos de los jugadores adicionales
INSERT INTO Datos (edad, altura, peso, pierna_habil, id_jugador) VALUES
  (29, 191, 82, 'Derecha', 1156),
  (31, 195, 65, 'Derecha', 1157),
  (30, 182, 82, 'Derecha', 1158),
  (32, 179, 70, 'Izquierda', 1159),
  (19, 175, 66, 'Izquierda', 1160),
  (25, 196, 83, 'Izquierda', 1161),
  (27, 195, 65, 'Ambas', 1162),
  (28, 174, 69, 'Izquierda', 1163),
  (27, 192, 69, 'Derecha', 1164),
  (24, 168, 83, 'Ambas', 1165),
  (26, 174, 82, 'Derecha', 1166),
  (29, 171, 66, 'Izquierda', 1167),
  (31, 195, 82, 'Derecha', 1168),
  (25, 176, 90, 'Izquierda', 1169),
  (26, 184, 81, 'Derecha', 1170),
  (25, 189, 83, 'Ambas', 1171),
  (22, 184, 73, 'Derecha', 1172),
  (27, 172, 73, 'Izquierda', 1173),
  (29, 176, 70, 'Ambas', 1174),
  (29, 175, 86, 'Derecha', 1175);

-- Estadisticas de los jugadores adicionales
INSERT INTO Estadisticas (goles, asistencias, titulos_equipo, titulos_seleccion, titulos_individuales, id_jugador) VALUES
  (75, 54, 0, 0, 0, 1156),
  (89, 54, 2, 1, 0, 1157),
  (118, 48, 0, 2, 1, 1158),
  (45, 26, 5, 1, 0, 1159),
  (51, 34, 0, 0, 0, 1160),
  (46, 28, 1, 2, 0, 1161),
  (92, 14, 5, 2, 1, 1162),
  (97, 20, 4, 2, 0, 1163),
  (84, 60, 4, 0, 1, 1164),
  (29, 75, 1, 0, 0, 1165),
  (92, 73, 4, 1, 0, 1166),
  (93, 43, 6, 0, 0, 1167),
  (6, 83, 4, 0, 0, 1168),
  (36, 54, 5, 2, 0, 1169),
  (7, 65, 0, 0, 0, 1170),
  (66, 40, 2, 0, 2, 1171),
  (119, 44, 0, 0, 1, 1172),
  (77, 26, 5, 1, 0, 1173),
  (56, 70, 5, 1, 0, 1174),
  (45, 71, 6, 1, 0, 1175);

-- Trayectoria completa de los jugadores adicionales
INSERT INTO Trayectoria (id_equipo, id_jugador, anio_traspaso, anio_ingreso) VALUES
  (61, 1156, 2019, 2018),
  (59, 1156, NULL, 2019),
  (88, 1157, 2012, 2011),
  (58, 1157, NULL, 2012),
  (160, 1158, 2014, 2013),
  (94, 1158, 2015, 2014),
  (149, 1158, 2017, 2015),
  (156, 1158, NULL, 2017),
  (176, 1159, 2014, 2012),
  (167, 1159, 2016, 2014),
  (20, 1159, 2020, 2016),
  (99, 1159, NULL, 2020),
  (185, 1160, 2021, 2017),
  (82, 1160, 2025, 2021),
  (56, 1160, 2027, 2025),
  (177, 1160, NULL, 2027),
  (25, 1161, 2013, 2011),
  (14, 1161, 2015, 2013),
  (139, 1161, NULL, 2015),
  (89, 1162, 2018, 2016),
  (30, 1162, 2022, 2018),
  (77, 1162, 2023, 2022),
  (99, 1162, NULL, 2023),
  (84, 1163, 2014, 2011),
  (127, 1163, 2017, 2014),
  (6, 1163, 2019, 2017),
  (29, 1163, NULL, 2019),
  (157, 1164, 2020, 2018),
  (110, 1164, 2023, 2020),
  (56, 1164, 2027, 2023),
  (23, 1164, NULL, 2027),
  (183, 1165, 2012, 2010),
  (32, 1165, NULL, 2012),
  (106, 1166, 2012, 2011),
  (50, 1166, 2016, 2012),
  (133, 1166, NULL, 2016),
  (50, 1167, 2022, 2018),
  (188, 1167, NULL, 2022),
  (62, 1168, 2016, 2012),
  (120, 1168, NULL, 2016),
  (171, 1169, 2014, 2012),
  (185, 1169, 2017, 2014),
  (126, 1169, 2019, 2017),
  (17, 1169, NULL, 2019),
  (154, 1170, 2013, 2011),
  (82, 1170, NULL, 2013),
  (82, 1171, 2018, 2016),
  (63, 1171, 2021, 2018),
  (69, 1171, 2025, 2021),
  (150, 1171, NULL, 2025),
  (42, 1172, 2021, 2018),
  (114, 1172, 2022, 2021),
  (161, 1172, NULL, 2022),
  (164, 1173, 2020, 2017),
  (131, 1173, 2021, 2020),
  (69, 1173, NULL, 2021),
  (4, 1174, 2013, 2012),
  (30, 1174, 2016, 2013),
  (21, 1174, 2018, 2016),
  (2, 1174, NULL, 2018),
  (41, 1175, 2016, 2012),
  (62, 1175, 2017, 2016),
  (43, 1175, 2019, 2017),
  (95, 1175, NULL, 2019);


-- ============================================================
-- 6. JUGADORES ADICIONALES (LOTE 2)
-- ============================================================
INSERT INTO Jugadores (id_jugador, pais, posicion, dorsal_equipo, dorsal_seleccion, valor_mercado, nombre, apellido, id_equipo) VALUES
  (1176, 'Uruguay', '8', 7, 2, 4000000, 'Joaquín', 'Tapia', 70),
  (1177, 'Inglaterra', '10', 3, 3, 20000000, 'Gonzalo', 'Ibáñez', 28),
  (1178, 'Croacia', '9', 32, 17, 20000000, 'Matteo', 'Blanc', 172),
  (1179, 'Serbia', '5', 13, 19, 500000, 'Maxime', 'Palmer', 6),
  (1180, 'Ecuador', '3', 29, 13, 45000000, 'Nahuel', 'Sartori', 41),
  (1181, 'México', '1', 25, 3, 9000000, 'Cristóbal', 'Bianchi', 139),
  (1182, 'Uruguay', '9', 25, 18, 1500000, 'Oliver', 'Roldán', 16),
  (1183, 'Francia', '10', 2, 12, 6000000, 'Tom', 'Cardozo', 173),
  (1184, 'Uruguay', '6', 16, 7, 2500000, 'Rui', 'Turner', 131),
  (1185, 'Inglaterra', '2', 9, 26, 9000000, 'Tomás', 'Batista', 89),
  (1186, 'Brasil', '5', 24, 22, 60000000, 'André', 'Vidal', 119),
  (1187, 'Bélgica', '5', 19, 4, 1500000, 'Franco', 'Pinto', 19),
  (1188, 'Colombia', '10', 23, 8, 30000000, 'Elias', 'Faure', 146),
  (1189, 'Croacia', '1', 10, 11, 60000000, 'Rodrigo', 'Marino', 122),
  (1190, 'Países Bajos', '8', 1, 16, 20000000, 'Benjamín', 'Morel', 13),
  (1191, 'Bélgica', '8', 8, 2, 15000000, 'Simone', 'Ledesma', 116),
  (1192, 'Argentina', '8', 21, 18, 300000, 'Théo', 'Cabrera', 169),
  (1193, 'México', '4', 28, 13, 9000000, 'Yanis', 'Machado', 132),
  (1194, 'Polonia', '1', 23, 10, 2500000, 'Mason', 'Teixeira', 115),
  (1195, 'Francia', '1', 6, 11, 300000, 'Rodrigo', 'Ricci', 43),
  (1196, 'Paraguay', '4', 16, 26, 4000000, 'Ignacio', 'Hughes', 63),
  (1197, 'Croacia', '1', 17, 14, 9000000, 'Kevin', 'Herrera', 156),
  (1198, 'Bélgica', '3', 21, 15, 60000000, 'Adrián', 'Bianchi', 158),
  (1199, 'Portugal', '5', 7, 5, 30000000, 'Nicolás', 'Fonseca', 49),
  (1200, 'Inglaterra', '6', 20, 15, 1000000, 'Gabriele', 'Vidal', 165),
  (1201, 'México', '3', 12, 18, 1500000, 'Kevin', 'Ibáñez', 23),
  (1202, 'Chile', '6', 28, 7, 6000000, 'Bruno', 'Bravo', 53),
  (1203, 'Croacia', '5', 14, 3, 6000000, 'Rui', 'Blanc', 21),
  (1204, 'Bélgica', '5', 12, 21, 20000000, 'Marco', 'Vieira', 171),
  (1205, 'Colombia', '6', 12, 18, 9000000, 'Matteo', 'Morel', 107),
  (1206, 'Croacia', '11', 22, 7, 750000, 'Oliver', 'Escobar', 152),
  (1207, 'Francia', '7', 7, 25, 6000000, 'Vasco', 'Palmer', 175),
  (1208, 'Francia', '5', 9, 5, 45000000, 'Joaquín', 'Villa', 12),
  (1209, 'Ecuador', '8', 4, 21, 4000000, 'Gonzalo', 'Rousseau', 83),
  (1210, 'Francia', '9', 13, 22, 60000000, 'Facundo', 'Nogueira', 116),
  (1211, 'Francia', '7', 32, 17, 4000000, 'Ismael', 'Pinto', 4),
  (1212, 'España', '5', 13, 3, 60000000, 'Simón', 'Rinaldi', 46),
  (1213, 'Polonia', '3', 2, 15, 4000000, 'Gonzalo', 'Baker', 32),
  (1214, 'Alemania', '10', 15, 10, 45000000, 'Diego', 'Baker', 144),
  (1215, 'Bélgica', '11', 9, 8, 45000000, 'Tomé', 'Johnson', 146),
  (1216, 'Países Bajos', '10', 9, 6, 2500000, 'João', 'Ledesma', 179),
  (1217, 'Polonia', '10', 12, 6, 45000000, 'Ricardo', 'Barros', 8),
  (1218, 'Perú', '1', 16, 21, 500000, 'Maximiliano', 'Pinto', 157),
  (1219, 'Italia', '11', 13, 8, 1500000, 'Tom', 'Batista', 38),
  (1220, 'Ecuador', '9', 26, 8, 9000000, 'Franco', 'Aguirre', 173),
  (1221, 'Perú', '6', 5, 6, 6000000, 'Cristóbal', 'Girard', 126),
  (1222, 'Ecuador', '10', 24, 4, 1000000, 'Hernán', 'Colombo', 91),
  (1223, 'Paraguay', '3', 16, 24, 45000000, 'Lucas', 'Correia', 174),
  (1224, 'Paraguay', '11', 1, 21, 6000000, 'Afonso', 'Foster', 84),
  (1225, 'Bélgica', '7', 4, 13, 15000000, 'Franco', 'Fuentes', 123),
  (1226, 'Brasil', '4', 30, 25, 4000000, 'Martim', 'Nuñez', 39),
  (1227, 'Perú', '10', 32, 10, 20000000, 'Matteo', 'Grassi', 139),
  (1228, 'Chile', '3', 26, 11, 750000, 'Julián', 'Ricci', 139),
  (1229, 'Brasil', '9', 26, 24, 45000000, 'Tomé', 'Neves', 161),
  (1230, 'Ecuador', '5', 24, 6, 6000000, 'André', 'Cifuentes', 132),
  (1231, 'Portugal', '5', 14, 21, 1000000, 'Riccardo', 'Freitas', 8),
  (1232, 'Ecuador', '5', 14, 22, 4000000, 'Elias', 'Sosa', 88),
  (1233, 'Argentina', '10', 4, 13, 500000, 'Maxime', 'Colombo', 6),
  (1234, 'Croacia', '3', 11, 24, 6000000, 'Luca', 'Baker', 179),
  (1235, 'Italia', '2', 20, 4, 1000000, 'Martín', 'Beltrán', 70),
  (1236, 'Inglaterra', '10', 14, 18, 4000000, 'Elias', 'Reid', 160),
  (1237, 'Francia', '11', 20, 9, 500000, 'Liam', 'Salinas', 43),
  (1238, 'Inglaterra', '10', 19, 6, 1000000, 'Gabriele', 'Pinto', 163),
  (1239, 'Ecuador', '8', 30, 24, 500000, 'Rodrigo', 'Cortés', 37),
  (1240, 'Brasil', '7', 24, 14, 45000000, 'Elias', 'Neves', 102),
  (1241, 'Bélgica', '5', 27, 24, 60000000, 'Marco', 'Bianchi', 62),
  (1242, 'Países Bajos', '6', 28, 24, 20000000, 'Thiago', 'Nuñez', 38),
  (1243, 'Alemania', '10', 33, 12, 750000, 'Renato', 'Rinaldi', 124),
  (1244, 'Ecuador', '1', 9, 11, 15000000, 'Adrián', 'Cabral', 105),
  (1245, 'Polonia', '10', 15, 7, 60000000, 'Léo', 'Villalba', 118),
  (1246, 'Chile', '9', 12, 19, 500000, 'Vicente', 'Girard', 175),
  (1247, 'Uruguay', '8', 6, 12, 1000000, 'Ezequiel', 'Nogueira', 174),
  (1248, 'Croacia', '1', 19, 10, 4000000, 'Simone', 'Marino', 79),
  (1249, 'Polonia', '10', 3, 5, 1500000, 'Gabriele', 'Costa', 134),
  (1250, 'Colombia', '8', 32, 2, 2500000, 'Bruno', 'Pires', 160),
  (1251, 'Portugal', '7', 22, 22, 30000000, 'Noah', 'Cifuentes', 181),
  (1252, 'Serbia', '11', 7, 13, 9000000, 'Giovanni', 'Cardozo', 167),
  (1253, 'Uruguay', '9', 14, 12, 500000, 'Damián', 'Bennett', 172),
  (1254, 'Argentina', '7', 8, 8, 2500000, 'Franco', 'Nuñez', 42),
  (1255, 'Croacia', '2', 6, 12, 750000, 'Tomé', 'Ledesma', 6),
  (1256, 'Chile', '11', 26, 15, 45000000, 'Simone', 'Bianchi', 15),
  (1257, 'Países Bajos', '3', 7, 21, 300000, 'James', 'Johnson', 92),
  (1258, 'Chile', '6', 33, 16, 1000000, 'Louis', 'Villa', 97),
  (1259, 'Italia', '10', 4, 1, 6000000, 'Facundo', 'Marino', 87),
  (1260, 'Perú', '4', 25, 16, 1500000, 'Elijah', 'Baker', 158),
  (1261, 'Brasil', '4', 25, 21, 20000000, 'Martim', 'Roche', 34),
  (1262, 'Inglaterra', '8', 30, 9, 9000000, 'Mason', 'Mendes', 161),
  (1263, 'Inglaterra', '6', 27, 15, 9000000, 'Benjamín', 'Vieira', 50),
  (1264, 'Uruguay', '3', 15, 23, 6000000, 'Ezequiel', 'Cabrera', 54),
  (1265, 'Bélgica', '9', 15, 20, 1000000, 'Benjamín', 'Colombo', 153),
  (1266, 'Inglaterra', '11', 4, 23, 300000, 'Nathan', 'Bennett', 11),
  (1267, 'Croacia', '5', 2, 14, 30000000, 'Louis', 'Ocampo', 34),
  (1268, 'Inglaterra', '5', 19, 17, 2500000, 'Gabriele', 'Bennett', 185),
  (1269, 'Ecuador', '6', 20, 11, 45000000, 'Maximiliano', 'Vieira', 22),
  (1270, 'Uruguay', '7', 18, 6, 20000000, 'Tomé', 'Morel', 161),
  (1271, 'Serbia', '10', 14, 21, 2500000, 'Giovanni', 'Colombo', 155),
  (1272, 'Colombia', '11', 19, 8, 2500000, 'Davide', 'Tapia', 180),
  (1273, 'Serbia', '6', 26, 3, 9000000, 'Emilio', 'Barros', 90),
  (1274, 'Paraguay', '9', 30, 17, 6000000, 'Martín', 'Herrera', 130),
  (1275, 'Alemania', '4', 7, 5, 15000000, 'Bautista', 'Rojas', 138),
  (1276, 'Uruguay', '4', 3, 24, 2500000, 'Franco', 'Acosta', 186),
  (1277, 'Chile', '2', 15, 10, 500000, 'Andrés', 'Bianchi', 62),
  (1278, 'Bélgica', '5', 4, 13, 60000000, 'Maxime', 'Ocampo', 87),
  (1279, 'Inglaterra', '11', 31, 11, 1500000, 'Benjamín', 'Marino', 60),
  (1280, 'Alemania', '1', 12, 8, 1000000, 'Francesco', 'Batista', 150),
  (1281, 'Argentina', '8', 18, 12, 1000000, 'Elias', 'Johnson', 67),
  (1282, 'Inglaterra', '3', 16, 19, 60000000, 'Francesco', 'Teixeira', 167),
  (1283, 'Uruguay', '9', 9, 18, 30000000, 'Ezequiel', 'Fabre', 78),
  (1284, 'Argentina', '2', 6, 21, 750000, 'Simón', 'Cardoso', 161),
  (1285, 'México', '4', 9, 3, 60000000, 'Oliver', 'Ferreyra', 76),
  (1286, 'Alemania', '9', 15, 4, 45000000, 'Giovanni', 'Ferreyra', 101),
  (1287, 'Ecuador', '2', 20, 17, 2500000, 'Maximiliano', 'Correia', 9),
  (1288, 'Alemania', '4', 5, 23, 9000000, 'André', 'Baker', 160),
  (1289, 'México', '10', 7, 1, 6000000, 'Martín', 'Faure', 56),
  (1290, 'Francia', '2', 10, 26, 4000000, 'Elias', 'Mendes', 130),
  (1291, 'Perú', '1', 29, 5, 30000000, 'Diego', 'Blanc', 24),
  (1292, 'Perú', '3', 31, 5, 15000000, 'Gonzalo', 'Roldán', 40),
  (1293, 'Francia', '2', 4, 15, 20000000, 'Diego', 'Freitas', 21),
  (1294, 'Italia', '8', 21, 7, 9000000, 'Fabián', 'Fonseca', 15),
  (1295, 'Portugal', '6', 20, 10, 2500000, 'Ethan', 'Cardozo', 165),
  (1296, 'Francia', '7', 10, 11, 2500000, 'Tomás', 'Mendes', 21),
  (1297, 'Uruguay', '3', 7, 20, 15000000, 'Riccardo', 'Freitas', 104),
  (1298, 'Ecuador', '8', 6, 2, 1500000, 'Matías', 'Salinas', 133),
  (1299, 'Inglaterra', '4', 26, 16, 2500000, 'Renato', 'Cardozo', 15),
  (1300, 'Chile', '7', 20, 3, 300000, 'Facundo', 'Salinas', 104),
  (1301, 'Perú', '9', 2, 9, 500000, 'Riccardo', 'Sosa', 97),
  (1302, 'Argentina', '9', 11, 22, 20000000, 'Duarte', 'Acosta', 188),
  (1303, 'Portugal', '10', 13, 6, 60000000, 'Bautista', 'Rousseau', 166),
  (1304, 'Portugal', '4', 20, 18, 1500000, 'Rodrigo', 'Guerrero', 80),
  (1305, 'Colombia', '8', 2, 3, 500000, 'André', 'Baker', 181),
  (1306, 'Colombia', '1', 2, 16, 6000000, 'Ismael', 'Tapia', 119),
  (1307, 'Francia', '8', 22, 5, 300000, 'Lucas', 'Muñoz', 181),
  (1308, 'Bélgica', '1', 8, 23, 30000000, 'Benjamín', 'Grassi', 122),
  (1309, 'Bélgica', '10', 29, 1, 750000, 'Nathan', 'Girard', 170),
  (1310, 'España', '5', 13, 8, 6000000, 'Ismael', 'Machado', 91),
  (1311, 'Polonia', '11', 30, 22, 500000, 'Martim', 'Girard', 172),
  (1312, 'Ecuador', '6', 18, 10, 6000000, 'André', 'Ferreyra', 121),
  (1313, 'Francia', '1', 27, 10, 30000000, 'Francesco', 'Bennett', 87),
  (1314, 'Brasil', '8', 21, 3, 1000000, 'Franco', 'Nogueira', 106),
  (1315, 'Italia', '10', 28, 25, 1500000, 'Cristóbal', 'Greco', 24),
  (1316, 'Paraguay', '5', 21, 13, 1500000, 'Diego', 'Batista', 41),
  (1317, 'Serbia', '5', 8, 5, 9000000, 'Kevin', 'Mendes', 134),
  (1318, 'Italia', '5', 8, 13, 6000000, 'Franco', 'Batista', 189),
  (1319, 'Croacia', '9', 15, 10, 15000000, 'Bruno', 'Rocha', 46),
  (1320, 'Inglaterra', '1', 5, 7, 6000000, 'Maxime', 'Greco', 50),
  (1321, 'Uruguay', '4', 33, 26, 2500000, 'Duarte', 'Roche', 39),
  (1322, 'Polonia', '7', 30, 1, 30000000, 'Joaquín', 'Bennett', 123),
  (1323, 'Portugal', '5', 5, 17, 300000, 'Joaquín', 'Bianchi', 172),
  (1324, 'Italia', '7', 5, 12, 300000, 'Sacha', 'Freitas', 44),
  (1325, 'Uruguay', '2', 1, 26, 20000000, 'Louis', 'Turner', 109),
  (1326, 'España', '4', 13, 18, 6000000, 'Adrián', 'Ferrari', 139),
  (1327, 'Serbia', '7', 9, 13, 2500000, 'Riccardo', 'Fabre', 46),
  (1328, 'Croacia', '1', 22, 9, 2500000, 'Marco', 'Vieira', 23),
  (1329, 'Polonia', '10', 27, 10, 500000, 'Lautaro', 'Roldán', 57),
  (1330, 'Chile', '9', 24, 24, 300000, 'Enzo', 'Pires', 145),
  (1331, 'Brasil', '3', 8, 5, 15000000, 'Louis', 'Bravo', 89),
  (1332, 'Paraguay', '11', 30, 1, 500000, 'Matías', 'Bruno', 160),
  (1333, 'Chile', '9', 29, 6, 9000000, 'João', 'Smith', 157),
  (1334, 'Paraguay', '8', 29, 3, 2500000, 'Franco', 'Muñoz', 27),
  (1335, 'Ecuador', '8', 7, 2, 1500000, 'Luca', 'Faure', 122),
  (1336, 'Bélgica', '7', 25, 14, 300000, 'Facundo', 'Rojas', 170),
  (1337, 'Portugal', '3', 26, 9, 15000000, 'Hernán', 'Ledesma', 9),
  (1338, 'Argentina', '11', 18, 14, 20000000, 'André', 'Bianchi', 108),
  (1339, 'Países Bajos', '2', 7, 17, 45000000, 'Facundo', 'Nogueira', 30),
  (1340, 'Países Bajos', '11', 29, 15, 500000, 'Damián', 'Rousseau', 27),
  (1341, 'Países Bajos', '1', 23, 3, 45000000, 'Andrés', 'Correia', 29),
  (1342, 'España', '1', 17, 23, 45000000, 'Marco', 'Tapia', 91),
  (1343, 'Serbia', '7', 21, 25, 500000, 'Oliver', 'Rousseau', 87),
  (1344, 'Uruguay', '6', 28, 1, 1500000, 'Ismael', 'Bianchi', 99),
  (1345, 'Perú', '10', 29, 12, 20000000, 'Matteo', 'Turner', 102),
  (1346, 'Inglaterra', '2', 19, 13, 1500000, 'Enzo', 'Morelli', 114),
  (1347, 'Francia', '11', 6, 24, 1000000, 'Liam', 'Turner', 33),
  (1348, 'Paraguay', '9', 26, 23, 45000000, 'Oliver', 'Cortés', 34),
  (1349, 'Ecuador', '9', 6, 24, 300000, 'Benjamín', 'Escobar', 174),
  (1350, 'Perú', '6', 7, 6, 15000000, 'Rodrigo', 'Batista', 121),
  (1351, 'México', '4', 28, 8, 300000, 'Martín', 'Costa', 66),
  (1352, 'Uruguay', '7', 2, 15, 45000000, 'Adrián', 'Barros', 154),
  (1353, 'Inglaterra', '1', 7, 5, 6000000, 'Hugo', 'Cabral', 46),
  (1354, 'México', '4', 30, 3, 4000000, 'Matías', 'Baker', 131),
  (1355, 'Paraguay', '10', 20, 23, 1000000, 'Gonzalo', 'Machado', 2),
  (1356, 'Croacia', '3', 18, 17, 60000000, 'Sebastián', 'Batista', 192),
  (1357, 'Croacia', '6', 19, 4, 1500000, 'Joaquín', 'De Luca', 21),
  (1358, 'Colombia', '1', 6, 23, 30000000, 'Leandro', 'Fabre', 46),
  (1359, 'Argentina', '4', 1, 9, 1000000, 'Nathan', 'Vieira', 153),
  (1360, 'Países Bajos', '7', 24, 5, 45000000, 'Théo', 'Ibáñez', 185),
  (1361, 'España', '10', 15, 26, 1000000, 'Tiago', 'Greco', 102),
  (1362, 'Polonia', '5', 29, 24, 2500000, 'Tomás', 'Cardozo', 102),
  (1363, 'Colombia', '6', 16, 14, 500000, 'Christian', 'Guerrero', 102),
  (1364, 'España', '1', 10, 18, 30000000, 'Ethan', 'Fonseca', 179),
  (1365, 'Ecuador', '1', 10, 2, 500000, 'Marco', 'Colombo', 65),
  (1366, 'Paraguay', '3', 5, 11, 300000, 'Martín', 'Herrera', 93),
  (1367, 'Italia', '7', 16, 25, 1500000, 'Owen', 'Muñoz', 161),
  (1368, 'Italia', '7', 30, 26, 45000000, 'Tiago', 'Cardoso', 71),
  (1369, 'Francia', '7', 7, 17, 300000, 'Mason', 'Acosta', 64),
  (1370, 'Alemania', '10', 31, 19, 500000, 'Sacha', 'Greco', 182),
  (1371, 'Portugal', '3', 29, 6, 20000000, 'Thiago', 'Cardoso', 92),
  (1372, 'Polonia', '11', 24, 17, 6000000, 'Ezequiel', 'Bravo', 88),
  (1373, 'Chile', '2', 3, 6, 20000000, 'Gabriele', 'Villalba', 138),
  (1374, 'México', '4', 24, 25, 4000000, 'Sacha', 'Andre', 126),
  (1375, 'Francia', '2', 21, 2, 500000, 'Benjamín', 'Cardozo', 146),
  (1376, 'Colombia', '10', 24, 5, 500000, 'Christian', 'Vieira', 126),
  (1377, 'Croacia', '10', 18, 21, 1500000, 'Hernán', 'Marsh', 93),
  (1378, 'Perú', '7', 9, 8, 9000000, 'Yanis', 'Escobar', 56),
  (1379, 'Argentina', '3', 4, 18, 500000, 'André', 'Costa', 11),
  (1380, 'Francia', '7', 12, 22, 2500000, 'Owen', 'Tapia', 30),
  (1381, 'Croacia', '2', 25, 25, 300000, 'Louis', 'Fuentes', 89),
  (1382, 'Bélgica', '1', 33, 14, 2500000, 'Benjamín', 'Fuentes', 173),
  (1383, 'Bélgica', '4', 32, 10, 2500000, 'Marco', 'Lefevre', 97),
  (1384, 'España', '7', 11, 3, 45000000, 'Hernán', 'Coutinho', 29),
  (1385, 'España', '3', 31, 19, 45000000, 'Oliver', 'Teixeira', 52),
  (1386, 'Ecuador', '4', 2, 25, 20000000, 'Julián', 'Bianchi', 129),
  (1387, 'Serbia', '3', 4, 9, 30000000, 'Ricardo', 'Greco', 9),
  (1388, 'Paraguay', '3', 19, 24, 500000, 'Afonso', 'Pires', 80),
  (1389, 'Paraguay', '9', 15, 3, 2500000, 'Andrés', 'Freitas', 102),
  (1390, 'Ecuador', '1', 12, 13, 60000000, 'Emilio', 'Morel', 106),
  (1391, 'Portugal', '4', 4, 10, 20000000, 'Damián', 'Ledesma', 54),
  (1392, 'Serbia', '10', 32, 20, 60000000, 'Maxime', 'Greco', 134),
  (1393, 'Uruguay', '4', 2, 10, 6000000, 'Gonzalo', 'Greco', 49),
  (1394, 'Ecuador', '3', 8, 12, 1000000, 'Tiago', 'Faure', 171),
  (1395, 'Ecuador', '10', 7, 1, 750000, 'Marco', 'Reid', 113),
  (1396, 'Perú', '8', 20, 16, 20000000, 'Duarte', 'Rocha', 77),
  (1397, 'Alemania', '4', 11, 8, 45000000, 'Guilherme', 'Freitas', 75),
  (1398, 'Brasil', '4', 22, 26, 9000000, 'Matías', 'Costa', 91),
  (1399, 'Colombia', '9', 5, 9, 2500000, 'Ismael', 'Foster', 58),
  (1400, 'España', '8', 4, 12, 6000000, 'Vasco', 'Blanc', 93),
  (1401, 'Serbia', '2', 1, 2, 1000000, 'Matías', 'Dubois', 34),
  (1402, 'Croacia', '7', 8, 16, 2500000, 'Facundo', 'Nuñez', 175),
  (1403, 'Colombia', '6', 9, 21, 20000000, 'Mason', 'Villa', 149),
  (1404, 'Serbia', '9', 30, 20, 1500000, 'Davide', 'Correia', 44),
  (1405, 'Chile', '1', 24, 4, 750000, 'Luca', 'Cortés', 14),
  (1406, 'Alemania', '10', 6, 9, 750000, 'Giovanni', 'Pacheco', 127),
  (1407, 'Portugal', '6', 7, 4, 750000, 'Nahuel', 'Rojas', 62),
  (1408, 'Croacia', '5', 11, 15, 1500000, 'Agustín', 'Rousseau', 156),
  (1409, 'Alemania', '8', 31, 26, 1000000, 'Pablo', 'Aguirre', 24),
  (1410, 'Colombia', '4', 33, 3, 2500000, 'Fabián', 'Pinto', 153),
  (1411, 'Croacia', '1', 24, 5, 1500000, 'Bruno', 'Rousseau', 102),
  (1412, 'Alemania', '4', 2, 25, 20000000, 'Nicolás', 'Pacheco', 38),
  (1413, 'México', '4', 28, 15, 500000, 'Damián', 'Morel', 163),
  (1414, 'Serbia', '4', 24, 26, 60000000, 'Marco', 'Carvalho', 86),
  (1415, 'Inglaterra', '4', 20, 5, 30000000, 'Hugo', 'Pacheco', 40),
  (1416, 'Argentina', '11', 24, 13, 30000000, 'Tomás', 'Baker', 158),
  (1417, 'Serbia', '4', 8, 9, 1000000, 'Kevin', 'Batista', 188),
  (1418, 'Inglaterra', '8', 31, 17, 2500000, 'Elijah', 'Guerrero', 153),
  (1419, 'Chile', '2', 10, 7, 300000, 'Enzo', 'Fabbri', 5),
  (1420, 'Alemania', '9', 18, 18, 1000000, 'Facundo', 'Marino', 67),
  (1421, 'Serbia', '11', 20, 8, 6000000, 'Lucas', 'Fabbri', 134),
  (1422, 'Francia', '3', 22, 26, 2500000, 'Riccardo', 'Batista', 135),
  (1423, 'Italia', '2', 29, 2, 15000000, 'Nathan', 'Turner', 63),
  (1424, 'España', '11', 14, 22, 20000000, 'Nathan', 'Bianchi', 190),
  (1425, 'Chile', '10', 28, 16, 1500000, 'Simón', 'Greco', 74),
  (1426, 'México', '7', 17, 4, 1000000, 'Giovanni', 'Lefevre', 111),
  (1427, 'Croacia', '11', 11, 23, 15000000, 'Ezequiel', 'Foster', 152),
  (1428, 'Uruguay', '10', 3, 24, 4000000, 'Vasco', 'Rocha', 42),
  (1429, 'España', '9', 15, 22, 4000000, 'Gonzalo', 'Ferrari', 122),
  (1430, 'Inglaterra', '9', 8, 22, 300000, 'Renato', 'Machado', 51),
  (1431, 'Inglaterra', '1', 26, 25, 20000000, 'André', 'Cabral', 184),
  (1432, 'Países Bajos', '4', 4, 14, 6000000, 'Owen', 'Cortés', 132),
  (1433, 'Francia', '3', 29, 4, 60000000, 'Thiago', 'Neves', 118),
  (1434, 'México', '7', 14, 22, 1500000, 'Martín', 'De Luca', 135),
  (1435, 'Italia', '1', 16, 8, 9000000, 'Lautaro', 'Beltrán', 189),
  (1436, 'Paraguay', '4', 19, 12, 15000000, 'Adrián', 'Marsh', 146),
  (1437, 'Francia', '3', 2, 6, 500000, 'Simone', 'Pinto', 46),
  (1438, 'Alemania', '3', 33, 15, 2500000, 'Adrián', 'Grassi', 96),
  (1439, 'España', '11', 5, 7, 60000000, 'Guilherme', 'Andre', 153),
  (1440, 'Chile', '5', 2, 3, 20000000, 'Bruno', 'Morel', 174),
  (1441, 'Uruguay', '10', 10, 7, 4000000, 'Adrián', 'Morel', 9),
  (1442, 'Inglaterra', '5', 5, 16, 45000000, 'Maxime', 'Rojas', 126),
  (1443, 'Ecuador', '6', 19, 24, 2500000, 'Matteo', 'Nuñez', 9),
  (1444, 'México', '7', 16, 20, 500000, 'Simón', 'Correia', 148),
  (1445, 'Francia', '11', 15, 20, 20000000, 'Mateo', 'Bruno', 99),
  (1446, 'Ecuador', '6', 27, 2, 9000000, 'João', 'Correia', 108),
  (1447, 'Polonia', '11', 31, 4, 45000000, 'Davide', 'Reid', 155),
  (1448, 'Francia', '4', 30, 24, 45000000, 'Lautaro', 'Salinas', 10),
  (1449, 'Polonia', '5', 25, 16, 1500000, 'Julián', 'Turner', 104),
  (1450, 'Francia', '7', 19, 18, 500000, 'Owen', 'Nogueira', 91),
  (1451, 'Uruguay', '7', 9, 2, 300000, 'Duarte', 'Freitas', 21),
  (1452, 'Paraguay', '9', 14, 11, 30000000, 'Tomás', 'Bianchi', 85),
  (1453, 'Uruguay', '7', 7, 21, 6000000, 'Cristóbal', 'Faure', 66),
  (1454, 'México', '11', 15, 6, 45000000, 'Bruno', 'Palmer', 94),
  (1455, 'Brasil', '8', 4, 19, 60000000, 'Bautista', 'De Luca', 88),
  (1456, 'Alemania', '5', 21, 14, 9000000, 'Enzo', 'Sosa', 140),
  (1457, 'Polonia', '5', 29, 9, 30000000, 'Théo', 'Neves', 183),
  (1458, 'Colombia', '6', 32, 2, 30000000, 'Ezequiel', 'Grassi', 36),
  (1459, 'Serbia', '8', 20, 24, 500000, 'Fabián', 'Nogueira', 38),
  (1460, 'Bélgica', '11', 23, 19, 1500000, 'Tomás', 'Cardoso', 49),
  (1461, 'México', '11', 12, 22, 1500000, 'Pablo', 'Nogueira', 20),
  (1462, 'Serbia', '9', 31, 22, 30000000, 'Tomás', 'Amaral', 68),
  (1463, 'Bélgica', '6', 26, 5, 30000000, 'Francesco', 'Palmer', 39),
  (1464, 'Perú', '9', 5, 19, 60000000, 'Aiden', 'Cardoso', 42),
  (1465, 'Uruguay', '9', 23, 15, 45000000, 'Martim', 'Villa', 185),
  (1466, 'Argentina', '9', 30, 7, 500000, 'Maximiliano', 'Ocampo', 76),
  (1467, 'Países Bajos', '10', 15, 3, 20000000, 'Tomás', 'Hughes', 21),
  (1468, 'Inglaterra', '8', 3, 10, 20000000, 'Tiago', 'Vieira', 18),
  (1469, 'Uruguay', '9', 1, 20, 1500000, 'João', 'Bruno', 86),
  (1470, 'Colombia', '3', 14, 19, 4000000, 'Maximiliano', 'Tapia', 157),
  (1471, 'Portugal', '10', 8, 20, 20000000, 'Vicente', 'Girard', 83),
  (1472, 'Colombia', '1', 16, 18, 30000000, 'Sacha', 'Roldán', 9),
  (1473, 'Chile', '11', 27, 4, 4000000, 'Tomé', 'Pinto', 147),
  (1474, 'Portugal', '8', 33, 25, 300000, 'Vasco', 'Pires', 130),
  (1475, 'Chile', '6', 11, 7, 6000000, 'Thiago', 'Hughes', 121);

-- Datos de los jugadores adicionales (lote 2)
INSERT INTO Datos (edad, altura, peso, pierna_habil, id_jugador) VALUES
  (35, 187, 73, 'Derecha', 1176),
  (22, 174, 88, 'Derecha', 1177),
  (31, 189, 79, 'Derecha', 1178),
  (29, 166, 91, 'Izquierda', 1179),
  (32, 168, 63, 'Derecha', 1180),
  (30, 167, 73, 'Izquierda', 1181),
  (22, 184, 87, 'Izquierda', 1182),
  (32, 185, 76, 'Derecha', 1183),
  (26, 191, 64, 'Ambas', 1184),
  (22, 196, 78, 'Ambas', 1185),
  (31, 186, 74, 'Derecha', 1186),
  (34, 186, 64, 'Izquierda', 1187),
  (32, 198, 81, 'Izquierda', 1188),
  (29, 180, 82, 'Derecha', 1189),
  (23, 178, 64, 'Izquierda', 1190),
  (31, 193, 79, 'Izquierda', 1191),
  (19, 181, 86, 'Izquierda', 1192),
  (24, 190, 65, 'Izquierda', 1193),
  (24, 190, 92, 'Derecha', 1194),
  (21, 175, 70, 'Izquierda', 1195),
  (28, 175, 65, 'Ambas', 1196),
  (29, 189, 83, 'Derecha', 1197),
  (21, 178, 75, 'Ambas', 1198),
  (21, 183, 66, 'Derecha', 1199),
  (18, 171, 89, 'Derecha', 1200),
  (31, 176, 87, 'Izquierda', 1201),
  (19, 193, 65, 'Derecha', 1202),
  (19, 185, 85, 'Derecha', 1203),
  (30, 193, 84, 'Ambas', 1204),
  (35, 171, 90, 'Derecha', 1205),
  (19, 189, 64, 'Ambas', 1206),
  (34, 180, 91, 'Ambas', 1207),
  (23, 191, 86, 'Derecha', 1208),
  (31, 171, 73, 'Izquierda', 1209),
  (33, 193, 83, 'Derecha', 1210),
  (30, 197, 65, 'Derecha', 1211),
  (20, 193, 89, 'Ambas', 1212),
  (34, 186, 64, 'Derecha', 1213),
  (23, 178, 77, 'Izquierda', 1214),
  (19, 176, 85, 'Izquierda', 1215),
  (22, 174, 88, 'Izquierda', 1216),
  (28, 176, 73, 'Derecha', 1217),
  (31, 175, 70, 'Ambas', 1218),
  (32, 198, 67, 'Ambas', 1219),
  (25, 193, 92, 'Ambas', 1220),
  (28, 198, 65, 'Izquierda', 1221),
  (29, 182, 71, 'Ambas', 1222),
  (31, 189, 75, 'Derecha', 1223),
  (28, 195, 84, 'Derecha', 1224),
  (31, 182, 88, 'Ambas', 1225),
  (25, 172, 79, 'Izquierda', 1226),
  (24, 186, 88, 'Izquierda', 1227),
  (25, 175, 65, 'Izquierda', 1228),
  (28, 172, 68, 'Ambas', 1229),
  (33, 170, 83, 'Derecha', 1230),
  (23, 174, 71, 'Derecha', 1231),
  (30, 170, 80, 'Izquierda', 1232),
  (23, 172, 67, 'Izquierda', 1233),
  (33, 181, 66, 'Izquierda', 1234),
  (25, 166, 84, 'Izquierda', 1235),
  (33, 168, 65, 'Derecha', 1236),
  (32, 167, 90, 'Derecha', 1237),
  (25, 195, 73, 'Derecha', 1238),
  (26, 174, 88, 'Derecha', 1239),
  (19, 182, 90, 'Derecha', 1240),
  (32, 176, 63, 'Izquierda', 1241),
  (20, 178, 87, 'Izquierda', 1242),
  (31, 197, 66, 'Derecha', 1243),
  (33, 195, 86, 'Izquierda', 1244),
  (30, 173, 81, 'Ambas', 1245),
  (18, 185, 80, 'Izquierda', 1246),
  (19, 166, 92, 'Izquierda', 1247),
  (18, 170, 80, 'Derecha', 1248),
  (26, 187, 80, 'Izquierda', 1249),
  (27, 168, 69, 'Izquierda', 1250),
  (25, 196, 72, 'Ambas', 1251),
  (22, 184, 92, 'Izquierda', 1252),
  (31, 173, 92, 'Ambas', 1253),
  (19, 181, 78, 'Izquierda', 1254),
  (32, 192, 77, 'Derecha', 1255),
  (35, 195, 78, 'Izquierda', 1256),
  (30, 171, 77, 'Ambas', 1257),
  (33, 187, 84, 'Izquierda', 1258),
  (19, 185, 65, 'Izquierda', 1259),
  (24, 171, 72, 'Izquierda', 1260),
  (20, 186, 76, 'Derecha', 1261),
  (20, 167, 88, 'Izquierda', 1262),
  (26, 188, 71, 'Izquierda', 1263),
  (23, 172, 88, 'Ambas', 1264),
  (33, 177, 89, 'Derecha', 1265),
  (34, 183, 81, 'Ambas', 1266),
  (18, 177, 90, 'Izquierda', 1267),
  (35, 186, 79, 'Izquierda', 1268),
  (21, 182, 82, 'Derecha', 1269),
  (22, 179, 71, 'Izquierda', 1270),
  (25, 187, 65, 'Ambas', 1271),
  (20, 174, 78, 'Ambas', 1272),
  (24, 190, 87, 'Izquierda', 1273),
  (27, 166, 77, 'Ambas', 1274),
  (34, 169, 85, 'Derecha', 1275),
  (23, 166, 71, 'Derecha', 1276),
  (22, 168, 76, 'Izquierda', 1277),
  (29, 183, 71, 'Izquierda', 1278),
  (33, 183, 70, 'Izquierda', 1279),
  (31, 170, 86, 'Ambas', 1280),
  (33, 168, 81, 'Izquierda', 1281),
  (25, 196, 82, 'Ambas', 1282),
  (35, 186, 76, 'Ambas', 1283),
  (30, 176, 89, 'Izquierda', 1284),
  (30, 188, 69, 'Ambas', 1285),
  (26, 194, 71, 'Derecha', 1286),
  (31, 178, 68, 'Ambas', 1287),
  (27, 169, 64, 'Derecha', 1288),
  (29, 190, 66, 'Derecha', 1289),
  (27, 188, 65, 'Derecha', 1290),
  (22, 191, 78, 'Derecha', 1291),
  (34, 192, 69, 'Derecha', 1292),
  (23, 198, 66, 'Izquierda', 1293),
  (22, 194, 75, 'Izquierda', 1294),
  (35, 196, 63, 'Ambas', 1295),
  (19, 184, 69, 'Izquierda', 1296),
  (22, 183, 74, 'Derecha', 1297),
  (31, 190, 78, 'Izquierda', 1298),
  (31, 189, 71, 'Izquierda', 1299),
  (25, 198, 82, 'Ambas', 1300),
  (31, 174, 65, 'Izquierda', 1301),
  (21, 167, 70, 'Izquierda', 1302),
  (34, 176, 67, 'Ambas', 1303),
  (18, 176, 92, 'Ambas', 1304),
  (27, 193, 85, 'Derecha', 1305),
  (30, 190, 63, 'Izquierda', 1306),
  (20, 167, 76, 'Ambas', 1307),
  (25, 167, 92, 'Derecha', 1308),
  (30, 177, 84, 'Derecha', 1309),
  (26, 171, 78, 'Derecha', 1310),
  (24, 190, 80, 'Izquierda', 1311),
  (32, 168, 64, 'Derecha', 1312),
  (32, 183, 78, 'Derecha', 1313),
  (24, 178, 89, 'Izquierda', 1314),
  (19, 194, 64, 'Ambas', 1315),
  (29, 177, 80, 'Izquierda', 1316),
  (25, 177, 85, 'Derecha', 1317),
  (21, 191, 83, 'Derecha', 1318),
  (35, 188, 82, 'Ambas', 1319),
  (18, 168, 73, 'Izquierda', 1320),
  (30, 170, 82, 'Izquierda', 1321),
  (31, 169, 63, 'Izquierda', 1322),
  (33, 185, 69, 'Izquierda', 1323),
  (26, 178, 63, 'Derecha', 1324),
  (33, 183, 84, 'Derecha', 1325),
  (31, 172, 64, 'Ambas', 1326),
  (29, 167, 72, 'Ambas', 1327),
  (33, 193, 78, 'Derecha', 1328),
  (26, 179, 71, 'Izquierda', 1329),
  (30, 197, 92, 'Ambas', 1330),
  (26, 175, 78, 'Derecha', 1331),
  (30, 181, 78, 'Izquierda', 1332),
  (22, 172, 79, 'Ambas', 1333),
  (19, 178, 87, 'Ambas', 1334),
  (35, 181, 70, 'Derecha', 1335),
  (25, 186, 90, 'Derecha', 1336),
  (22, 183, 70, 'Derecha', 1337),
  (20, 169, 67, 'Derecha', 1338),
  (22, 189, 92, 'Derecha', 1339),
  (24, 178, 67, 'Derecha', 1340),
  (18, 193, 74, 'Derecha', 1341),
  (26, 180, 67, 'Ambas', 1342),
  (34, 194, 92, 'Izquierda', 1343),
  (26, 189, 88, 'Ambas', 1344),
  (30, 193, 92, 'Izquierda', 1345),
  (31, 168, 87, 'Izquierda', 1346),
  (19, 172, 69, 'Derecha', 1347),
  (20, 168, 86, 'Derecha', 1348),
  (35, 182, 80, 'Izquierda', 1349),
  (31, 168, 90, 'Izquierda', 1350),
  (23, 181, 77, 'Ambas', 1351),
  (28, 169, 68, 'Ambas', 1352),
  (23, 166, 76, 'Izquierda', 1353),
  (27, 170, 76, 'Ambas', 1354),
  (28, 189, 73, 'Ambas', 1355),
  (27, 172, 90, 'Izquierda', 1356),
  (21, 190, 83, 'Izquierda', 1357),
  (23, 170, 73, 'Izquierda', 1358),
  (22, 173, 68, 'Derecha', 1359),
  (25, 185, 84, 'Derecha', 1360),
  (20, 194, 88, 'Derecha', 1361),
  (20, 192, 87, 'Izquierda', 1362),
  (19, 189, 92, 'Ambas', 1363),
  (18, 170, 85, 'Izquierda', 1364),
  (20, 191, 72, 'Ambas', 1365),
  (26, 197, 63, 'Izquierda', 1366),
  (30, 189, 78, 'Izquierda', 1367),
  (18, 179, 85, 'Ambas', 1368),
  (33, 184, 69, 'Ambas', 1369),
  (30, 185, 66, 'Ambas', 1370),
  (32, 182, 69, 'Ambas', 1371),
  (25, 190, 72, 'Ambas', 1372),
  (19, 178, 90, 'Derecha', 1373),
  (26, 182, 85, 'Ambas', 1374),
  (18, 194, 71, 'Izquierda', 1375),
  (30, 189, 86, 'Izquierda', 1376),
  (34, 191, 83, 'Ambas', 1377),
  (28, 188, 66, 'Ambas', 1378),
  (33, 195, 76, 'Izquierda', 1379),
  (35, 170, 88, 'Izquierda', 1380),
  (31, 196, 80, 'Ambas', 1381),
  (20, 169, 81, 'Derecha', 1382),
  (33, 175, 66, 'Derecha', 1383),
  (20, 189, 79, 'Izquierda', 1384),
  (33, 193, 85, 'Derecha', 1385),
  (34, 182, 63, 'Izquierda', 1386),
  (19, 196, 80, 'Izquierda', 1387),
  (25, 181, 76, 'Derecha', 1388),
  (21, 176, 88, 'Ambas', 1389),
  (21, 177, 75, 'Derecha', 1390),
  (32, 175, 74, 'Derecha', 1391),
  (28, 193, 68, 'Ambas', 1392),
  (23, 191, 81, 'Derecha', 1393),
  (35, 171, 91, 'Ambas', 1394),
  (26, 167, 63, 'Izquierda', 1395),
  (29, 196, 82, 'Ambas', 1396),
  (19, 189, 92, 'Izquierda', 1397),
  (19, 198, 81, 'Ambas', 1398),
  (19, 189, 72, 'Derecha', 1399),
  (22, 166, 87, 'Ambas', 1400),
  (25, 176, 75, 'Derecha', 1401),
  (35, 185, 63, 'Derecha', 1402),
  (34, 188, 81, 'Ambas', 1403),
  (18, 196, 83, 'Izquierda', 1404),
  (34, 176, 86, 'Izquierda', 1405),
  (29, 167, 78, 'Derecha', 1406),
  (34, 182, 90, 'Izquierda', 1407),
  (28, 196, 92, 'Derecha', 1408),
  (30, 181, 90, 'Ambas', 1409),
  (21, 176, 68, 'Derecha', 1410),
  (30, 188, 92, 'Izquierda', 1411),
  (20, 196, 81, 'Izquierda', 1412),
  (21, 169, 84, 'Ambas', 1413),
  (29, 187, 68, 'Derecha', 1414),
  (25, 184, 75, 'Ambas', 1415),
  (22, 189, 64, 'Izquierda', 1416),
  (26, 187, 75, 'Izquierda', 1417),
  (18, 187, 89, 'Izquierda', 1418),
  (26, 186, 89, 'Ambas', 1419),
  (32, 166, 74, 'Izquierda', 1420),
  (24, 181, 87, 'Ambas', 1421),
  (20, 172, 78, 'Izquierda', 1422),
  (19, 197, 92, 'Ambas', 1423),
  (22, 183, 84, 'Izquierda', 1424),
  (18, 180, 72, 'Derecha', 1425),
  (20, 167, 85, 'Ambas', 1426),
  (27, 184, 77, 'Ambas', 1427),
  (21, 168, 72, 'Derecha', 1428),
  (21, 175, 73, 'Izquierda', 1429),
  (25, 175, 82, 'Izquierda', 1430),
  (18, 190, 75, 'Ambas', 1431),
  (18, 189, 70, 'Derecha', 1432),
  (20, 188, 83, 'Derecha', 1433),
  (23, 175, 66, 'Izquierda', 1434),
  (27, 175, 87, 'Izquierda', 1435),
  (26, 177, 71, 'Ambas', 1436),
  (29, 180, 70, 'Izquierda', 1437),
  (23, 175, 72, 'Derecha', 1438),
  (34, 185, 85, 'Ambas', 1439),
  (18, 182, 76, 'Ambas', 1440),
  (19, 196, 74, 'Ambas', 1441),
  (32, 183, 88, 'Ambas', 1442),
  (29, 182, 79, 'Derecha', 1443),
  (24, 187, 73, 'Derecha', 1444),
  (22, 178, 71, 'Derecha', 1445),
  (27, 169, 65, 'Izquierda', 1446),
  (28, 166, 71, 'Ambas', 1447),
  (28, 196, 88, 'Izquierda', 1448),
  (20, 196, 68, 'Derecha', 1449),
  (20, 168, 67, 'Derecha', 1450),
  (18, 177, 63, 'Izquierda', 1451),
  (25, 180, 92, 'Izquierda', 1452),
  (19, 190, 69, 'Derecha', 1453),
  (34, 190, 65, 'Izquierda', 1454),
  (35, 191, 87, 'Ambas', 1455),
  (35, 194, 65, 'Ambas', 1456),
  (33, 166, 71, 'Derecha', 1457),
  (30, 190, 76, 'Izquierda', 1458),
  (20, 185, 71, 'Ambas', 1459),
  (31, 197, 77, 'Ambas', 1460),
  (27, 195, 83, 'Ambas', 1461),
  (27, 190, 83, 'Derecha', 1462),
  (28, 194, 92, 'Izquierda', 1463),
  (18, 173, 76, 'Derecha', 1464),
  (29, 198, 92, 'Ambas', 1465),
  (32, 185, 84, 'Ambas', 1466),
  (22, 195, 64, 'Ambas', 1467),
  (25, 198, 84, 'Ambas', 1468),
  (33, 178, 64, 'Ambas', 1469),
  (29, 178, 74, 'Derecha', 1470),
  (26, 179, 81, 'Derecha', 1471),
  (35, 196, 83, 'Ambas', 1472),
  (33, 191, 79, 'Izquierda', 1473),
  (18, 196, 73, 'Ambas', 1474),
  (23, 174, 63, 'Derecha', 1475);

-- Estadisticas de los jugadores adicionales (lote 2)
INSERT INTO Estadisticas (goles, asistencias, titulos_equipo, titulos_seleccion, titulos_individuales, id_jugador) VALUES
  (40, 17, 5, 2, 0, 1176),
  (74, 55, 7, 1, 0, 1177),
  (165, 23, 1, 1, 2, 1178),
  (58, 51, 8, 2, 0, 1179),
  (116, 24, 0, 1, 2, 1180),
  (120, 4, 8, 1, 3, 1181),
  (94, 16, 8, 1, 0, 1182),
  (40, 66, 5, 2, 0, 1183),
  (20, 25, 8, 0, 0, 1184),
  (101, 99, 0, 1, 3, 1185),
  (114, 43, 3, 0, 3, 1186),
  (13, 75, 6, 1, 0, 1187),
  (86, 6, 2, 0, 0, 1188),
  (118, 64, 4, 2, 0, 1189),
  (134, 21, 8, 0, 2, 1190),
  (39, 63, 2, 0, 0, 1191),
  (178, 37, 2, 1, 0, 1192),
  (10, 36, 2, 1, 0, 1193),
  (27, 65, 1, 2, 0, 1194),
  (110, 25, 6, 0, 0, 1195),
  (2, 37, 5, 2, 0, 1196),
  (106, 4, 4, 1, 2, 1197),
  (173, 9, 3, 0, 2, 1198),
  (92, 7, 4, 1, 0, 1199),
  (158, 12, 7, 1, 2, 1200),
  (78, 8, 0, 0, 0, 1201),
  (43, 85, 0, 2, 0, 1202),
  (53, 86, 0, 0, 0, 1203),
  (26, 11, 0, 0, 0, 1204),
  (148, 77, 2, 2, 0, 1205),
  (24, 62, 5, 1, 0, 1206),
  (134, 63, 5, 1, 3, 1207),
  (142, 31, 8, 2, 1, 1208),
  (118, 1, 1, 0, 2, 1209),
  (89, 83, 2, 1, 0, 1210),
  (46, 44, 3, 1, 0, 1211),
  (167, 57, 6, 1, 0, 1212),
  (73, 40, 4, 0, 0, 1213),
  (84, 60, 7, 1, 0, 1214),
  (130, 56, 4, 2, 1, 1215),
  (106, 19, 2, 1, 2, 1216),
  (25, 31, 0, 1, 0, 1217),
  (78, 21, 7, 0, 0, 1218),
  (150, 89, 3, 0, 1, 1219),
  (19, 34, 4, 2, 0, 1220),
  (139, 39, 1, 1, 0, 1221),
  (134, 11, 1, 0, 2, 1222),
  (66, 73, 5, 1, 0, 1223),
  (60, 2, 4, 0, 0, 1224),
  (169, 41, 2, 0, 1, 1225),
  (10, 79, 5, 0, 0, 1226),
  (160, 83, 3, 2, 1, 1227),
  (162, 29, 5, 0, 3, 1228),
  (50, 98, 4, 2, 0, 1229),
  (36, 81, 6, 2, 0, 1230),
  (111, 17, 8, 1, 3, 1231),
  (166, 99, 6, 2, 1, 1232),
  (165, 24, 4, 0, 1, 1233),
  (27, 59, 1, 2, 0, 1234),
  (95, 46, 1, 0, 0, 1235),
  (27, 12, 7, 1, 0, 1236),
  (70, 64, 1, 1, 0, 1237),
  (23, 60, 3, 1, 0, 1238),
  (21, 12, 4, 1, 0, 1239),
  (75, 59, 8, 0, 0, 1240),
  (128, 79, 0, 2, 1, 1241),
  (43, 2, 8, 0, 0, 1242),
  (177, 77, 4, 0, 3, 1243),
  (36, 14, 3, 2, 0, 1244),
  (154, 48, 5, 0, 1, 1245),
  (111, 85, 1, 0, 2, 1246),
  (44, 77, 1, 0, 0, 1247),
  (91, 93, 1, 1, 0, 1248),
  (69, 79, 2, 2, 0, 1249),
  (34, 80, 5, 2, 0, 1250),
  (138, 96, 8, 2, 1, 1251),
  (17, 35, 4, 0, 0, 1252),
  (167, 55, 0, 2, 3, 1253),
  (88, 23, 5, 0, 0, 1254),
  (13, 29, 1, 2, 0, 1255),
  (23, 16, 6, 1, 0, 1256),
  (69, 68, 5, 1, 0, 1257),
  (20, 35, 5, 0, 0, 1258),
  (132, 17, 5, 0, 2, 1259),
  (35, 97, 6, 1, 0, 1260),
  (74, 6, 0, 2, 0, 1261),
  (75, 6, 3, 2, 0, 1262),
  (135, 30, 0, 2, 2, 1263),
  (59, 68, 8, 0, 0, 1264),
  (18, 60, 5, 0, 0, 1265),
  (171, 61, 4, 0, 3, 1266),
  (2, 60, 7, 2, 0, 1267),
  (168, 48, 3, 2, 1, 1268),
  (137, 35, 5, 0, 3, 1269),
  (21, 88, 5, 0, 0, 1270),
  (74, 76, 6, 1, 0, 1271),
  (25, 38, 2, 0, 0, 1272),
  (124, 74, 7, 0, 3, 1273),
  (155, 65, 4, 1, 0, 1274),
  (118, 80, 1, 1, 2, 1275),
  (49, 40, 1, 1, 0, 1276),
  (177, 99, 6, 0, 3, 1277),
  (130, 20, 3, 0, 3, 1278),
  (86, 60, 1, 1, 0, 1279),
  (123, 1, 8, 2, 3, 1280),
  (157, 88, 2, 0, 2, 1281),
  (3, 74, 0, 2, 0, 1282),
  (62, 53, 2, 0, 0, 1283),
  (68, 78, 2, 2, 0, 1284),
  (35, 26, 8, 2, 0, 1285),
  (151, 32, 5, 2, 2, 1286),
  (11, 81, 2, 0, 0, 1287),
  (122, 89, 1, 2, 2, 1288),
  (64, 90, 8, 2, 0, 1289),
  (146, 43, 7, 0, 1, 1290),
  (118, 2, 7, 0, 1, 1291),
  (57, 41, 3, 1, 0, 1292),
  (55, 78, 7, 0, 0, 1293),
  (95, 94, 0, 0, 0, 1294),
  (8, 4, 0, 2, 0, 1295),
  (57, 74, 4, 1, 0, 1296),
  (135, 86, 6, 1, 3, 1297),
  (153, 40, 7, 1, 3, 1298),
  (134, 68, 4, 0, 1, 1299),
  (95, 57, 1, 2, 0, 1300),
  (87, 13, 2, 1, 0, 1301),
  (22, 39, 6, 0, 0, 1302),
  (25, 48, 0, 2, 0, 1303),
  (142, 86, 5, 0, 1, 1304),
  (47, 86, 6, 0, 0, 1305),
  (168, 24, 1, 1, 2, 1306),
  (58, 72, 0, 2, 0, 1307),
  (96, 1, 3, 0, 0, 1308),
  (68, 58, 1, 2, 0, 1309),
  (106, 98, 1, 1, 1, 1310),
  (126, 7, 5, 2, 3, 1311),
  (139, 8, 3, 1, 1, 1312),
  (45, 86, 4, 2, 0, 1313),
  (74, 18, 3, 0, 0, 1314),
  (127, 24, 4, 1, 2, 1315),
  (107, 9, 7, 1, 0, 1316),
  (30, 92, 6, 2, 0, 1317),
  (107, 37, 7, 1, 2, 1318),
  (116, 4, 4, 2, 3, 1319),
  (95, 58, 8, 2, 0, 1320),
  (168, 74, 5, 1, 1, 1321),
  (109, 9, 3, 0, 2, 1322),
  (116, 67, 6, 0, 1, 1323),
  (74, 3, 7, 1, 0, 1324),
  (29, 25, 1, 1, 0, 1325),
  (129, 24, 8, 0, 1, 1326),
  (86, 33, 1, 2, 0, 1327),
  (47, 40, 2, 1, 0, 1328),
  (119, 69, 2, 2, 0, 1329),
  (148, 72, 1, 2, 2, 1330),
  (30, 87, 5, 2, 0, 1331),
  (110, 64, 0, 1, 3, 1332),
  (75, 34, 5, 2, 0, 1333),
  (113, 51, 6, 1, 0, 1334),
  (83, 56, 6, 1, 0, 1335),
  (97, 72, 5, 2, 0, 1336),
  (39, 49, 6, 2, 0, 1337),
  (27, 86, 3, 2, 0, 1338),
  (136, 80, 2, 1, 0, 1339),
  (98, 71, 6, 0, 0, 1340),
  (58, 59, 6, 2, 0, 1341),
  (4, 39, 5, 1, 0, 1342),
  (86, 68, 0, 2, 0, 1343),
  (148, 13, 3, 1, 1, 1344),
  (134, 41, 5, 1, 1, 1345),
  (154, 63, 3, 0, 2, 1346),
  (168, 13, 4, 1, 0, 1347),
  (0, 70, 7, 1, 0, 1348),
  (121, 7, 2, 2, 0, 1349),
  (139, 60, 6, 2, 2, 1350),
  (65, 50, 7, 1, 0, 1351),
  (172, 6, 0, 2, 1, 1352),
  (86, 92, 4, 0, 0, 1353),
  (41, 66, 5, 2, 0, 1354),
  (113, 23, 3, 1, 2, 1355),
  (87, 22, 6, 2, 0, 1356),
  (58, 83, 0, 0, 0, 1357),
  (84, 44, 8, 0, 0, 1358),
  (99, 32, 5, 0, 0, 1359),
  (169, 86, 5, 2, 1, 1360),
  (25, 11, 4, 1, 0, 1361),
  (88, 34, 2, 2, 0, 1362),
  (162, 3, 3, 1, 3, 1363),
  (5, 51, 3, 1, 0, 1364),
  (72, 24, 7, 2, 0, 1365),
  (64, 23, 3, 0, 0, 1366),
  (36, 56, 5, 1, 0, 1367),
  (120, 17, 0, 1, 2, 1368),
  (85, 36, 5, 1, 0, 1369),
  (11, 4, 0, 1, 0, 1370),
  (116, 49, 7, 1, 1, 1371),
  (172, 33, 8, 1, 3, 1372),
  (168, 82, 2, 2, 2, 1373),
  (22, 40, 0, 1, 0, 1374),
  (101, 15, 0, 0, 2, 1375),
  (115, 14, 2, 0, 0, 1376),
  (56, 66, 0, 0, 0, 1377),
  (50, 85, 5, 0, 0, 1378),
  (156, 74, 7, 1, 0, 1379),
  (2, 59, 7, 0, 0, 1380),
  (119, 42, 2, 2, 3, 1381),
  (141, 100, 5, 0, 3, 1382),
  (23, 12, 2, 0, 0, 1383),
  (65, 35, 2, 2, 0, 1384),
  (158, 18, 2, 0, 2, 1385),
  (117, 48, 1, 0, 2, 1386),
  (122, 43, 5, 0, 2, 1387),
  (17, 79, 7, 1, 0, 1388),
  (155, 76, 0, 1, 1, 1389),
  (179, 45, 2, 2, 1, 1390),
  (100, 90, 5, 1, 0, 1391),
  (150, 35, 5, 0, 1, 1392),
  (172, 76, 3, 2, 1, 1393),
  (88, 77, 1, 2, 0, 1394),
  (157, 84, 3, 1, 3, 1395),
  (79, 55, 0, 2, 0, 1396),
  (107, 92, 4, 2, 2, 1397),
  (27, 2, 8, 1, 0, 1398),
  (178, 16, 2, 2, 3, 1399),
  (72, 7, 8, 1, 0, 1400),
  (66, 6, 1, 0, 0, 1401),
  (34, 94, 1, 2, 0, 1402),
  (33, 31, 4, 2, 0, 1403),
  (165, 86, 4, 1, 2, 1404),
  (65, 23, 5, 0, 0, 1405),
  (87, 89, 2, 0, 0, 1406),
  (24, 72, 4, 0, 0, 1407),
  (172, 12, 0, 2, 0, 1408),
  (66, 92, 4, 2, 0, 1409),
  (45, 46, 6, 2, 0, 1410),
  (159, 23, 3, 1, 3, 1411),
  (4, 9, 3, 2, 0, 1412),
  (48, 73, 3, 1, 0, 1413),
  (111, 52, 0, 2, 1, 1414),
  (23, 18, 5, 2, 0, 1415),
  (25, 20, 0, 2, 0, 1416),
  (157, 80, 7, 2, 2, 1417),
  (134, 61, 0, 0, 0, 1418),
  (179, 50, 6, 1, 0, 1419),
  (7, 81, 5, 2, 0, 1420),
  (122, 93, 3, 0, 0, 1421),
  (178, 81, 6, 2, 3, 1422),
  (127, 7, 7, 1, 2, 1423),
  (8, 31, 2, 0, 0, 1424),
  (157, 15, 8, 2, 1, 1425),
  (100, 48, 1, 1, 0, 1426),
  (57, 82, 6, 1, 0, 1427),
  (39, 26, 5, 0, 0, 1428),
  (80, 98, 2, 2, 0, 1429),
  (48, 84, 1, 2, 0, 1430),
  (73, 91, 3, 0, 0, 1431),
  (5, 89, 1, 2, 0, 1432),
  (2, 38, 0, 2, 0, 1433),
  (119, 19, 7, 1, 1, 1434),
  (74, 47, 8, 1, 0, 1435),
  (0, 94, 7, 0, 0, 1436),
  (114, 27, 7, 0, 1, 1437),
  (66, 34, 6, 1, 0, 1438),
  (145, 17, 1, 1, 2, 1439),
  (71, 60, 5, 2, 0, 1440),
  (178, 0, 6, 2, 3, 1441),
  (154, 41, 3, 1, 1, 1442),
  (125, 90, 8, 0, 2, 1443),
  (129, 98, 4, 1, 0, 1444),
  (115, 90, 5, 0, 2, 1445),
  (178, 45, 2, 0, 2, 1446),
  (44, 15, 4, 2, 0, 1447),
  (120, 51, 0, 0, 3, 1448),
  (155, 56, 5, 2, 3, 1449),
  (86, 46, 8, 1, 0, 1450),
  (108, 92, 8, 0, 3, 1451),
  (12, 80, 2, 1, 0, 1452),
  (154, 13, 3, 2, 3, 1453),
  (138, 60, 0, 0, 1, 1454),
  (46, 78, 8, 1, 0, 1455),
  (47, 38, 0, 2, 0, 1456),
  (71, 46, 7, 2, 0, 1457),
  (119, 16, 6, 0, 1, 1458),
  (51, 5, 5, 1, 0, 1459),
  (102, 6, 7, 1, 3, 1460),
  (26, 59, 5, 2, 0, 1461),
  (180, 24, 3, 1, 0, 1462),
  (99, 93, 0, 1, 0, 1463),
  (102, 11, 2, 2, 3, 1464),
  (13, 20, 8, 0, 0, 1465),
  (100, 98, 8, 1, 0, 1466),
  (150, 34, 8, 2, 1, 1467),
  (56, 7, 4, 2, 0, 1468),
  (26, 33, 2, 1, 0, 1469),
  (30, 94, 7, 2, 0, 1470),
  (22, 12, 5, 2, 0, 1471),
  (115, 41, 8, 0, 0, 1472),
  (71, 89, 5, 1, 0, 1473),
  (150, 75, 1, 1, 0, 1474),
  (62, 8, 3, 0, 0, 1475);

-- Trayectoria completa de los jugadores adicionales (lote 2)
INSERT INTO Trayectoria (id_equipo, id_jugador, anio_traspaso, anio_ingreso) VALUES
  (181, 1176, 2012, 2008),
  (64, 1176, 2013, 2012),
  (43, 1176, 2017, 2013),
  (70, 1176, NULL, 2017),
  (11, 1177, 2017, 2015),
  (80, 1177, 2020, 2017),
  (89, 1177, 2021, 2020),
  (135, 1177, 2025, 2021),
  (28, 1177, NULL, 2025),
  (87, 1178, 2020, 2016),
  (88, 1178, 2021, 2020),
  (172, 1178, NULL, 2021),
  (165, 1179, 2016, 2012),
  (6, 1179, NULL, 2016),
  (113, 1180, 2009, 2008),
  (164, 1180, 2010, 2009),
  (109, 1180, 2013, 2010),
  (41, 1180, NULL, 2013),
  (8, 1181, 2014, 2010),
  (165, 1181, 2015, 2014),
  (164, 1181, 2017, 2015),
  (139, 1181, NULL, 2017),
  (163, 1182, 2014, 2010),
  (16, 1182, NULL, 2014),
  (89, 1183, 2012, 2009),
  (130, 1183, 2014, 2012),
  (173, 1183, NULL, 2014),
  (51, 1184, 2014, 2012),
  (131, 1184, NULL, 2014),
  (103, 1185, 2011, 2010),
  (59, 1185, 2015, 2011),
  (130, 1185, 2018, 2015),
  (89, 1185, NULL, 2018),
  (108, 1186, 2017, 2014),
  (119, 1186, NULL, 2017),
  (121, 1187, 2020, 2017),
  (19, 1187, NULL, 2020),
  (111, 1188, 2022, 2018),
  (146, 1188, NULL, 2022),
  (188, 1189, 2020, 2019),
  (100, 1189, 2023, 2020),
  (60, 1189, 2026, 2023),
  (122, 1189, NULL, 2026),
  (121, 1190, 2010, 2009),
  (59, 1190, 2014, 2010),
  (74, 1190, 2017, 2014),
  (137, 1190, 2019, 2017),
  (13, 1190, NULL, 2019),
  (63, 1191, 2013, 2011),
  (11, 1191, 2014, 2013),
  (116, 1191, NULL, 2014),
  (173, 1192, 2012, 2011),
  (166, 1192, 2015, 2012),
  (85, 1192, 2017, 2015),
  (169, 1192, NULL, 2017),
  (34, 1193, 2013, 2009),
  (132, 1193, NULL, 2013),
  (190, 1194, 2015, 2011),
  (23, 1194, 2017, 2015),
  (173, 1194, 2021, 2017),
  (115, 1194, NULL, 2021),
  (31, 1195, 2020, 2019),
  (120, 1195, 2022, 2020),
  (43, 1195, NULL, 2022),
  (90, 1196, 2017, 2016),
  (60, 1196, 2018, 2017),
  (17, 1196, 2020, 2018),
  (16, 1196, 2023, 2020),
  (63, 1196, NULL, 2023),
  (91, 1197, 2017, 2016),
  (156, 1197, NULL, 2017),
  (125, 1198, 2018, 2016),
  (74, 1198, 2022, 2018),
  (169, 1198, 2023, 2022),
  (143, 1198, 2026, 2023),
  (158, 1198, NULL, 2026),
  (66, 1199, 2012, 2009),
  (107, 1199, 2013, 2012),
  (49, 1199, NULL, 2013),
  (35, 1200, 2012, 2008),
  (101, 1200, 2014, 2012),
  (165, 1200, NULL, 2014),
  (70, 1201, 2020, 2018),
  (147, 1201, 2023, 2020),
  (15, 1201, 2026, 2023),
  (165, 1201, 2029, 2026),
  (23, 1201, NULL, 2029),
  (18, 1202, 2019, 2017),
  (116, 1202, 2023, 2019),
  (53, 1202, NULL, 2023),
  (184, 1203, 2012, 2008),
  (21, 1203, NULL, 2012),
  (170, 1204, 2013, 2010),
  (166, 1204, 2016, 2013),
  (171, 1204, NULL, 2016),
  (169, 1205, 2016, 2015),
  (65, 1205, 2019, 2016),
  (162, 1205, 2022, 2019),
  (143, 1205, 2026, 2022),
  (107, 1205, NULL, 2026),
  (28, 1206, 2018, 2017),
  (170, 1206, 2020, 2018),
  (152, 1206, NULL, 2020),
  (88, 1207, 2012, 2010),
  (125, 1207, 2013, 2012),
  (175, 1207, NULL, 2013),
  (130, 1208, 2013, 2010),
  (173, 1208, 2016, 2013),
  (3, 1208, 2020, 2016),
  (122, 1208, 2022, 2020),
  (12, 1208, NULL, 2022),
  (84, 1209, 2020, 2016),
  (63, 1209, 2023, 2020),
  (181, 1209, 2025, 2023),
  (83, 1209, NULL, 2025),
  (141, 1210, 2012, 2009),
  (81, 1210, 2014, 2012),
  (174, 1210, 2015, 2014),
  (116, 1210, NULL, 2015),
  (190, 1211, 2012, 2009),
  (127, 1211, 2016, 2012),
  (31, 1211, 2017, 2016),
  (103, 1211, 2019, 2017),
  (4, 1211, NULL, 2019),
  (15, 1212, 2018, 2014),
  (26, 1212, 2021, 2018),
  (78, 1212, 2024, 2021),
  (131, 1212, 2027, 2024),
  (46, 1212, NULL, 2027),
  (156, 1213, 2012, 2011),
  (122, 1213, 2016, 2012),
  (94, 1213, 2018, 2016),
  (32, 1213, NULL, 2018),
  (113, 1214, 2013, 2009),
  (186, 1214, 2017, 2013),
  (77, 1214, 2018, 2017),
  (144, 1214, NULL, 2018),
  (46, 1215, 2023, 2019),
  (135, 1215, 2024, 2023),
  (62, 1215, 2028, 2024),
  (146, 1215, NULL, 2028),
  (158, 1216, 2014, 2012),
  (52, 1216, 2015, 2014),
  (179, 1216, NULL, 2015),
  (23, 1217, 2019, 2015),
  (46, 1217, 2021, 2019),
  (8, 1217, NULL, 2021),
  (190, 1218, 2021, 2017),
  (104, 1218, 2024, 2021),
  (7, 1218, 2028, 2024),
  (157, 1218, NULL, 2028),
  (129, 1219, 2010, 2009),
  (192, 1219, 2013, 2010),
  (38, 1219, NULL, 2013),
  (70, 1220, 2019, 2017),
  (62, 1220, 2021, 2019),
  (40, 1220, 2022, 2021),
  (173, 1220, NULL, 2022),
  (69, 1221, 2014, 2010),
  (87, 1221, 2018, 2014),
  (126, 1221, NULL, 2018),
  (117, 1222, 2012, 2010),
  (116, 1222, 2014, 2012),
  (101, 1222, 2016, 2014),
  (91, 1222, NULL, 2016),
  (177, 1223, 2015, 2011),
  (168, 1223, 2017, 2015),
  (3, 1223, 2019, 2017),
  (182, 1223, 2021, 2019),
  (174, 1223, NULL, 2021),
  (48, 1224, 2020, 2018),
  (127, 1224, 2022, 2020),
  (173, 1224, 2024, 2022),
  (84, 1224, NULL, 2024),
  (168, 1225, 2014, 2010),
  (79, 1225, 2017, 2014),
  (25, 1225, 2021, 2017),
  (95, 1225, 2025, 2021),
  (123, 1225, NULL, 2025),
  (58, 1226, 2020, 2019),
  (7, 1226, 2021, 2020),
  (39, 1226, NULL, 2021),
  (10, 1227, 2020, 2018),
  (171, 1227, 2023, 2020),
  (139, 1227, NULL, 2023),
  (184, 1228, 2011, 2008),
  (139, 1228, NULL, 2011),
  (64, 1229, 2014, 2012),
  (115, 1229, 2017, 2014),
  (152, 1229, 2020, 2017),
  (162, 1229, 2024, 2020),
  (161, 1229, NULL, 2024),
  (172, 1230, 2017, 2013),
  (132, 1230, NULL, 2017),
  (3, 1231, 2021, 2019),
  (18, 1231, 2023, 2021),
  (8, 1231, NULL, 2023),
  (46, 1232, 2017, 2016),
  (85, 1232, 2019, 2017),
  (59, 1232, 2023, 2019),
  (93, 1232, 2026, 2023),
  (88, 1232, NULL, 2026),
  (115, 1233, 2009, 2008),
  (7, 1233, 2011, 2009),
  (6, 1233, NULL, 2011),
  (171, 1234, 2017, 2015),
  (20, 1234, 2019, 2017),
  (38, 1234, 2021, 2019),
  (179, 1234, NULL, 2021),
  (5, 1235, 2022, 2019),
  (18, 1235, 2023, 2022),
  (181, 1235, 2027, 2023),
  (70, 1235, NULL, 2027),
  (135, 1236, 2017, 2016),
  (181, 1236, 2019, 2017),
  (160, 1236, NULL, 2019),
  (172, 1237, 2011, 2009),
  (188, 1237, 2015, 2011),
  (120, 1237, 2017, 2015),
  (88, 1237, 2020, 2017),
  (43, 1237, NULL, 2020),
  (62, 1238, 2016, 2013),
  (181, 1238, 2017, 2016),
  (101, 1238, 2018, 2017),
  (81, 1238, 2022, 2018),
  (163, 1238, NULL, 2022),
  (82, 1239, 2017, 2014),
  (177, 1239, 2018, 2017),
  (37, 1239, NULL, 2018),
  (20, 1240, 2013, 2010),
  (55, 1240, 2015, 2013),
  (57, 1240, 2018, 2015),
  (175, 1240, 2020, 2018),
  (102, 1240, NULL, 2020),
  (113, 1241, 2013, 2012),
  (45, 1241, 2015, 2013),
  (77, 1241, 2019, 2015),
  (81, 1241, 2021, 2019),
  (62, 1241, NULL, 2021),
  (39, 1242, 2011, 2010),
  (38, 1242, NULL, 2011),
  (192, 1243, 2010, 2008),
  (131, 1243, 2012, 2010),
  (149, 1243, 2014, 2012),
  (124, 1243, NULL, 2014),
  (181, 1244, 2014, 2013),
  (85, 1244, 2016, 2014),
  (21, 1244, 2019, 2016),
  (54, 1244, 2023, 2019),
  (105, 1244, NULL, 2023),
  (13, 1245, 2018, 2016),
  (58, 1245, 2020, 2018),
  (118, 1245, NULL, 2020),
  (106, 1246, 2020, 2017),
  (168, 1246, 2024, 2020),
  (149, 1246, 2028, 2024),
  (91, 1246, 2032, 2028),
  (175, 1246, NULL, 2032),
  (171, 1247, 2014, 2012),
  (95, 1247, 2017, 2014),
  (152, 1247, 2019, 2017),
  (174, 1247, NULL, 2019),
  (140, 1248, 2012, 2011),
  (79, 1248, NULL, 2012),
  (57, 1249, 2019, 2015),
  (149, 1249, 2021, 2019),
  (134, 1249, NULL, 2021),
  (96, 1250, 2014, 2013),
  (84, 1250, 2015, 2014),
  (142, 1250, 2017, 2015),
  (160, 1250, NULL, 2017),
  (177, 1251, 2017, 2013),
  (128, 1251, 2020, 2017),
  (159, 1251, 2024, 2020),
  (181, 1251, NULL, 2024),
  (47, 1252, 2018, 2015),
  (167, 1252, NULL, 2018),
  (133, 1253, 2010, 2008),
  (63, 1253, 2012, 2010),
  (172, 1253, NULL, 2012),
  (111, 1254, 2017, 2016),
  (62, 1254, 2020, 2017),
  (42, 1254, NULL, 2020),
  (101, 1255, 2013, 2011),
  (6, 1255, NULL, 2013),
  (30, 1256, 2017, 2014),
  (155, 1256, 2019, 2017),
  (15, 1256, NULL, 2019),
  (146, 1257, 2010, 2008),
  (21, 1257, 2014, 2010),
  (143, 1257, 2018, 2014),
  (89, 1257, 2022, 2018),
  (92, 1257, NULL, 2022),
  (21, 1258, 2022, 2019),
  (56, 1258, 2026, 2022),
  (97, 1258, NULL, 2026),
  (170, 1259, 2021, 2019),
  (28, 1259, 2022, 2021),
  (87, 1259, NULL, 2022),
  (26, 1260, 2011, 2009),
  (158, 1260, NULL, 2011),
  (46, 1261, 2021, 2018),
  (89, 1261, 2024, 2021),
  (34, 1261, NULL, 2024),
  (109, 1262, 2017, 2013),
  (42, 1262, 2019, 2017),
  (88, 1262, 2021, 2019),
  (161, 1262, NULL, 2021),
  (46, 1263, 2016, 2015),
  (50, 1263, NULL, 2016),
  (156, 1264, 2018, 2016),
  (54, 1264, NULL, 2018),
  (171, 1265, 2021, 2017),
  (153, 1265, NULL, 2021),
  (177, 1266, 2011, 2008),
  (99, 1266, 2014, 2011),
  (189, 1266, 2016, 2014),
  (11, 1266, NULL, 2016),
  (109, 1267, 2017, 2014),
  (163, 1267, 2021, 2017),
  (34, 1267, NULL, 2021),
  (190, 1268, 2013, 2010),
  (185, 1268, NULL, 2013),
  (18, 1269, 2014, 2010),
  (143, 1269, 2015, 2014),
  (92, 1269, 2016, 2015),
  (22, 1269, NULL, 2016),
  (123, 1270, 2020, 2017),
  (161, 1270, NULL, 2020),
  (69, 1271, 2011, 2010),
  (172, 1271, 2014, 2011),
  (155, 1271, NULL, 2014),
  (22, 1272, 2021, 2019),
  (127, 1272, 2025, 2021),
  (26, 1272, 2029, 2025),
  (166, 1272, 2030, 2029),
  (180, 1272, NULL, 2030),
  (113, 1273, 2023, 2019),
  (124, 1273, 2027, 2023),
  (21, 1273, 2030, 2027),
  (90, 1273, NULL, 2030),
  (98, 1274, 2013, 2012),
  (20, 1274, 2014, 2013),
  (153, 1274, 2015, 2014),
  (130, 1274, NULL, 2015),
  (32, 1275, 2017, 2013),
  (138, 1275, NULL, 2017),
  (25, 1276, 2020, 2017),
  (29, 1276, 2024, 2020),
  (57, 1276, 2028, 2024),
  (173, 1276, 2032, 2028),
  (186, 1276, NULL, 2032),
  (97, 1277, 2015, 2013),
  (104, 1277, 2019, 2015),
  (154, 1277, 2021, 2019),
  (62, 1277, NULL, 2021),
  (37, 1278, 2018, 2016),
  (87, 1278, NULL, 2018),
  (171, 1279, 2019, 2017),
  (60, 1279, NULL, 2019),
  (37, 1280, 2013, 2012),
  (172, 1280, 2016, 2013),
  (187, 1280, 2019, 2016),
  (150, 1280, NULL, 2019),
  (30, 1281, 2018, 2014),
  (67, 1281, NULL, 2018),
  (150, 1282, 2018, 2015),
  (111, 1282, 2019, 2018),
  (167, 1282, NULL, 2019),
  (164, 1283, 2014, 2013),
  (28, 1283, 2015, 2014),
  (4, 1283, 2019, 2015),
  (78, 1283, NULL, 2019),
  (17, 1284, 2019, 2016),
  (84, 1284, 2020, 2019),
  (185, 1284, 2022, 2020),
  (161, 1284, NULL, 2022),
  (188, 1285, 2020, 2017),
  (143, 1285, 2021, 2020),
  (10, 1285, 2025, 2021),
  (187, 1285, 2026, 2025),
  (76, 1285, NULL, 2026),
  (157, 1286, 2012, 2011),
  (68, 1286, 2016, 2012),
  (101, 1286, NULL, 2016),
  (186, 1287, 2020, 2018),
  (42, 1287, 2022, 2020),
  (7, 1287, 2024, 2022),
  (133, 1287, 2026, 2024),
  (9, 1287, NULL, 2026),
  (40, 1288, 2014, 2012),
  (160, 1288, NULL, 2014),
  (106, 1289, 2012, 2010),
  (56, 1289, NULL, 2012),
  (83, 1290, 2018, 2017),
  (44, 1290, 2021, 2018),
  (35, 1290, 2025, 2021),
  (130, 1290, NULL, 2025),
  (105, 1291, 2011, 2008),
  (24, 1291, NULL, 2011),
  (152, 1292, 2011, 2010),
  (148, 1292, 2013, 2011),
  (188, 1292, 2014, 2013),
  (40, 1292, NULL, 2014),
  (186, 1293, 2009, 2008),
  (183, 1293, 2012, 2009),
  (17, 1293, 2015, 2012),
  (14, 1293, 2019, 2015),
  (21, 1293, NULL, 2019),
  (98, 1294, 2014, 2012),
  (78, 1294, 2018, 2014),
  (15, 1294, NULL, 2018),
  (183, 1295, 2017, 2014),
  (165, 1295, NULL, 2017),
  (174, 1296, 2019, 2015),
  (21, 1296, NULL, 2019),
  (157, 1297, 2016, 2012),
  (104, 1297, NULL, 2016),
  (134, 1298, 2020, 2018),
  (61, 1298, 2021, 2020),
  (133, 1298, NULL, 2021),
  (161, 1299, 2014, 2010),
  (44, 1299, 2015, 2014),
  (15, 1299, NULL, 2015),
  (108, 1300, 2017, 2016),
  (71, 1300, 2018, 2017),
  (133, 1300, 2021, 2018),
  (162, 1300, 2023, 2021),
  (104, 1300, NULL, 2023),
  (172, 1301, 2016, 2012),
  (114, 1301, 2019, 2016),
  (5, 1301, 2023, 2019),
  (97, 1301, NULL, 2023),
  (103, 1302, 2013, 2009),
  (26, 1302, 2016, 2013),
  (188, 1302, NULL, 2016),
  (22, 1303, 2013, 2012),
  (185, 1303, 2014, 2013),
  (166, 1303, NULL, 2014),
  (108, 1304, 2019, 2016),
  (11, 1304, 2020, 2019),
  (121, 1304, 2021, 2020),
  (80, 1304, NULL, 2021),
  (7, 1305, 2012, 2008),
  (181, 1305, NULL, 2012),
  (132, 1306, 2015, 2013),
  (83, 1306, 2018, 2015),
  (119, 1306, NULL, 2018),
  (104, 1307, 2012, 2008),
  (181, 1307, NULL, 2012),
  (104, 1308, 2017, 2013),
  (167, 1308, 2019, 2017),
  (69, 1308, 2023, 2019),
  (122, 1308, NULL, 2023),
  (180, 1309, 2018, 2017),
  (70, 1309, 2019, 2018),
  (153, 1309, 2021, 2019),
  (170, 1309, NULL, 2021),
  (47, 1310, 2013, 2011),
  (11, 1310, 2017, 2013),
  (91, 1310, NULL, 2017),
  (75, 1311, 2015, 2013),
  (121, 1311, 2017, 2015),
  (172, 1311, NULL, 2017),
  (106, 1312, 2011, 2010),
  (173, 1312, 2014, 2011),
  (77, 1312, 2017, 2014),
  (121, 1312, NULL, 2017),
  (37, 1313, 2016, 2013),
  (18, 1313, 2019, 2016),
  (87, 1313, NULL, 2019),
  (36, 1314, 2014, 2010),
  (106, 1314, NULL, 2014),
  (123, 1315, 2011, 2009),
  (81, 1315, 2015, 2011),
  (24, 1315, NULL, 2015),
  (87, 1316, 2013, 2012),
  (20, 1316, 2016, 2013),
  (48, 1316, 2020, 2016),
  (41, 1316, NULL, 2020),
  (106, 1317, 2010, 2009),
  (44, 1317, 2014, 2010),
  (134, 1317, NULL, 2014),
  (51, 1318, 2017, 2016),
  (122, 1318, 2018, 2017),
  (92, 1318, 2021, 2018),
  (2, 1318, 2022, 2021),
  (189, 1318, NULL, 2022),
  (2, 1319, 2014, 2012),
  (131, 1319, 2018, 2014),
  (116, 1319, 2019, 2018),
  (185, 1319, 2020, 2019),
  (46, 1319, NULL, 2020),
  (58, 1320, 2022, 2019),
  (186, 1320, 2024, 2022),
  (158, 1320, 2028, 2024),
  (50, 1320, NULL, 2028),
  (187, 1321, 2016, 2014),
  (80, 1321, 2020, 2016),
  (39, 1321, NULL, 2020),
  (55, 1322, 2015, 2014),
  (123, 1322, NULL, 2015),
  (173, 1323, 2019, 2018),
  (175, 1323, 2020, 2019),
  (146, 1323, 2022, 2020),
  (172, 1323, NULL, 2022),
  (55, 1324, 2017, 2016),
  (44, 1324, NULL, 2017),
  (189, 1325, 2020, 2018),
  (152, 1325, 2022, 2020),
  (51, 1325, 2024, 2022),
  (109, 1325, NULL, 2024),
  (187, 1326, 2016, 2014),
  (137, 1326, 2020, 2016),
  (5, 1326, 2021, 2020),
  (184, 1326, 2022, 2021),
  (139, 1326, NULL, 2022),
  (127, 1327, 2016, 2015),
  (46, 1327, NULL, 2016),
  (45, 1328, 2014, 2012),
  (23, 1328, NULL, 2014),
  (42, 1329, 2016, 2012),
  (80, 1329, 2018, 2016),
  (131, 1329, 2020, 2018),
  (87, 1329, 2024, 2020),
  (57, 1329, NULL, 2024),
  (77, 1330, 2021, 2019),
  (145, 1330, NULL, 2021),
  (137, 1331, 2014, 2013),
  (155, 1331, 2015, 2014),
  (175, 1331, 2016, 2015),
  (128, 1331, 2019, 2016),
  (89, 1331, NULL, 2019),
  (137, 1332, 2022, 2018),
  (82, 1332, 2026, 2022),
  (185, 1332, 2027, 2026),
  (160, 1332, NULL, 2027),
  (106, 1333, 2018, 2015),
  (179, 1333, 2019, 2018),
  (21, 1333, 2023, 2019),
  (157, 1333, NULL, 2023),
  (29, 1334, 2014, 2010),
  (38, 1334, 2018, 2014),
  (27, 1334, NULL, 2018),
  (169, 1335, 2022, 2019),
  (119, 1335, 2026, 2022),
  (5, 1335, 2027, 2026),
  (122, 1335, NULL, 2027),
  (161, 1336, 2014, 2012),
  (68, 1336, 2016, 2014),
  (58, 1336, 2017, 2016),
  (168, 1336, 2019, 2017),
  (170, 1336, NULL, 2019),
  (22, 1337, 2013, 2010),
  (188, 1337, 2016, 2013),
  (9, 1337, NULL, 2016),
  (186, 1338, 2013, 2010),
  (75, 1338, 2014, 2013),
  (147, 1338, 2016, 2014),
  (65, 1338, 2018, 2016),
  (108, 1338, NULL, 2018),
  (162, 1339, 2012, 2010),
  (86, 1339, 2013, 2012),
  (154, 1339, 2015, 2013),
  (107, 1339, 2019, 2015),
  (30, 1339, NULL, 2019),
  (99, 1340, 2019, 2015),
  (185, 1340, 2023, 2019),
  (64, 1340, 2025, 2023),
  (100, 1340, 2027, 2025),
  (27, 1340, NULL, 2027),
  (142, 1341, 2017, 2016),
  (131, 1341, 2021, 2017),
  (29, 1341, NULL, 2021),
  (136, 1342, 2010, 2008),
  (91, 1342, NULL, 2010),
  (28, 1343, 2019, 2017),
  (131, 1343, 2021, 2019),
  (87, 1343, NULL, 2021),
  (97, 1344, 2020, 2016),
  (113, 1344, 2024, 2020),
  (99, 1344, NULL, 2024),
  (34, 1345, 2017, 2015),
  (7, 1345, 2020, 2017),
  (37, 1345, 2023, 2020),
  (57, 1345, 2025, 2023),
  (102, 1345, NULL, 2025),
  (172, 1346, 2016, 2013),
  (151, 1346, 2020, 2016),
  (114, 1346, NULL, 2020),
  (181, 1347, 2010, 2008),
  (33, 1347, NULL, 2010),
  (147, 1348, 2015, 2012),
  (27, 1348, 2018, 2015),
  (85, 1348, 2022, 2018),
  (34, 1348, NULL, 2022),
  (27, 1349, 2013, 2009),
  (143, 1349, 2015, 2013),
  (99, 1349, 2017, 2015),
  (174, 1349, NULL, 2017),
  (190, 1350, 2019, 2016),
  (116, 1350, 2021, 2019),
  (157, 1350, 2022, 2021),
  (5, 1350, 2023, 2022),
  (121, 1350, NULL, 2023),
  (101, 1351, 2016, 2013),
  (12, 1351, 2020, 2016),
  (56, 1351, 2022, 2020),
  (134, 1351, 2024, 2022),
  (66, 1351, NULL, 2024),
  (138, 1352, 2016, 2013),
  (119, 1352, 2019, 2016),
  (154, 1352, NULL, 2019),
  (4, 1353, 2011, 2008),
  (46, 1353, NULL, 2011),
  (10, 1354, 2020, 2016),
  (99, 1354, 2021, 2020),
  (131, 1354, NULL, 2021),
  (118, 1355, 2014, 2013),
  (35, 1355, 2017, 2014),
  (2, 1355, NULL, 2017),
  (42, 1356, 2014, 2011),
  (192, 1356, NULL, 2014),
  (32, 1357, 2019, 2015),
  (28, 1357, 2021, 2019),
  (60, 1357, 2025, 2021),
  (21, 1357, NULL, 2025),
  (108, 1358, 2014, 2011),
  (46, 1358, NULL, 2014),
  (89, 1359, 2017, 2016),
  (129, 1359, 2018, 2017),
  (153, 1359, NULL, 2018),
  (14, 1360, 2012, 2008),
  (102, 1360, 2015, 2012),
  (185, 1360, NULL, 2015),
  (68, 1361, 2016, 2015),
  (159, 1361, 2018, 2016),
  (11, 1361, 2020, 2018),
  (102, 1361, NULL, 2020),
  (174, 1362, 2015, 2011),
  (102, 1362, NULL, 2015),
  (161, 1363, 2020, 2018),
  (102, 1363, NULL, 2020),
  (47, 1364, 2013, 2012),
  (33, 1364, 2015, 2013),
  (179, 1364, NULL, 2015),
  (39, 1365, 2016, 2013),
  (38, 1365, 2018, 2016),
  (188, 1365, 2020, 2018),
  (65, 1365, NULL, 2020),
  (92, 1366, 2021, 2018),
  (55, 1366, 2023, 2021),
  (158, 1366, 2026, 2023),
  (190, 1366, 2028, 2026),
  (93, 1366, NULL, 2028),
  (10, 1367, 2022, 2019),
  (19, 1367, 2025, 2022),
  (161, 1367, NULL, 2025),
  (98, 1368, 2016, 2014),
  (32, 1368, 2020, 2016),
  (150, 1368, 2021, 2020),
  (71, 1368, NULL, 2021),
  (182, 1369, 2014, 2010),
  (90, 1369, 2018, 2014),
  (119, 1369, 2021, 2018),
  (64, 1369, NULL, 2021),
  (93, 1370, 2015, 2011),
  (155, 1370, 2017, 2015),
  (124, 1370, 2021, 2017),
  (182, 1370, NULL, 2021),
  (74, 1371, 2014, 2011),
  (66, 1371, 2018, 2014),
  (92, 1371, NULL, 2018),
  (147, 1372, 2020, 2019),
  (60, 1372, 2023, 2020),
  (88, 1372, NULL, 2023),
  (10, 1373, 2019, 2018),
  (100, 1373, 2023, 2019),
  (147, 1373, 2025, 2023),
  (123, 1373, 2027, 2025),
  (138, 1373, NULL, 2027),
  (190, 1374, 2017, 2013),
  (10, 1374, 2018, 2017),
  (126, 1374, NULL, 2018),
  (150, 1375, 2012, 2009),
  (39, 1375, 2014, 2012),
  (146, 1375, NULL, 2014),
  (114, 1376, 2017, 2014),
  (174, 1376, 2018, 2017),
  (126, 1376, NULL, 2018),
  (45, 1377, 2017, 2015),
  (120, 1377, 2020, 2017),
  (93, 1377, NULL, 2020),
  (71, 1378, 2020, 2018),
  (56, 1378, NULL, 2020),
  (164, 1379, 2017, 2016),
  (96, 1379, 2020, 2017),
  (51, 1379, 2022, 2020),
  (149, 1379, 2026, 2022),
  (11, 1379, NULL, 2026),
  (104, 1380, 2015, 2013),
  (26, 1380, 2018, 2015),
  (30, 1380, NULL, 2018),
  (22, 1381, 2022, 2019),
  (121, 1381, 2024, 2022),
  (57, 1381, 2026, 2024),
  (89, 1381, NULL, 2026),
  (148, 1382, 2015, 2013),
  (173, 1382, NULL, 2015),
  (157, 1383, 2015, 2014),
  (97, 1383, NULL, 2015),
  (175, 1384, 2012, 2009),
  (83, 1384, 2013, 2012),
  (154, 1384, 2016, 2013),
  (29, 1384, NULL, 2016),
  (28, 1385, 2010, 2008),
  (134, 1385, 2012, 2010),
  (52, 1385, NULL, 2012),
  (5, 1386, 2016, 2014),
  (16, 1386, 2018, 2016),
  (53, 1386, 2022, 2018),
  (59, 1386, 2023, 2022),
  (129, 1386, NULL, 2023),
  (161, 1387, 2019, 2017),
  (160, 1387, 2022, 2019),
  (9, 1387, NULL, 2022),
  (41, 1388, 2022, 2018),
  (58, 1388, 2024, 2022),
  (55, 1388, 2026, 2024),
  (85, 1388, 2030, 2026),
  (80, 1388, NULL, 2030),
  (93, 1389, 2013, 2010),
  (119, 1389, 2014, 2013),
  (64, 1389, 2017, 2014),
  (102, 1389, NULL, 2017),
  (105, 1390, 2012, 2011),
  (155, 1390, 2016, 2012),
  (13, 1390, 2019, 2016),
  (106, 1390, NULL, 2019),
  (20, 1391, 2016, 2015),
  (42, 1391, 2019, 2016),
  (148, 1391, 2022, 2019),
  (113, 1391, 2023, 2022),
  (54, 1391, NULL, 2023),
  (112, 1392, 2020, 2018),
  (32, 1392, 2023, 2020),
  (102, 1392, 2027, 2023),
  (156, 1392, 2031, 2027),
  (134, 1392, NULL, 2031),
  (37, 1393, 2012, 2009),
  (146, 1393, 2014, 2012),
  (49, 1393, NULL, 2014),
  (17, 1394, 2020, 2016),
  (177, 1394, 2023, 2020),
  (99, 1394, 2024, 2023),
  (138, 1394, 2025, 2024),
  (171, 1394, NULL, 2025),
  (5, 1395, 2016, 2012),
  (184, 1395, 2019, 2016),
  (69, 1395, 2020, 2019),
  (13, 1395, 2021, 2020),
  (113, 1395, NULL, 2021),
  (123, 1396, 2012, 2009),
  (66, 1396, 2013, 2012),
  (148, 1396, 2017, 2013),
  (95, 1396, 2018, 2017),
  (77, 1396, NULL, 2018),
  (125, 1397, 2020, 2018),
  (75, 1397, NULL, 2020),
  (15, 1398, 2010, 2008),
  (91, 1398, NULL, 2010),
  (94, 1399, 2017, 2016),
  (10, 1399, 2018, 2017),
  (58, 1399, NULL, 2018),
  (125, 1400, 2020, 2018),
  (54, 1400, 2023, 2020),
  (89, 1400, 2024, 2023),
  (127, 1400, 2025, 2024),
  (93, 1400, NULL, 2025),
  (145, 1401, 2021, 2019),
  (72, 1401, 2023, 2021),
  (22, 1401, 2024, 2023),
  (34, 1401, NULL, 2024),
  (147, 1402, 2012, 2008),
  (137, 1402, 2014, 2012),
  (155, 1402, 2016, 2014),
  (66, 1402, 2020, 2016),
  (175, 1402, NULL, 2020),
  (78, 1403, 2020, 2018),
  (69, 1403, 2024, 2020),
  (115, 1403, 2028, 2024),
  (32, 1403, 2032, 2028),
  (149, 1403, NULL, 2032),
  (131, 1404, 2009, 2008),
  (38, 1404, 2010, 2009),
  (121, 1404, 2012, 2010),
  (44, 1404, NULL, 2012),
  (33, 1405, 2016, 2013),
  (48, 1405, 2017, 2016),
  (14, 1405, NULL, 2017),
  (94, 1406, 2013, 2010),
  (129, 1406, 2017, 2013),
  (172, 1406, 2019, 2017),
  (127, 1406, NULL, 2019),
  (22, 1407, 2016, 2013),
  (114, 1407, 2018, 2016),
  (127, 1407, 2019, 2018),
  (62, 1407, NULL, 2019),
  (22, 1408, 2022, 2018),
  (155, 1408, 2025, 2022),
  (115, 1408, 2026, 2025),
  (156, 1408, NULL, 2026),
  (7, 1409, 2013, 2009),
  (28, 1409, 2017, 2013),
  (87, 1409, 2019, 2017),
  (19, 1409, 2021, 2019),
  (24, 1409, NULL, 2021),
  (157, 1410, 2019, 2017),
  (93, 1410, 2021, 2019),
  (154, 1410, 2022, 2021),
  (15, 1410, 2026, 2022),
  (153, 1410, NULL, 2026),
  (184, 1411, 2021, 2019),
  (62, 1411, 2023, 2021),
  (102, 1411, NULL, 2023),
  (56, 1412, 2011, 2010),
  (13, 1412, 2013, 2011),
  (139, 1412, 2015, 2013),
  (38, 1412, NULL, 2015),
  (154, 1413, 2020, 2016),
  (7, 1413, 2022, 2020),
  (163, 1413, NULL, 2022),
  (4, 1414, 2016, 2015),
  (8, 1414, 2017, 2016),
  (7, 1414, 2020, 2017),
  (23, 1414, 2024, 2020),
  (86, 1414, NULL, 2024),
  (131, 1415, 2015, 2012),
  (40, 1415, NULL, 2015),
  (129, 1416, 2022, 2018),
  (6, 1416, 2025, 2022),
  (18, 1416, 2026, 2025),
  (158, 1416, NULL, 2026),
  (44, 1417, 2012, 2009),
  (126, 1417, 2015, 2012),
  (150, 1417, 2017, 2015),
  (174, 1417, 2018, 2017),
  (188, 1417, NULL, 2018),
  (110, 1418, 2019, 2017),
  (62, 1418, 2020, 2019),
  (153, 1418, NULL, 2020),
  (72, 1419, 2012, 2011),
  (100, 1419, 2013, 2012),
  (107, 1419, 2014, 2013),
  (101, 1419, 2017, 2014),
  (5, 1419, NULL, 2017),
  (56, 1420, 2016, 2013),
  (176, 1420, 2020, 2016),
  (138, 1420, 2022, 2020),
  (130, 1420, 2025, 2022),
  (67, 1420, NULL, 2025),
  (111, 1421, 2009, 2008),
  (65, 1421, 2010, 2009),
  (177, 1421, 2013, 2010),
  (134, 1421, NULL, 2013),
  (124, 1422, 2018, 2017),
  (135, 1422, NULL, 2018),
  (121, 1423, 2013, 2011),
  (63, 1423, NULL, 2013),
  (13, 1424, 2016, 2015),
  (139, 1424, 2018, 2016),
  (53, 1424, 2022, 2018),
  (190, 1424, NULL, 2022),
  (55, 1425, 2009, 2008),
  (108, 1425, 2011, 2009),
  (74, 1425, NULL, 2011),
  (133, 1426, 2019, 2016),
  (176, 1426, 2021, 2019),
  (111, 1426, NULL, 2021),
  (81, 1427, 2023, 2019),
  (42, 1427, 2026, 2023),
  (152, 1427, NULL, 2026),
  (140, 1428, 2013, 2009),
  (169, 1428, 2015, 2013),
  (42, 1428, NULL, 2015),
  (67, 1429, 2019, 2015),
  (96, 1429, 2023, 2019),
  (61, 1429, 2024, 2023),
  (122, 1429, NULL, 2024),
  (79, 1430, 2013, 2011),
  (3, 1430, 2015, 2013),
  (51, 1430, NULL, 2015),
  (18, 1431, 2022, 2018),
  (184, 1431, NULL, 2022),
  (68, 1432, 2014, 2011),
  (138, 1432, 2016, 2014),
  (132, 1432, NULL, 2016),
  (64, 1433, 2011, 2008),
  (168, 1433, 2014, 2011),
  (146, 1433, 2017, 2014),
  (118, 1433, NULL, 2017),
  (182, 1434, 2020, 2017),
  (119, 1434, 2021, 2020),
  (135, 1434, NULL, 2021),
  (169, 1435, 2019, 2018),
  (189, 1435, NULL, 2019),
  (26, 1436, 2018, 2017),
  (146, 1436, NULL, 2018),
  (126, 1437, 2014, 2013),
  (46, 1437, NULL, 2014),
  (138, 1438, 2023, 2019),
  (96, 1438, NULL, 2023),
  (23, 1439, 2011, 2008),
  (64, 1439, 2013, 2011),
  (146, 1439, 2015, 2013),
  (170, 1439, 2016, 2015),
  (153, 1439, NULL, 2016),
  (84, 1440, 2014, 2012),
  (174, 1440, NULL, 2014),
  (148, 1441, 2009, 2008),
  (80, 1441, 2012, 2009),
  (82, 1441, 2013, 2012),
  (41, 1441, 2017, 2013),
  (9, 1441, NULL, 2017),
  (12, 1442, 2019, 2017),
  (167, 1442, 2022, 2019),
  (113, 1442, 2023, 2022),
  (126, 1442, NULL, 2023),
  (148, 1443, 2019, 2017),
  (52, 1443, 2021, 2019),
  (9, 1443, NULL, 2021),
  (60, 1444, 2013, 2012),
  (87, 1444, 2015, 2013),
  (115, 1444, 2017, 2015),
  (59, 1444, 2020, 2017),
  (148, 1444, NULL, 2020),
  (120, 1445, 2014, 2012),
  (121, 1445, 2018, 2014),
  (13, 1445, 2019, 2018),
  (150, 1445, 2022, 2019),
  (99, 1445, NULL, 2022),
  (19, 1446, 2019, 2018),
  (37, 1446, 2021, 2019),
  (82, 1446, 2022, 2021),
  (3, 1446, 2024, 2022),
  (108, 1446, NULL, 2024),
  (168, 1447, 2015, 2011),
  (99, 1447, 2018, 2015),
  (155, 1447, NULL, 2018),
  (67, 1448, 2014, 2012),
  (10, 1448, NULL, 2014),
  (167, 1449, 2022, 2018),
  (35, 1449, 2023, 2022),
  (18, 1449, 2027, 2023),
  (95, 1449, 2030, 2027),
  (104, 1449, NULL, 2030),
  (54, 1450, 2022, 2019),
  (91, 1450, NULL, 2022),
  (149, 1451, 2012, 2008),
  (153, 1451, 2016, 2012),
  (31, 1451, 2019, 2016),
  (21, 1451, NULL, 2019),
  (51, 1452, 2021, 2018),
  (165, 1452, 2022, 2021),
  (74, 1452, 2023, 2022),
  (85, 1452, NULL, 2023),
  (129, 1453, 2021, 2019),
  (145, 1453, 2022, 2021),
  (30, 1453, 2026, 2022),
  (29, 1453, 2029, 2026),
  (66, 1453, NULL, 2029),
  (23, 1454, 2022, 2019),
  (18, 1454, 2026, 2022),
  (176, 1454, 2029, 2026),
  (94, 1454, NULL, 2029),
  (46, 1455, 2011, 2009),
  (146, 1455, 2013, 2011),
  (149, 1455, 2017, 2013),
  (88, 1455, NULL, 2017),
  (98, 1456, 2009, 2008),
  (166, 1456, 2012, 2009),
  (140, 1456, NULL, 2012),
  (28, 1457, 2012, 2011),
  (183, 1457, NULL, 2012),
  (191, 1458, 2011, 2010),
  (36, 1458, NULL, 2011),
  (67, 1459, 2011, 2009),
  (86, 1459, 2012, 2011),
  (38, 1459, NULL, 2012),
  (11, 1460, 2021, 2019),
  (49, 1460, NULL, 2021),
  (119, 1461, 2009, 2008),
  (67, 1461, 2011, 2009),
  (171, 1461, 2012, 2011),
  (27, 1461, 2014, 2012),
  (20, 1461, NULL, 2014),
  (185, 1462, 2016, 2013),
  (158, 1462, 2020, 2016),
  (152, 1462, 2022, 2020),
  (116, 1462, 2026, 2022),
  (68, 1462, NULL, 2026),
  (47, 1463, 2014, 2010),
  (39, 1463, NULL, 2014),
  (163, 1464, 2009, 2008),
  (9, 1464, 2010, 2009),
  (183, 1464, 2011, 2010),
  (57, 1464, 2013, 2011),
  (42, 1464, NULL, 2013),
  (176, 1465, 2022, 2019),
  (40, 1465, 2026, 2022),
  (87, 1465, 2027, 2026),
  (168, 1465, 2030, 2027),
  (185, 1465, NULL, 2030),
  (82, 1466, 2016, 2013),
  (87, 1466, 2018, 2016),
  (5, 1466, 2019, 2018),
  (180, 1466, 2022, 2019),
  (76, 1466, NULL, 2022),
  (55, 1467, 2016, 2013),
  (87, 1467, 2017, 2016),
  (21, 1467, NULL, 2017),
  (173, 1468, 2016, 2012),
  (20, 1468, 2020, 2016),
  (33, 1468, 2021, 2020),
  (28, 1468, 2022, 2021),
  (18, 1468, NULL, 2022),
  (98, 1469, 2017, 2016),
  (164, 1469, 2018, 2017),
  (167, 1469, 2022, 2018),
  (86, 1469, NULL, 2022),
  (9, 1470, 2011, 2009),
  (143, 1470, 2014, 2011),
  (34, 1470, 2017, 2014),
  (157, 1470, NULL, 2017),
  (136, 1471, 2019, 2016),
  (103, 1471, 2022, 2019),
  (170, 1471, 2025, 2022),
  (169, 1471, 2029, 2025),
  (83, 1471, NULL, 2029),
  (171, 1472, 2014, 2012),
  (9, 1472, NULL, 2014),
  (176, 1473, 2018, 2015),
  (128, 1473, 2021, 2018),
  (147, 1473, NULL, 2021),
  (173, 1474, 2019, 2018),
  (99, 1474, 2021, 2019),
  (167, 1474, 2022, 2021),
  (130, 1474, NULL, 2022),
  (148, 1475, 2012, 2011),
  (70, 1475, 2013, 2012),
  (121, 1475, NULL, 2013);